# Resource object code (Python 3)
# Created by: object code
# Created by: The Resource Compiler for Qt version 6.7.2
# WARNING! All changes made in this file will be lost!

from PySide6 import QtCore

qt_resource_data = b"\
\x00\x01[\xe1\
\x00\
\x06C\xe6x\xda\xec]\x07xUE\xd3^TT\xc4\
\x82\xa2\x80\x22\x88\x94\x0f\xec\x05A\xc5\x0e\x0a\x8a\xa0\xa2\
4A:H\xaf\xa1$\x84\x92\x84\x00\x09\x09\xe9!\xbd\
\xf7\xde{\xef\xbd\xf7\xde{\xef=\xef?\xe7\xdcKH\
 \x09A\xb0|\xdf\xef>\xcfUr\xef9[f\xa7\
\xbc\xb3;;\xcb\xd88\xf68\x9b4\x89\xd1\xffg\xb1\
}\x8f0v\x8516m\x9a\xe0o\x99\x09\x8c\xd5\xd3\
w\xb3f\x09\xfe\xb6\xa4\xe7N?\xcd\xd8\xbb\xef\x0a\xff\
\x9e\xc7\xd8\xccW\x18\xfb\xf2K\xc1\xdf\x0b\x962\x16\xfe\
5c\xdb\xb7\x0b\x7fW\xa3\xf7\xa9B\x09\x09\xe1\xef\x8f\
\x8fc7\xa6\x8fc\x5c\xe1\xff\x9e\xf5\x08\xf3\x9f\xf3\x10\
[@\x7fS\xd5\xf4\x8d\xe0{\xae|\xf9\x08\x1bky\
H\xce\xf8\xed\x0f\x1d\x02\xf7\xfej\x17\xb0{\x83\x94\xce\
\x9c\x85c}\xd1=\xfc\xc2\xf9\x82\xf2\xf0\xf2\xce\x9e:\
\x00\xbd\xfc\xa7\xbd\xab\x1a\xb9\xa5\x81\x85\xf6\xfe\x87\x8e\x8f\
\xf4\xde\x9b\xbf\xb2\xa9Y\x05\x8e\xb9\xb8K\x89M\xd7\x8f\
\xa3\xc7\x9f\xbc\xed\xf5G\xd3\xf3\x1c\x8a\xb8\xdfk\xbb\xfa\
\x91RW\x8f\xf6\xfe~\xfe\xf9\xfe\xbe>4\xb6\xb4\xa0\
\xb1\xb5\xad\xbf\xbaWPGd\x8aF\xe2\xe0\x97\xfd\xa2\
/\xcaq\xdf\x9f\xf7\x0a\xc2NO\x7f\xfc\xe0\xe2\x0d\x9f\
\xaa\xda\x816\x0dB\xc2\xb1\xc6;\x08\x1bC\xa2\xe0\x9f\
_\xce\x7fg\xed\xb3\xfd\x14\xf7\xee\xbb?\xb1I\xe55\
\xb1m\xdcw\x16I\xa9\xb8\x18\x1c\x8e\x0d\xa6V\xd8\xe3\
\x1b\xc4?W\xdf\xd9\x89=\xae\xde\xf8\xc9\xda\x11+\xcd\
m!\x11\x16\xcdw,\xbf\xd4\xab\x92\xeb\xb7\x8e\xe3\xf2\
\xb5@\x0fZ\xa9oI\xe5\x158\xe7\xea\x09\xf9\xd0H\
hg\xe4\xa0\xb8\xb9\x05\x85\xf5\x0d0L\xcd\x80[Z\
\x06D<\xfd\xe0\x9c\x9eE\xdfw\xa2\xad\xbb\x122\x86\
3>\xf7\x8c\x14=\xcf\xd5\x97^Q\x0d\x1d_\x7f\x98\
\xc7&@+&\x1eZ\x11\xd1\x08\xcc\xc8\x82{^!\
N\xc7&\xe3|P\x182KJa\x93\x92\x8e\xec\x86\
Vz\xa3\x0f\xa6\x9ek\xf6\xdd|\x9f\xeb\x94L@\x08\
\xd6ijC\xd1'\x0c\xc6\x09)X\xee\xec\x05\xbd\xdc\
\x02\x94\xd7\xd6\xf1\xef\xffd\xe7\x02\xbb\xdcB!U\xfa\
`L\xef\x1b:\xaf\x5c\x0ft\xd1\x08\x00\x97\xa2R\xe8\
\x07\x05b\x93\x99=<\xa8\x1dez\xd6\xa1\xac\x12\xa1\
\xd4gK\xfa\xbfRz&\x9c+\x05t\xed\xea\xa9\xc2\
%\x9d\x97\xbf\xfc~?{6\xa7<\xb2\xa3\x9d\xbe\xd3\
\xa16\x7f\x0f\x8d\xc1\x8fa\xb1H\xa9\xa9CfS3\
\xaa:\xba`E\xe3\xff\x82\xe6F\xae\xb8\x12\x1e\xf9\x85\
<\xfdR\xf2\xdd\xaa\x89~\x8fqs\x10\x1c#\xa5\xc8\
M\xadgY\x0d\x1c\xf2\x8b\xf8w\xfb\x07\xf1LSo\
\x1fN'e@5\xaf\x18\xcay\x15<Wz\x04\xee\
\x11\x1b\xc4\x02\x8fg\x16\xb8\x94\xdf|\xbe\xb7\xb7w(\
\xd3q\xbc\xd4\xdf?Peh\xaav\x1a/V\x83\xca\
\xaa}lzZ\x9es\xf1\xdd\xf87)\xc38u\xd6\
\x97\xbch\x0eW\x1e\xf6\x8a\xba$]T\x11]\xd3\xd3\
\xdf4\xf0NWo=\xf2JC\xca\x1d\x02O\x88\x8d\
Q\x0c\x1fU\xb3[\xf2\xb9S\xc8\xb1\x9d\x8e\x81Gv\
\x5c\xb7xs\x09'\xd3\xecO(\x9c\x9e\x99\xc6\xc9\xc1\
 =\xb3}\xc2}U9N(\xdfO>\xa8>\xbe\
\xb6\x89\xbd\xa2\xef\xf4\x93X`\xdcu\xff\xe4\x5c\xbb\xa2\
\x9cb\xef\xda\xac\x22\xcf\xda\x84,\xcb\x02\xdf\x98+\x1e\
\xaa\xd6\x9f\x1fes\xd8\x94?P\xf5$S\xafm&\
%5\xe1w\x9bv\xa4\x178C\xc3~\x85\x12\xbd3\
&-\xbc\xf5<\xfb82E\xbb\x0d\xf7X\xbc\x22%\
\xca\xde\xdd\xc4\xe6\x8dV\xf7v)\xf6Y~\xa5\xc7\x00\
w\x0b?BV\xef\x1f\xa9\xea\x81\x1f\x82\x13\x94\xfb\x17\
oe\xff\x19\xae\xee\x17V\xb2i\xd1i\xba\xfcs\xa5\
\xad\x1d}ym\x1dH.-\x87ma1\xea\xba\xba\
\x07*\xeb%\xbd\xdc\xdc\xda\x8a\xcc\xd22T\xd6\xd7\xa3\
\x98\xf4\x5ct]\xe3@_<\xc2\xc58\xf9~\xfc\xf6\
\xfa\xad}wx\xdf\xec\xcfofV\xd8\x1f\x10\x06\xd5\
x\xd2U^\x81P\xabi\xb8\xa3\xd3\xf2\x1e\xde\xd8O\
\xfa\xf7XN!\xf6D'\xc273{\xe075\xdb\
%Z\x83\xeb\xde\x22\xc1>h\xef\xcb\xe2\x7f\x0b\xc9/\
\xe8_rC\x17\xeb\xed\x5c\xb1\xc3?\x0c\x8bd\x15 \
\x1d<t\x9e\xc3K\xca\xb0BS\x1f\x8b\xed=\xb0*\
<\x1e\xcb\x8d,\xf0\x9b\x93\x07j\xdb\xda\xf81d\x97\
:\xe0\xed\xcd\xec\xe5\x9b\xf5[\xfan6\xb8\xf9.\xa7\
\xd7#\x89.1%\xe5\xd8C6\xe7\x8a\x8b\x07\xde\xb3\
q\x81r\xa6\xc0\x04v\x11}\xb4\xe2\x93\xb1\xca\xc9\x0b\
r\xde\xfe\xf8L]\x07\xd7B\x22\xb0\xdb7\x18IU\
5\x03}P\xb4x\xfb\xe2M\x9b\x1d\x95\xa6S$\xa0\
m?\x1a\xe8c\x9a\x90\x8c\x9f5\xf5\xb0\x8dl\x8fq\
\x5c\x22\xe4\xd3s \x15\x9b\x84\x86\x8eN\xfe]\x93\xf8\
$\xc4\xd3\x18\xc2s\xf3\xb1\xd6\xc2\x0e\xcbLm\xa0\x15\
\x16\x89\xf8\xeaZ\x94\xd77B0\x0f\xa7\xa3x;\xb7\
\x91\xcd\xca.\xf6\xe5\x15ccW\x17L\x83C\xd1E\
Z;\x9e\xe6O!,\x0a\xba\xb1\x89\xc8\xaa\xa8D0\
\xd9\x8b\x9e\xeen4\xb4\xb4b?\xf5U6-\x0b\xe6\
\xa4\xffk\xe9o_j'\xae\xb8\x14q\x05\x85\x08-\
.\xe3\xeb\x8f\xcb\xd0\xab\xa5\xea\x9f\xd8*\xcd\x16\x97\xd7\
\xc6\xf3\xdf\xb5\x12\x9f(x\xf8\xe0\xaa\xa3+\xf4B#\
\xa0At\x97\xa3~\x9dp\xf3\x86\xaco \x8222\
y\xbb\xa6\x97\x9d\x8f\x83\x91qX\xed\xe4\x09\x9d\x80 \
\xb447C-*\x0ezIi\x03\xf4I\xc9\xb5\xed\
|\xee;\xf6\xf2\xaeA\xf5w\xf5\xf4\xa0\xb8\xa1\x11\xab\
u\x0c\xf1\xaa\x94,$=}\xa1\x1e\x16\x8f\xa0\xd2\x0a\
\x9c\xa7\xb6\xe6\x1bZ\xe2tP8zh\x0e*\x08K\
\x5c\xf1\x0f\xc2\x22C+\xac\xb4p\x80iZ&\xd9\xcf\
\xc6A\xf5\xdbu>\xb7\x9c\xcdX\xb4\x89\xcd\xce-\xf5\
\x1f0\x1c\xc9u\x8d\xb0),\x85\xba\x93\x0dT]\x9c\
q\xd8\xc4\x1bW\xc9~'\x10\xbd\xbe\x8fL\x84xA\
)@t\xd2\x0a\x0c\x85MM#,2\xd2\xb1\xdd?\
\x18\x06\x85\xe5hh\xef\x18\xa8?:]\xaf\x8e\xa3\x0f\
g\x1bb3tK\xb8\xef\xda\xc9\x9ee\x10\xff\xe8\xa7\
g\x13\x1e\xc8\x84\x84\xad\x136\xb9x\xe1\x06\xcd\x03W\
vE\xc6C\x9fh\x83\x8e\x0eXE\xc7\xc1\x9d\xb0\x8c\
*\xd1\xcb&\xbf\x10\xa6\xa5UHmiG{O\x9f\
p~\xcf\xc4\xdc\xe4O;\xff\xed\xc6<}\xba\xfb\x90\
C< O\xb4\xbd\x11\x93\x80w\xbdC\xf1\xb9\x7f8\
\x9c3\xb2\xd1HxF%#\x171TGYM-\
.R\xff\x97:x@\xbe\xba\x09\x0a\xb9\xc5\xd0KN\
G\x1f\xd9\xcf.A\xf5\xb8a\xb3\xf0\xd2\xcd\xfa\x0f^\
a\x1f\xb7\xf5\xe7\xa1\x8e~\xd3%\xbe\xb8\x1a\x93\x08\xd9\
\x94L\xfc\x1a\x91@\xb2\xdf\x80\xf4\xf6\xce;\xe47\x80\
\xe8?\xc5\xd2\x09\x9b\xe3\xd3a[\xdd\x80kq)\xc8\
\xad\xac\xe2\xe5+\xab\xdc\x05Kw\xb1W\x06\xcb\xb0k\
\xd0\x01\x1ex\xc5\xd55\xf5G\x12\x0eH\xa3z}\x09\
\x075\xb6\xb7\x0f\xab\xd48=\xe4ZU\x87\xd3T\xaf\
^1\xcd\x7ff>\xae\x17\xd5\xf3\xf5\x1b9-3\xbc\
]\xff\xcc\xfd\x99\xbd\x9c\x9ag\x8e\x01\x10D\xa5\x87\xc6\
\xdb\xd4\xd95l\xfd\xed4\xc7\xed\x1d\x1dw\xe8Q\x9f\
\xa8\x8b\x8dT\xdd\xc4\xe1t\xe8^Y\xf6MY}\xe0\
\x1d\xfa\xb9\x7f$\x85|\xdb\x9f\x89\x99:\xf8\xfa\x10{\
k4\x1b\xb0\xf72[\x16\x93n\xd4{\xaf\xf6\xc5/\
F\xa6\xee\xf3\xdfG\xaf{\xa0\x90M\xb5\xf6\xddk_\
\xd3\x9cp\xd7z\x0b*|\xa1\xeb\xfc\xa3\x8e\x90\xd7\xef\
\xa9|\xf9;[`\xe4\xba\xf1rh\x92zDz\xbe\
KenI`[N\x89\x7fkj\xaecY`\xbc\
|\x90\x8e\xe3\x8a\xb3/\xfd\xc8f< 8\xf1\xe8\xc4\
el*\xfb\x8c\xbd0V[\xfeW\x94\x05B_\xef\
\xcbA8Lb\x12\xfbo/\x93\xf6\xcb\xb0\xef\x14-\
?\x107r]\xa3g\xeb\xbf\xd5\xdc\xc6g\xb3\xb9\x9e\
\xd3*m\x19\x93\x05'\xb7K\xf0\xc3\x9d\xf0\xa0\x1b]\
#\xca\x96\xea:\xafv\x8bH\xd1\xeek\xeb\x19\xc9%\
\xedA}{\x12\xfcce\xdb\x95-\x17\x9b.\xde\xc9\
\xde\xb9\xdfv_X\xc1\xe6\xea8\xad\x0c\xacn\x8d\xb8\
W\xb1$\x1ce\x83k\xc6oXR5\xcf\xfe\x91\xb6\
\xf7\x5ca[\xc2S\x14q\xbf\xc5.`\x7f\xfb\xb7\x87\
\xf8y\x19s9\xa98Q\xac\xa6=h\x04\xb5v\xef\
%6G\x05\xeb\xc5\xd9/ci{\xbf,\xdbW\xdf\
\x156j\xdb\xf7\xd8!\xfe\xf1\xb8\x5cE|{\x84-\
\x1b\xad\xed\xa5\xbf\xb3\xf7S\x8a\x04X\xb9\xa7\xaf\xbf?\
\x88\xb0X6\xe1\xe5\xa8\x9az\xd8GFC\x91\xf0C\
ns\xcb\x1d\x0dT\x91MlhjB\x18\xd9\xfe(\
\xc2Rdp\xa1Kv7\x980GwO\xcf@\x1f\
l\xfcv\xf4\xb3\xf7x=5l1v\xfb%\xfff\
\x9f;\xc8Nm4\xb5\x828ad5\xb2\xefg}\
\x02\xf1\xa1G\x00$\xca\xaa9\x87x\xd8\x81n1\xb6\
\x80\xa8\x8b'Ts\x0a\xb03-\x07r\x99yH.\
*A]c\xe3@\x1fdL\xe6\xba\x0f\xd7\xf6\xc1k\
lw/\x0a\x07\xea\xbaD\x18\xf7\xc9\xd3\xe7\xb1H\xd7\
\x14r\x84{5R\xb3\xf0\x99\xa19\xc4\xab\xea\x87m\
\x9b\x1b\xff6\xc2o\x1f\x9a\xdabUv)\xd6\x87E\
\xe3-zw\xa3\x9b/2\xca+\x06\x9e\xcb\xad\xb2\xc2\
\xf7G\xd8\x92;\xfd\x88\xad\x85\x83\xeb\xbb@\xe3U\x22\
\xac#\x13\x1a\x89e\xf6n\xf8\x82\xb0\xf0k\x07\x8e\xe2\
GE5\xc4TT\x0di\xdb\xbb\xbc\x1a\xbf\x98Zc\
\xae\x86\x01\xd69{a\x03\xf9\x1e?\x10N\x17'\x0c\
\xbf\xca\xca\x11\x0a1C\xed\x9d\xa2\xf9\x1b\xde\x83\xdb^\
}\x94-*k\xf0\x1d\xf8=\xab\xaa\x1a\xf5m\xed\xbc\
?P\xd9\xd4\x0c\xeb\xcc\x1c\xc2\x9a\xf6\x88\xc9+\xc0r\
\xbf0\xcc\xf0\x0cB\xc5 \xcc\xe9QX\xc2c\xfb\xcf\
\x5c|\xe0\x97\x9a\x8e\xa5\xd2\xb2XM}\xb6\x8e\x89\xc7\
v\xf2\x87\x02\x09\xefU\xd7\xd5\xf1\xd8\x86+\xfeq\x92\
x\xeaK\xf6\xfc\xcd\xf6\xa5\x0d_\x92$\xf0y\x0b\xa3\
\xd0L\x95\x13\xe6<\xe7\xe5\x87\xb5\xda\x06\x90rp\x81\
dh\x14\xc2\xb3sq\x8a\xf8as`\x04a\xb5\xa4\
\x81\xe7+\x88\xf6\xd2>\x01\x88+)El~\x01\x0e\
\xda9c\xc1\x0d}|O~\x86\x82\x9b'\xe4\x933\
\x90RV\x81\x9e\x1eA\x1b\x8d]\x09\xd8}\x95m\x18\
\xe0;\xf7\x9f<\x07\xd3\xc75+\x17E4\xbe\x94\xca\
*\x1c#\xcc\xff\xb6\x82:\xde\xd77\xc79\xf2\x01\xc8\
\x97B\x16a\xd1\xac\xea\x1a\xb4\x12\x8f\xb6\x10\xcer\xa3\
1\xaf\xa5>\xa1\xbf\x0f\x9eEe\xf0%\xb91OJ\
\xc5a\x9aCO\xfa\x8d+5--\xb0\xa1\xef\x04\x9c\
\xdb\x8d+\xfaS\x95o\xb6\xef\x1cr4cp\xfbN\
\xf1\x89\xd0\xb4\xb5\xbb\xf5\x05\xb5S\xdc\xd8\x84\x00\xf2W\
\xc2\xb2sp%8\x02!Y9$g}\xe4;u\
\xc0\x9c\xb0\xebjK{|\x16\x9d\x04\xa9\xa00\x84\x92\
\x1cr\xa5\xa8\xb6\x0e\x9e9\xf9\x08HK\x87vT,\
\xaa\x06\xf9\xbb\xeav\x9f\xb8\xdd\x5c\xdf\xf0\x8e\x92\x18\xc2\
{\x16\x89)8ca\x83C\xc6\xe68hf\x8d\xdf\
\xcdmp\xd8\xce\x09\xa2\xe4\x0f\xfch\xeb\x8c36\x0e\
0KJ\x81Yd\x0c\x02\xc9\x7f\x95(\xaeB\x02\xf1\
\xf8\x9e\xa0\x08\xfc\xec\xe1\x8f\x9f\xad\x1c`\xe2\xed\x83^\
\xea\xb7\x06=\xb3\xd77\x04emC\xf1\xae\x81\xeb\xca\
\xd0\xe1\xda\xef\xa4wJh\xac\x91\xe4\x9fO:/\x8d\
\xa7.\x5c\xc5\xaf\xc4{\xea\xe1\xd1\x90\xa3\xba\xa2*k\
\x10G~\xdd\x06'w\xbcnf\x8f\xcdV\xf64\xef\
\x02\xdf\xad\x94\xe6L\xc2/\x10\x8bu\x8c\xf1\xb5\x95\x13\
\x96\x9aX\xc3\x9c\xe62\xb4\xac\x12\x95\xedC0/\x0c\
]\xbf\xbf\xd9>s\x09\x15\xc9\x1c\xfc[\x17\xf9\x93%\
\xa4\xe7\x9cR3 cm\x099[kXE\xc4\xe2\
\xbcy(4#b\xa0E\xfe\xe3vj\xff\x03w\x7f\
l\xcd/\x15\xe0E\xe2\x15\xf3\x88h\x04\x91\xbf\x19V\
^\x85\x8f\xed\xdc\xb0\x8d\xfch\xb3\x8c\x1c\x94\xd4\xd4\xdd\
\xa1/4\xec?\x1f\xd0C\xa6\x1e\xbf\xf8\x0cLu\x7f\
?*\xa8m\xc9\x94,\xa8R\xdd:^.\xd0qw\
\x82\xb4\xab\x17\xd6\x99\xbaa\xaf\x91\x19\xeaI\x96\xb85\
\xc0\xaf\xd3\xf3\xb06@\xb0\x06\x10@\xfc\xa0\xee\x1b\x84\
Ce\xb5\x08 \x1a\xda\x86x\xe3\x0a\xc9\xed\xd9\x82\x0a\
\xd8\x90~\x18Z\xbaq\xd5h\x9a\xea\xcd\xf6\xaf\x1a\xce\
\xb8\xc2\xad\x8b7\x11s\xde\x5c\x13I'\x1e\xb7'?\
\xc56+\x8fh\x1f\x83\x8d\xe4\xef\x1f#\x1eR\xa39\
(\xa7\xf9\xe9%9\xf8\xca3\x00\xaa4>\x81\xefS\
\x01\xcb\xd8x\x14\x95\x95A\xbb\xbc\x06G\x933\xe1]\
Q\x8d\xe8\xea:\xf8\xd66\xa0\x9a\xe4\xa4J8\x07\xcd\
\xddI\xd8+\xc3~\x1b\xc07'\xd9\xc7\x15\x8dA\xe0\
V\x189_\xbd\x9d|:\x8d\xe8x\x5c$\x1d\xeaE\
2/O>\xdd\x14\x9fp|\xea\x11\x08\x9d\xf0(d\
\xb7\xb4\xa1\x80|\xbd\xefCb`]\xdb\x88^z\xde\
\x9b\xe4\xecBH\x14>\x22\x1bq\xbd\xa0\x0c\x01m]\
P _N\x84\xbe\xab\x16\xda\xacF\xa1O\x14\x96|\
\x15S8\xcc<\xa8\xd8\x07\xee\xe6\x99\xa8\x9c\xfc\xc8\x92\
\xe6V\xf8\x16\x95\xe2Zl\x12\x0ex\x05`Fh<\
>\x8eJ\x81cq9\x02H\x97\xb5\xf5\xf6\xddB]\
}\xfd\xbc\xd3\x95^[\x0f9\xd2\x81S\xa4\xe5\xf1\xba\
w\x08\xceW6\xe0rA9t2s\x91L\xfc\xca\
\xf1T\x8bP\xfcT\xad\xdf\x0b\xbc]\xff\x1fS|\xec\
0YRp+\xe1z4\x96C\x11q\xb8\x9e\x90\x8a\
\xb2\x8eNH\x93_\x9a^X\x84V\x9a\xf3\xa4\x8e\xee\
\x11\x0d}\x1e}6\xe6\x96b\x96W\x08\xbc\xc8\x87\x0c\
&\xda_NL\x87RH\x04\xaf'\xbay\x19q\xc6\
O'\x87\xc5C\xe3\xac\xbc7\xf14h\xe8E?\xb7\
\xd6\x9fIt\xcenj\x81uJ:\xa2\x8aKQ\xd9\
\xd2:*\xd0h\x22[Q\xd1\xda\x0e)\x92\x15\xa9\x8c\
<H\x93\xff})\xbf\x0c\x9b2\x8b\xe0\xd8\xd0\xc3\xdb\
_%\xf37\x02F\xb2\xff\x9c]\xcc\xab\xb4\x1a\x16\xe6\
T\xb7\xb6\x92\xde\xee\x1e\xbd}\x9a\xdf\xa2\x86\xa6\x111\
\x90k\xd8!L^\xca\xa6\x8f\x86\x81\x8e*<v\xaa\
\xad?\xe9\x81a\xbf\x9bud\x96\xea\xe1\xc73l\xf5\
X0\xe0Y\xb5\x17\xae\xb4\xf4&\x0cz\xbf\xff\x8f6\
\xcb\xff'\xbd\xd4\x10\xdb$\xd9\xae{\xc1\xc0\x87\xe5\xd8\
\xa1\xa4|\xfd\xfb\x1e\xbcK\xc8I\xac9\xc5V\xfd\x11\
\x1f\xe0\xfd\xad\xecmc\xf7\xf5q-=\xa9\xf7\xdcn\
I\xbd\x17\x94\xac\x16{\xb0\xf9\xec\xa5\xfb\xf5\x83\xc8\xaf\
\xfb\xc9\xc4}SHb\x8e9i\xc9\x8a\x11\xdbl\xef\
\xcbCH\xa2*\xe9\xf6\xa5.\x84\xb5?}\xd0~\xe0\
\x13\x9f\xb0\x97N*\xb3\x8d7l?\x97\xb3\xf4\xden\
\xed\x10p\xc0\xc7.\xe0\x80\xb7\xa9\xe7\xaf\xe6\xca\x96\xef\
K\x1f\x90#\xfez\xe6\x8f\xf9[\xff_\xcb\x02\xe1^\
\xd1\xf6\xc1\xeb\x14\xf3\xfe\xa5\xcb\xbd\xb0\xa5p\xddp\xe2\
p\xfb#\xff\xa4\xf2\xcaj\xf6\xea\x0e)\xb6[\x5c\xf3\
i\x03%\x8b\xf7\xa3\xf5]~\xac\xb0\xf4\xde\xdc\xe2\x18\
\xbc\xab\xc5>pG\x8b\xa9\xc7\x86f-\x87\xe5\xc5\xb2\
&\x0b\x82N\xa9>\xa4\xb2Q\x9c\xad\x19\xcd_\xfd\x8b\
\xcaS;\xa4\xd9\x119\xd37\x12\xdd#N\xa2\xb8\xce\
\x9b\x94z\xdd]\xf5_g\x7f\x112\xcb,`\xe2\xb1\
\x11\xe7\xb5\x9e\xf3\xfdY\x8c\xad\xfd\x8b\xfb\xfd\xf8\x9e\xcb\
\xec\x8a\x96\xfd7]\xa5\x8d>\xf7iE\xda\x90P\xa0\
\x0eY\xe3\xff\x94l8\xc7v\xfc\xd9\x1d'|\xb4^\
\xc1\xfc\xdd\xa6\x9a\xb6\x10<\xe8\x92X\xa8\x0cq\x8d\x89\
)\x1f\xef\x22\xce\xfa\x13\x0a\xd9\x00\x93\xc8l)\xfcI\
E\x08D\x1a\xc8\xbf[\x81M\xe7\xd9\xc9\x07\xd6\xf1\x99\
\xec\xd9s\x9a\xcf\xa6\xd6u\x84\xdc'\xee\x19\xfb8\xa2\
r%\xb1\xef*3\xbd\xef\xbe\x93\x8e\x90\xd4}\xb9\xa2\
\x17\xc5\x7fE\xdf\xa9\xe6[\xd8.\xab\xd2\x00\x07d\x99\
\xeb}\xf4~\xc2E\xdd\x17\x0a\xfaP\x8e?\xb3\xf4\x8f\
\xf2uV\x95\x1e\xf6\xca2\xeb?\xd2\xf9\x13J\xe3\xfc\
[z\x93\xee\x16+p\xcb\xf3\xed\xed\x1d\xf19\xee\xfb\
\xb6\xf6v~\x9d\x8a\xf3\xd7\xeeZ\xd7\xa0\xb5\xcd\xa8\x9c\
s\xd8*\xc1$\xee\x09WJ1\xd1\xacJ\xed!u\
zd\xe7\xe1R\x94`_xsx\x02\x8a\xc8\x073\
\xf1\xf5\xc72\x1dc\x88u\xf5A\x97\xfcq\x8c\xd0\xff\
>\xeaw\x5cF&\xdf\xaf\xe8\x94\x14\x04&&A'\
,\x12\xd9\xc5\xfc6-.\xfa\x06\xe1\xa3\xa0\x18\xc4\xd5\
7\x22\xafa`mv`\x0c\x16\x01\xcb\xb0Jdl\
\xb8u\xe1\x066\xc7\xd4{\xf9\x1d\xd3{\x99|\xf5\xb3\
\xfe!H\xaa\xa9\xc3\x07\xde\xa1\xc8\xa2\xb6\xbe\xb5s\xc5\
!skL2w\x84\x03\xf9\xa4\xedc\xa0\xad\x7fJ\
\x1a\x1e9}\x11\xebL\xad\x11_U\x0d\xdb\xc2\x12|\
g\xe7\x02\x9f\xc6\x16\xb8\xe7\xe4\xa3\xb5\xb3\x93o\xb6\xab\
\xbb{PTT=\xe9\xd6'*n\x8f\x85\x1a\xae\x9c\
R}\xd8\xaf\x07%\xc2i\xbfEOq7/<~\
H\x04?S[R\xb1\xc90MN\x87Hz\x1e*\
JK1;8\x06\xf3\x1b\xda!A\xbe\xf9\xddJn\
y\x05t\xc3\xa3q\xca\xda\x1e'\xe9\xf9\x85\xb1\xe9\x90\
\xa0fV\x90/\xfc\xae\xb5\x0b\xae\x06\x85\xe1\xbc\xbd\x13\
\xf2kj\x87\xbc\x97\x5c\xa2\x84\xadR\xec\xec\xa8\xeb\xf4\
\x87\xd9b\x9f\xf8\x83w\xb4y\xdc\xc2\x06\xd3U\xb41\
\xef\xac\x04&]U\x82fz\x0e.\x04\x87C&\xa7\
\x08\x97,\xac1YF\x09\xd7[:G\x94\xc9\xc1\x7f\
+;\xb9`\x8a\xe8E\xbct\xc3\x00+C\xe3\xb06\
\xbf\x12\xbb\x03B\xb0B\xf9\x06\xbe6\xb1\xc6k\xee\x81\
\x08*,F\xcd0\xfb\xcc2\xc63\xbb\xd9\xdb\xc3\xef\
%s\xe5\xb4\xea\xc3\xee=\x03\xfa\xe6V\xab\xfc:\x8f\
\xa2&\xcc\xd22q\x89xh\xba\xba>\xde\xd06\xc2\
\x86\xf8\x0c\xcc9y\x16\x1f\xfc\xbe\x1fGu\x0d\xa0\x1b\
\x182\xe2\x1e@:\xf9\xff\x1f\x91\xac\xec0\xb6\xc0;\
\x06\x16\xf8\xc4\xd8\x1a\x87\x123\xf0cR\x0e\xde4\xb5\
\xc3\xcfz&\xf8I\xd7\x08\xb2~A\xd8bb\x09\x0f\
\xe1\xfa\xec\x909(V\xe5\xfce\x91\xe1\xfa>k%\
\x9bf\xe2\xf9\xfd0\xfb\xea=|L\x89SF6\xba\
\xa8o\xdc\x9adLu-\xd6{\x0a\xd6C_\x13\xbd\
\x80\xe3\x8en\x98|R\x1c\xec\x9a\x1a\xec\xeb\xee\x5c\xa7\
h&\xb9x\xd3\xd5\x0fz\xb1\x09xG\xcb\x10OY\
\xb9\xc2>:\x0e'\xac\x1d\xf0\xe9\xa1\xa3X\xe7\x19\x00\
n\xb5\x8f\x8bu\xf9\x88\xc6\xf5\x8c\xb3?\x1c\x8bJ\x87\
\xa1B\x0ba\xbe'\xf3\x86\xeb\xff6)v$\xbf\xc6\
fh\xcc\x01\xf5\xd7\x92\xdal\xef\xeaFU{'t\
c\x12\x90\x5c\xdb@\x0a\xae\x0bb~\xc1X\xe9\xeeO\
\xf3\x11\xcc?+\x97\x92\x89\xd7\xea\xda1Q\xcb\x98_\
\xa3\x1d\xb2\x07\xd2\xda\x86X\x1awku\x15\xf6\x86\xc6\
`\x85\xbd;?O[\x0cM\xf1\x8b\x8e!\xa6\xaa\xea\
\xe2\x8a\x97\x1fl\xa8\xff\xbb\x22\x13\x91Z-\xe0\xfd\x8c\
\xa2bd\x94\x96\x0d\xa9\xcb6\xf8g,\xdbO\x5ct\
[9\xa7\xf5\x84O?\xee\x8c\xab\xaa\x15\xae\x0d\x19\x13\
\xbd.\x91l\xfdLs,cn\x89\xcc\xe2R\xf8\x94\
UB3>\x19\x19\xd4\x9e\x18\xf1\xd5\xbc\xe0X\xac\xb5\
q\xc2{VN\x18\xbc*\xdcL\xfa\xb0\x81\xf4\x8az\
D\x0cD\x03\xc3`\x12\x12\x866\xaa\xf7\xb0\x95=\x0e\
;\xb8\xe2c\x0d=|dh\x89\x95&V0uu\
\xc3/\xb6.X\xe9\x17\x06_\xd2U\xb5\x1dCcE\
2\xcb\x8d\xb1[\xe6\x0e9~D\xdd\xf6\xc3\x86a\xf5\
E[\x07\xf2\xa8-\xcb\xb8D\x5c#Z\xaf3#}\
I\xf27]\xea\x1a>!\x19\xf8BM\x07\x1e\x11Q\
\x88-(\xc2Vw\x01\x9ev(*C@^\xe1@\
\xe0GeO/R\x8a\x8a0\xfb\x824R*\x05k\
\xbe\xa9\x95U\x90\xf3\x09\xc0\x8d\x98x|g\xe9\x80y\
F\xd6\x10OL\xc7i;'\xc4\xe6\x17\xa2V(~\
YD\xff\xa4\x82B\xdc\xb4\x08m=y8\xad\xc6|\
\x07w\xfe\x8d\xdf\xd8\x5c\xc7\x90=w\xee\xf5\x92\xae\xbf\
\x1e\x12\x81~\xa1Lf\xd7\xd6\xe3\x06\xc9\xe8\x06\x1a\xc3\
'\xaaZ\xf8\x8c\xf4\xffB#K\x9c\xf7\xf6\x17\xc4\xeb\
\x95\x96#\xbf\xae\x01%\xa4\xd7\xd3\x84{Y\x5c\x8cQ\
\x1e\xf5\xd59.\x01\xf3\x92sQ\xd0\xdc\x8a\xce\xeaj\
$\x93\xbeW\xce\xccC\x01\xf1V\x19=oJ|z\
\xda\xcb\x1f\x864\xcf\x10\xda\x91\x16\xb2\xd9\xd9\xb5u\xc4\
\xab!\x83\xb4I?\xae\x1a\xbdT>\xb8\xff\xbf\x9ce\
+\xa2\xb2\xe4\x86\x05!\xc7\xc8>\xad?v\x02qi\
C\xf5A\x7fW'\x1a;:\x90@c\x8c-\xafD\
\x1e\xe9\xf5\xea\xe6f\xac\x22=R\xd5\xd4\x8c\x04\xe1\xde\
C+\xf5\xc5<.\x89\x8f\xed\x99\xa7k\x8a\xe3\x1e\xbe\
x74\x16\x87\xa9O\x16\xe1\x91\xf0\xcc\x12\xee\xdb\x13\
\x8f\x99\xd3\x5cd\x08\xe3\xd9\xe4\xdc<\xb1P\xf1\x06\xdf\
\x87B\xaao\xb0m'^\xe9{\xf9c\xf6\xdc\x80\xec\
J\xb2\xcdY\xe5\xe6\xc3\x00\x97>d\x91\x1dI'9\
\x8a\xa6\xf6\xfb\x88\x87\xeb\xea\xeby\xf9\x8d\xcb\xcbGB\
a\x11\x22\xd33x\x9b\xfa\x8a\xb4\x1c\x0a\xaak\xf0\xb1\
\xa5#\x9c\x13\x92\x10\x96\x9c\x82\x8e\x96\x16R`\xed\x88\
\xea\xea\x85ln1\xac}\xfc\xf0\x9e-\xf1;\xc9\xb9\
9\xf1\xe3^]CDe\xe5\x0cir\x87\xb5#\x8e\
8\xb9\xa3\x95hQ@sYLz\xa3\xf9\x16\x9e\x10\
\xc4\xf3y\xad\xc2\xa7{n\xc5e\xee\xbe\xc2v\xe4V\
\xd9\xdf\xc9?4\xef;\x1d\xdc\xf0\xc5%\x19,\xbb,\
\x8b\xf7\xaf\xc8c\x06\xe9\xfb/d\xae\xe3i1\x09\x88\
\xd8:b\x12\xd9.K\xc2>\x9f\xfb\x85c\x95\xd2\x0d\
\x9c70\xc6\x89\xa88\xd4\xb6\xb6b\x85\xb6!t\xbc\
\xfd\xc0i\xc2\xb7c\x04\xf3\xc7\xed\xf9\xfc\xa0\xa9\x8f\xc3\
\xde\x01\x98\x96\x98\x87\xef\x94\xd4\xb1\xea\xbc\x04l\x83\x82\
\xf9}\xb3\x14\xe2\xc1\x1fH~?\xb0sGb\xcd\xf0\
{\xbavA\x1b\xb1\xe2\xf0\xad8\x8a\x91\xfa\xcf\xd5\x95\
K<\xcf\xedpix\xf9\xe0!qi<\xabm\x82\
\xa3\xce\x1e\xf8\x94x_\x8b\xf4\xc9\x1aW/\xecvp\
\x82IF\x0e5\xdf\x8fn\xc2-\x5c\x9f\xacs\x0b1\
\xd5\xca\x05\xef\xdf\xd0\x83\x8c\x87\x0f<3sP\xc6\xed\
\xafp\xeb\xf9\xc4\xf3\x87H\xef,#\xbd\xb3\x81l\xc8\
\x87\xfe\x91\xd8\xe3\xec\x89\xd7I\xf7\xa6\xd4\x0a\xfa\xecX\
P\xcc\xef\x89\x0dW\xec\x83~\x1d\xd2\xff\x1dR\xec\xb7\
\xacr\xcb\xe1\xb1/\xc9.\x87\xd5\x0eS\x9fg\xc9*\
\xe2\xadS\xe2XxV\x12j\xee^\xc8&\x9dRR\
T\x8e\xec\xb2\x06^\xb6\xddI\xefK\x12\xb6X\xe8\xea\
\x8b\xe7t\xcd1\x8b\xec\xf4\xde\xa0\x08T\xb6\xdd\x0a\x0f\
n\x22\x9er%;\x9e[\x5c\x0cK\xc2k\xb3\x95\xb5\
\xb0\xc7\xde\x15\xeb\x89o\x96\x93\x1e\x9akb\x8b\x0b\xe1\
1(\xab\xab\x1f\x11C\x99z\xad\xc6W\xfb\xd9\xfc\x9b\
\xfd_/\xc6V\xc6\xe6\x0c\x1f\x13\x92UV\xce\xcbN\
\x1f\xc7\x83\xa4G\xb3\xf3\xb3\xe0\x14\x15\x02\x03w\x0f\x18\
$&`\xf5\x15c|&\xef\x86\xed\x16V\xb0#\x1a\
\xcbD\xc6\xc1\x9c\xf4\xfbrcK\xec'|4/%\
\x17\x16\xc2\xbd\x15.\x06\xd802\x06\x96\xa1\x11\x90$\
\x9b\xcb\xc7=\x92\x1e\xfa\xc8?\x0a\xd3\x0d\xad\x11\xcc\xe1\
\x1e\x92\xd5B\xc2\xd0\x1c\xefv\xdd\xc6\xf7\xb7\xf6\xf8\x96\
\xf4\xbf4h\x9f\xfb\x83\xdf\xd8|\xd7\x88\x03\xc3>[\
Es}2&\x09\x872\x0b\xb1=*\x19\x9f\x9f\x15\
\xc1\x1em\x05\xfcr\xe5\x12V\xaa*\xc0)\xbe\x00\xdf\
]3\x80\xb4\xb3+\xae9\xbb\xdd\x8a\x13H\xcb\xc1\x92\
\xd6\x1e\xbc\xe8\xe2\x8b\xa0|>\xdc\x96\xdf\x8b=F\xfa\
=$5\x0b\xcf\x85$B\x937\xf2]\x08\x0bt\xc1\
\x8e\xd0`\xbc\x1e\x96\x88\xcd\xa9y\x08kjCq]\
\xc3\x88\xf4\x971\x9e^y\x1b\x96~\xf4\x86\xdd\xc7\x03\
\x01 -\x1c\x9d\x9bZPB}\xaf \xec\xa3\x14\x9b\
\x04\xa3\x9cB\xa47\xb7\xa1I\xb8\xe7\xd6\xcc\xed{\xfb\
D@<=\x0bo\xdb:A\xc4\xca\x0e\xca\x84#{\
\x84\xb6\xc2\x94t\xe1z\xc2\x02\xbf\xd0<\xa0\xe3\xd6\x1e\
\xb1\xac\x8b;\xbc\x92S\x91\xc6\xc5tvv\xe3\xad\xb4\
|(\x04\xfa\x11\xa1\x0a\xf9y\xd6!~|#<\x09\
\xc7r\x04\xbeM\xdfm>Q{o!D\xd5\xc7\xdd\
\xb1\xcfvA\xeb\x09\x02\x8f\xcd\x02;\xc5\xd9\x98\xbe\xbe\
!\xef\xa5\x92\xdd4\xa0\xb9\xbf\x18\x12\x89\x0dN\x1eX\
ah\x81Eg/`\xf5\x0d]x\xd77C\x85t\
N`Q\x09\xaa\x85\xf1\x0f\x8a\xee\xde\xf8\x22)\x0b\x07\
\xd3\x04\xfb\xf1m\xa4\x8fJ+*a\x9e\x9a\x01C\xb2\
\xd7\x859$\xef\xc4#>\x0d-\xf8,!\x07_F\
\xa7\xc1\xaa\xbc\x1a=\x9c\xffB\x9f\x0a\xb2{\xb9\xe4\xe3\
\xe5\xb6\xb6#\xa7\xfeVLEv\xa59\xf6\x5ca\x97\
n\xef\xff\xee\xcbL\xa4\xa4\xceE\xb0\xdf\xd7$\xa01\
\x17\xdf\xca\xd1\xe4$\xe1\x82\xff\xe8\x9aa\x9d\xab\x0f\x8c\
\xd2\xb2P]Y\x095\xbf@\xbcg\xe1\x88\xb9\xc4\xbb\
_;{A+$\x1c\xd69\x05H%\x9c\xccq\xfb\
q\xc2\x96\x0f\x11?\x1c\xcc.\xe4m\x13\xb7\xf7\x9a\x98\
\x9d\x03\xbb\xc4\x14\xd8\x95T\xe0\x83\xf0D,\xb7\xb0G\
z\xa3\xa0\xadP\xd2u+}\x08C\xd9\xb8\xc11w\
H\xd8\x00\xca\x89\x07*\xda\x04\x88\xca1l#\xbe9\
\xc4>\x18.^\xd56`\x9d\x90\xfem\xbc\xed\x0a\xcd\
\xc9C\x1d\xe1\xa7\xbc\xfa\x06\xb4\x92\x1dJoh\x86_\
^\x01n\x90\xde\x5c\xe6\x15\x84\x19\xd5\x9d\x98\x9bY\x8a\
#\xde\x81P\xf3%\x0c\x5c\xdf\x84&\xc2:\x1d\xa4G\
si\x1c\x1cV\xcd\x22\x1a\x96\x12-k\xe8\x13B\x98\
x+\xf9o[Hg\xbeBz\xe6\xd3\x88$\xbcY\
\xd6\x84eEuP+\xadFC[;\xf2\x09/\xac\
'z\xe4\x11\xcd[\x85>d\x07\xd9\xf0\x8a\xe6.>\
\x96NB\xe7\x99\xd2\x91\xfc\x171\x8d\xf1\xa4\x14\xeaQ\
ES\x98C|\xc0qm5\xf5?\x90\xf0\xd4F\x9f\
`,%\xbd\xb8FC\x17\xd3\xa2R\xf1tD2f\
\x93\xbfgK\xba\xb0\x86\xfa\xec\xd9\xda\x89\x9a\x8e.>\
\x96{\xa4\xd2A\xcf\xc5\xd65\xc2\x97l\xeb\xcc\xa3'\
\xf1\x9e\xe4\x15,\xa4z\xd5\xa9\xef\xc7\x8b\xaa\xf0\x16\x8d\
\xe70\xf94\x5c\xdc|1\xf1@n\xb5@\xffg\x93\
,sR\x95S\xa1\x8f\x1d\xd2\xec\xc2H\xfd\xff\xee\x18\
[\x1a\x92&*8\x0fF4L&\x5c,\x11\x1a\x8d\
\x9f|CaIs\x1e \xb4\xf5\x9c69A4\x0f\
I\xcb\xe0q|8\xf1\x80bE\x1d\xc6Z\x94\x88\xae\
\xef\x10\xdd\x9f\x09\x8c\xc5\xbb\xde\xc1\xe8\x12\xc6<WR\
\x7f\xb53r\xf1\xb5\xa9-b\x84x+\x87\xec@u\
\x87\x80&\xf2f\xf3\xf0\xec\xd7\xec\x99\xd1|`1\xf5\
\xc7\xa3\xb99\xe0LW0\xf5\xdf\x93\xec\x8cmA\x09\
\xc4\xc9\xd7>\x10\x97\xca\xc7\xbb\x07\x12\x1f\x1cw\xf3F\
\x5cY\xc5\xcd\xc0\x8e{X\xb0\xea\x1f\xc0bR\xf9e\
\xf8O`\x0c\x96\xc4e`%\xf9\xa2G2\xf2aU\
\xdb\x04Y\x92\x995$k~\xb5\x8d<\x1f\x08\xe4V\
\x1f;\xa5\xd9\xd5\xbb\xad?|\xb6\x9b\xbdm\x17\xf2\xcb\
\x88\xcbc\xad\xc4\x03\xdc\xd9\xb6\x88\xe228&\xa7!\
\x91\xecn<\xe1\xcf\xb1\x96v\xe2\x8dp\xb2\x07\x9c_\
\xea\x90\x9d\x075\x0f/\xb8\x93\xbf\xe0BXA!\xaf\
\x18\x22\xa998\x9c_\x8e\xb5e\x8d\x90,\xab\x15\xf6\
\xa1\x0b\x17\xb5'5\xdd<\xc7v\xb7\xb2K\x9a\xc9\x16\
5\xd8\xde\xb5/\x5c\xfcE2\xe9\xd5{]\x11\xe5b\
v\xfc\xf2\x8a\xd0\xd1\xdb7\xa6}n\xfb\xf0\x1f\xf1\xd3\
\x19\xf6\xdd\xbd\xac\xc1\x9dQ\x9f\x10\xdf\x8d\x82?}\xcd\
\xf6n%\xa5D\x81\xe3\x1b\xe5{^\x00}\x8b=+\
\xad\xff\x0a\x19\xf1\xd6\xbfx\x0c\xb7\xda)mt\xc2\xe1\
kC}\xc5{\xda\x83\xdd\xc8f]5\x9c\xdf\xc6\xad\
[\xfc\xe1(\xd7?\x18\x1bQ\xda\xe4\x82\xe3\x8a,\xe6\
~c\xe7g\xafb3\xa5\xf4f\x94\xb5\xf7\xa7\xffe\
\xfb\x17ie7pH\x8ey>\xc0\xb3\x94O\x88(\
\x8d\xf3L+\xd3\xfa\x93y\xa7\x17\x8e\xe1\xbfa\xfb%\
v\xed\xcf\xd8\x03\xdb|\x8e\x1d\xd4\xb0\xfb\xb2\xbf\xad/\
\xed\x81\xf7<\xbf\xc6\x02R\xba\xd3\xca\xee\x16K}\xdf\
e!{\xfe\x88<\xd33\xf3\xda\xc0\xc7\xab\xdeo\xc9\
\xab\xb6\x85\xb2\xd5\x07-D\xf33\x7f\xe5&0\x17o\
\xb5_\x86]V\xb1ZR\x12\x96*\x8b\xba\xf68\x0c\
\x8e\xf5\x1d\xb94\xa0\xb4\xc1\x07.\xe1Gp\xd9\xe0\xd5\
\xa4-\x92\xec\xe0\xdf\x1d_\xf0\xc5\x01\xb6\x88\xe4M\x5c\
\xda`\xa6\x9b\xa6\xdd\xb2|K\xef--\xce!\x22\xf0\
\x8a\x16\x83g\x94(\x1c\x83\x0e\xf7\x19\xb9\xafkT\xb5\
Z\x9c~N\xeb\x19\xeb\xddW\xd8\xfe7\xd6\xb1\xb9\xff\
\xe0\x90\x88\x09\xcf\x7f\xc3^\x9a\xb7\x89\xcd\x9e\xbf\x8e\xbd\
\xca\xde\xe6\xcf\x1c\x8f\xff7\xa4\xe5\xdf\xf2O\x8c\xd3\xe2\
\x82V%\x06\xc5i\xb1\xa5\xff\xd2\xe5\xdf\xf2\xf7\x95i\
\xdf\xb1\x17V\x1dg\x8b7\x9ee\xdfo\x92`?\xff\
z\x81\xfd\xc2}6_`k\xd6\x8a\xb2\xe5\xcb\xf7\xb1\
7\xd9\x87\xec\xe9\xff\x95\xf1~\x7f\x84-\xdc-\xcd\xce\
\x9eTa\x1eRz\xd3\xcaU\xac\x17\xf5[\xf9o\x84\
G\xf4!\x04\xa7\x88!2\xeb\x22\xc2\xd3\xcf\xc3?\xe1\
\x14\x9c\xc3w\xc3\xc8s%\xe4L_\xef\x12\xd7\x9c\x90\
uH\x9eYl\x95b\xbb\x97\xfe\xce\xe6\xfc\x97\x8d\xf9\
\xcd\xbd2L\xe9\x82\xf6\xa42s\xdf5\x88\xcbUC\
m+\x17o2\xf6\xb5\x84\xce\xbej\x94\xd6\xfb\xc1?\
\xe94Tl\xde\x01\xd1/~\xbb\x14;\xb6\xf0\xd7[\
k\xc3\xff\xb4\xb2\xfe,[q\xe4:\x0b\xd6t\xfa\x18\
i%\xc6\xe4p\xb4=0\x0c]\xdf\x96\x0e\xdfD\x11\
Hh\xbf\xd0\xbfW\x96i\xad<8\xf4\xcc\xfc\xdfY\
~8\xc1\xde;t\x9d\x85\x1a\xfb|\x8d\xf2\x86\xf0?\
\xd9\x83\xeeF|\xbe\x0a.\x19>\x8f\xdf\xaf0\xb5\xf9\
?\xb0\xa7\xfe\xc6\xa1\x8f\xdbq\x89))\xd9\xcc\xe5c\
L\xff\xca\xd2\x8f\x1e\x04\xa6\x9e\xc4IU\xd6Jr\xb1\
\xf1\xaf\x1e\xf8\x9a\xd3\xec\xb5\xa3\x0a,/(\xed\xd4_\
\xb1\xf80\x8a\x5c\xa4A\xdb\xfdM\xec\xb9\xca\xcc\xa9[\
\x0f\xff\x15c\xdf,\xc1\xd6J\xe8=\x8d\x92:\x9f\xbf\
$v\xf1.kI\xfc?\xbc\x13\xf6\x80\xecE\xee\x96\
\x8bl\xe6\x9f9\xf6-\x12\xec\xd8\x0d\xe7\xb9\xe8\xec\xa9\
\x19\xd4\x89\xbfo\x0dpp\xdb\x89\x05\xaa8\xa6\xc4\xba\
\xa8\x8fo\xfe\x19c\xdf~\x91\x89\xeay\xbd\x0fAN\
\xbc\xbfu\xd0\xc3\xc5\xb6\xf2\xff\xcc(\xb1\xc1\x09e\x86\
\x9d\xe7\xef?\x97\xc1\x90y\x97d{t<^\xff\x1b\
\xf9}\xec\xf2\x90Qb\x8d\xe3J\xaco\xdb\xa5\x07\x83\
\x9b\x08\xab.\x93\xb7\x9e\x86>\x81=\xe7c\x1f\x07\x8f\
\xbeo\xd4\x18\xda\xfe1\xad\xce\x8e%\x0e\xb7\x7f\xecL\
\xd7\xcf\xe5.8$\xc7\xaaW\xff\xfe\xd2\x13\xf73\xf6\
e\xbb\xd9\xd4S\xaa\xac\xaf\xae%\xe5\x8ey\xe7\xf6\x04\
\xab\x85g\x94\xb9\xbd\xb9\xe2\xc6\xe6\x81\xdf\x8a\xabk\xd0\
\xd1\xdb\x0bn\x87\x87\xcb\xdf\xd3\xdcvw,\xd4J\xcf\
\xa4\xe6\xe6\xf11\xb6M\xcd\xcd\xc8.(\x14\xc6\x98\xf5\
\xa2f\xd0Y\xe8\xda\xa6f\x94\xb6\xb4\xa2@\x98k\xa8\
\x9b\xda\xaenj\xba#\xe7\x9fW\xc2\x0e\xec\x97a>\
\xf73\xfe\x03r,$\xa5\xf8\xc6\xb0\xd3\xc7\xe5\x178\
\x1b)\x88k\x95\xc8)\xc2lkWA\x0cID$\
\x1e\xdb\xb9\x1fKCb\xc0E.\xec\x8aNBk}\
\xfd]\xc7\xcf\x8d\x99\x8b-\xe2b#Z[Z`\xe2\
\xee\x89\xe4\x9c\x5c(\xf9\x06B\xd9\xd3\x17\x10\xd2\xf0\xb2\
O\x00\x98\x99\x13\xde\x09O\xe2\xe3^B+kP;\
(\xc7\xc4`^\xd2\xf3\xfa\x0f\x87\x93\x8e\xfd\x91\xb1o\
\x95d{\xadC\x97\x0d\xcb\xcb}\xdd\xdd\x98\xa1\xa4\x05\
_.\x07\x18\xd1\xffe;\x0f\x88g\x16\xa0\xbd\xb3\x0b\
\x9fY9\xf2\xe7\xe0?Q\xd7\xc53F\xd6\x88\xaf\xb9\
\xfb\xfe\xe7p\xfc\xff\xb3\xaa&\xd8Q1\xcc\xb8\xa6\x82\
\x16\xa2\x87yv\x0e\x9a\xa9\xdd\xe5J7pF\x18O\
\xec\x92\x9e\xc5\xe7a\x1b)\xde\xbf\xa6)\x05b\x9a\x0c\
d\xb3_\xbe\xa7\xa5\xe4\xdf\xd93\xa2\xea\x0f\xf5\xb5t\
\x96\x0c\xe1\xfb\xc1\xfd\x9cvU\x11\xdf\xa9h \xb3\xbc\
\x02/\x99\xda#\xaa\xaa\x06\xaeI\xa9\x98\xe6\x15\xc6\xaf\
\xd6\x9ewt\xc5K\xd1\xa9\xd8\xdc\xd9\x87O=\x83\xd1\
\xddvo\xfe\xc0%woH\x05\x84`\xad\x91\x05\xfc\
\xb2r\xf1Cd\x02\xe6\xf9F\xe0\xd7\x86fp\x11y\
\x12Y\x85\xf8\xd0\xd2\x11m\x9d\x9dHJIA@B\
\x22*\x07\xe5\x98\xb8I\x8a\x80\xe4\xe3 >\xf6\xb8\x97\
\xf1\xef\xb9\xc2T\x82\xd3N\x8e\xa8\x89\x8c\x82C1\xe3\
\xd25\xb0\xcd;1GE\x0b\x0bl\xdd\xf89\xda\xe9\
\x1b\x82\x0d\xa1\xb1\xfcS\xebi\xfef\xc5\xa6c)\xfd\
\xfb\x1d\x9f0TWW\xdf\xd3\x99\x07U\x07'\x98\xa5\
fb\xb7\xb6\x1e\xf6\xfb\x85`{X\x0c\xb6V6\xc3\
\xb7\x87x\xcf+\x08\x0b}\xc3\xb1\xc0\xd8\x06_\xd9\xba\
b\xbc\xe45\xd8$$#\xbb\xbe\xf1\x8e\xda\xfa\xfa\xfb\
 o=\x09{\xa4\xef\xcc!2\xac\xce;\xc8&_\
\xd4\x9d\x88\xde\xfe\xe1\xf3\x8d\xed\xd41\xc0\xcb\xd7T1\
O\xdf\x1cK/]\xc5\xbc+\xd7\xf1:\x8d\x9f\x93\x83\
\xef-\xecq,.\x15\xe1\x15Uxy\xcbNLW\
\xd5\x85ty\xcd\x98\xb7\xcfo\x96\xf8\xcc,,8q\
\x06\xec\xf0)<&\xaf\x8e\xcf\x03\xa3\xb08(\x06?\
d\x14\xe1xL\x02\xe6\x5c\x92\x85\x81\x9d\x03>\xd25\
\xc1T\xbf(>g@Ko\x1f\xcaG8\xef\x1d\x9d\
-\x8f\x83\xf2,lLs\x7f\x99]\x09J\x15\x199\
\xc6),\x1aS\xc4\xa50\xcd\xd4\x0e\xae\xa9\xe9pI\
J\xc1\xe3\xea\x06x\x83\xf8\xe0e%\x0d,\x8c\xcd\xc4\
t-c|\xb0\xef\x10\x96\x1d\x13\x81\xaa\xa3\x0blb\
\xe2\x91]Yu\xd7y\xe7rY|\xaa\xa9\x8f\x0f\xd5\
t \xe3\xe5\x879z\xe6X\xa4g\x8a\xc5\xae~8\
\x96_\x8e7\xe2\xb31\xd3\xc2\x09\x93O\x88\xe1g\x1d\
C\xcc\xbb\xaa\x80\xeb\xe11\xf0\xa1~\xfc\xaa\xa0\xc2\xc7\
N\x0d\xbb{\xd6\xd7\x83k\x96\xcf`\xbb\x04\x7ftu\
\xb4\xf2\xf0\x195V\xdb\xdcY4\xeaY\x1c\xd3\xc8h\
\xec\x0f\x08\xe5\x91\xa0nD4~\xb2q\x86rJ&\
\xde0\xb0\x80oi\x05\xd6\x5c\x95\xc3\xfc\xd3\xe2x\xed\
\xa4\x18\xd8\x8e\xfd`\xbb\x0f\xe2}\x1a\xd3hX\xa0\xb6\
\xbb\x07\xb3\x1d\xbc\xf0\x95\xb37\xd4\x9c\x5c0Y]\x1f\
\xaf\x90MQqq\xc7\xc5\xd0(\xf8$\xa7\xe2\x13y\
Uh\x84EbMq\x1d\xafc\xb8\xbc-\x874u\
\xc1\x94u\xc0\xd4\x8d\xe0\x93W8\x22\x8d}\x12\x0ec\
\xbf\x1c3\x1em\xf0\x9b\xce\xb1\x95f\xfe_\x0cOC\
\xb2\xafQE%H'}\x9e\xc8\xc5\xacs\xb1O\xad\
\x82\xfc\x06M\xc2p\x839zf\x98nl\x8d'\x0e\
\x9e\x80\x88o\x10\x8a\xba{\xb1\x81\xe6\xe9)S\x07\xbc\
@|\xa1^Q3\x22\x0dt\x92\xd3\xf1&\x8d\x9f+\
\x9b\x14U1\xde/\x1aO\x1bX#5\xbf\x00\xaa\xa1\
\x11\x98H4|c\xed\x06|\xa0c\x82\x83\xe5\x0dh\
#{)aeGv6\x16_\x86%@\xab\xa6\x09\
M\xc2<}\xc3\x9dE\xaanL\x01a\x99\xf6Y\xdb\
G\xde\x13;x\x8d\x99\xa5\x14\x0f\xbf\x97\x9b_U\x05\
\x95\xc0\xd0\x01\x9c\xe1\x92_\x84S\xae^\xf0\xa6\xf9n\
&\xb9KL#\x1e\xb4w\x85RN!\xde':\xdc\
<oaE\xe3\xfa\xac\xbe\x1d\x9fQ\xff\xd8\xf1\xb30\
LI\x1f\xb6\xfe\x22\xb2#\x1dd#Z\xea\xea\xe0\x11\
\x1b\x8f\x9d\x19\x85\xd8fl!8[\x12\x12\x81\xfdF\
f\xd8\xe1\x15\x80\x17uL\xf1\xb1\xbc\x0a\xb4\xbd\xfd\xe0\
\x13\x17\x8f\xed\xd1\xc9p\x8a\xbf\x95\xdb'.;\x17\x11\
\x99\xd9w\x9c\x93\xe1\x8a\xb6\xdb\x02\xec\x92\x1e1\xa7\xc2\
8\xd1\x1b\x0fU\x08m\xde\xb02Z \xccG\xc2\xc5\
\x00n4\xb6\x84yF6\xde\x92Q\xc4y\xd2\xd1I\
y\x82TT\x9c\x06>\x16\x14\x81\xb4\xaaj\xd8\xe7\x16\
\xc2&9\x0d\x1f\x84\xc6\xe3\xbd\x80(,R\xd5\xc6x\
%m\xa4\xb5\xde\xa9[\xf3\x9bZ\xf8\xb8\x15\xa3\xe88\
\xc8d\xe4b\x89\x82*t\xfd\x059\x14\xaf\x87FB\
\xd4\xd9\x03G\x1d\x5c\xb0MK\x8f\xd7\x0b?\x18\x9a\xe3\
[\x1d#\xf8EF\xe1\x04\xe9\xe4\xc7\x89\xc7~\xf5\x0f\
\x83Kt,R\xaa\xeb\x86\x951\xff$\x11\xce\x16j\
\x0f7\xf8\xd5\x22l\x81\xaa\xdd\x82Q\xf1I\x1d\xc9h\
&\xf5=\x83h+ja\x0d\x97\xec<\x1cwv\xc7\
\x16\x1b'<\xf3\xf3F\xac\xd33\xc1oF\xe6Xe\
\xef\x0e\x19'W\xb4\xd3|\x9e\xb3q\xc0l\xd2\x0b\xfb\
\x13\x04{\xeb\x22I\x99\x84\x1b\xe3\x87\xc6\xed\x10\xbe\xcd\
\xe9\xecF\x1d\xc9\xd3[\x97\xe5\xa1\x19\x19\xc3\xe7\x1d\xe7\
Z\xcd!,\xbd\x9dd\x5c\xde\xcd\x13_\x91.\x5c\xa0\
k\x8a\xd5T\xff\xab\x16\x8e8J\xf5\x1c\xd03\x82\x1d\
\xe9 \xc3\xb2j(\xa5e\xa3\xa9\xb5\x8d\x97\xcf\xe1\x0c\
K^\x85\x07\x8e+\xb3\xaca\xfd[)\xb6\xdd%r\
\xeb\xc8\xfb\xf8\x84\xb3\x5c\xca\xaaP\xd0\xd1\xc5\xcf\x95Q\
|2\x7f\xc6e\xb1\x9c\x12\xe6^W\xc3,e-L\
\x90S\xc3\x0f\xfa\xa6xNY\x1b\xdb\xd4\xb5!a\xe7\
$\x88\xaf%\xbd\xa1 \xcc\xbd[M\xf4sM\xcd@\
\xee\xa0\x1c\xb89\x1c?\x10O\xb9ED\xe1\xc9\xb3R\
\xd8\xef2$\xbd\x14\x8e\x11\xde\xe3\xf2k\x05\x11\xd6U\
\x8b\x88\xc1R}3,q\xf4\x84sA1\x0e\xfb\x04\
A\xd7\xd5}(\x96&>\xb5\xf0\xf5\xc7y\x17\x8f!\
;\xe7\xad\x1d\x958\xa7\xf508\x1b\x7f\xfb\xf8\xf7\xc9\
0\x85\xd8\xdc\xeb#\x8e_>,\x0a\x16\xb1C\xe3\x0a\
\xeah~\xb9\xf3\x0b:A\xa1\xf8PE\x13\x1b\xd44\
\xb1\xc8\xd1\x03\xcb]}\xf1\xb1\x895\xae\x0b\xf3\xb9f\
P\xdf\xed\xf2\x8bQX[\xcf\xe7pO\xa3\xf9\xa9\xb8\
)\x034?\x819\xf9h \xecfAznn}\
7\xb4\x9b\xc9\xb7inB\x0aa^.\xd6r\x1fa\
\x8aHz'\x9a\x8ba\xef\xec@~q\x09L\xc8\xa6\
\x1ep\xf1\x82aT,j\xeb\x04\x18\x9b\xf3\x1dr\x84\
\xb9\xd3t\xd3\xb3!\x1f\x9fr\xc78T\xecfa\xf7\
\x15\xf6\xd9\xed\xe3?z\x9dy\xe6V8\x8d\x1coE\
~\xdc\xcc\xd3\xe70\x7f\xc5J\xe8\xd8\xd8\x0e\x0b`\xb8\
X\xde\x1c\x92{.\xa7\xcc\xf5\x18\x01\x8f\x17\x09\xe3\xd5\
u|\x03\xf0\x93\xb6!\xff\xef\x10\x9a\xb7\x8aA\xb9q\
N\x93l\xc7\x17\x16\xc1*.\x09\x93\xc9\xbes\xe7\xda\
\xae\xd2\xf3\x93\xc9\xaf\xd8\xe9\xe6\xc3\x9f\x07\x90\x08\x0c\x83\
\x0d\xf1M\x9fP\xaf\x16\x16\x15C)0\x04EDG\
.\x9a\x9c;\x97\xb3G[\x1f\xec\x98\x18\xca\x9a\x9a\x85\
g\x03\xcb\xee\x8c\x91\xf7\xfb\x1c\xbb\xae\xb0-\xb7\x8f\xff\
\xb4*\x8b\xafmM\x18\x15\xa0q\xb1\xf29yy0\
\xf4\xf2AN\xd1\x9d\xa9\xe2\xbb;o\x9dijll\
\x84\x13\xe1\xd7%\x17/#\x9f\x9e\xe5\xfcUv]\x93\
\xfc\xd2$\xe4\x92M\x0bN\xbf\x95B\xab\x88\xf8#\x98\
d\x8a;\xcb\xb0\x8e\xe4i\xe2\x91Sx\x99\xb0\x1e\xe7\
}\x1d\x0d\x8dA\x98\xbf?\x82\xc2\xc2\xd0t\x9b\x0f\x91\
@2\xa4\x9d\x90\xca\xe7l\xe3\x8aot\x0c\xcex\xfa\
!\x8e\xe8\x9fF\xfex\xd10z\xd6%j+\xf6_\
c\x92w\xc6\x87\x8e\xcbh\xec\xc8\x1bq\xf8\x99e\xe5\
\xb8Ds\xe0\x1a\x13\x87\x10\xe2\xf9\xd8\xf4t\xc4dd\
B\x9f\xec\x90\xa3\x7f\x00b\xc9\xfem\xd35\x82\x8e\x7f\
\x10v\x1a\x9aA\xcc\xcc\x12%\xe5\xe5x\x5cE\x17[\
\xc8\x1f\xcc&L<\xfb\x9a2\xfc\x0b\x8baG::\
\x8bh\x12B>\x8bC\x80 o\xe4\x9e\xe2\x1a\xfc\x9a\
,\xc8\xed\x9dQP\x80\x85\xde\xa1X\x15\x97\x86\xc2\xb2\
2\xbc{]\x15/\xe8[\xc2=(\x189YYC\
\xfa%\xed\xed\xcf\xdb\xd5C\xa4\x07n\xc6\xc8s\x1a\xaf\
k\x84\x18H\xf7\xa8}8(\xc7\x14o\x1f\xbf\xb8&\
\xcbn\xee,\x18\x01\xfb\xf4\xc1\x22!\x05\x1b\x1c\xdc0\
\xfb\xd0q\xcc\x16\x11\xc33{\x0fc\xb2\x84\x0c\xc6o\
\xdd\x83)\xe7/c\xd6\xa1\x13`\xa7/B\xd2'\x10\
\x9f_\x91\xc38\xb2G\xb9\x84y\xb7\xe5\x94\xe2a\x09\
Y\xecWT\x81\xa2\xb9%>t\xf3\x06\xa7\xf9\xb8\xb3\
\x1eS/\xc9\xf1\xf1\xfd\xbc~\xa9k\xc1\xfc\x88d\xc1\
\x9aG_?\x14\xa3\x13\xf0\xf1y)\x9c%\xdf\x7fz\
A-\xbe/\xa8\xc6\xa2#\x22xc\xdfa|\x7fA\
\x0aQ\xc9\xc9\xe8 {\xc4\xf1\xba_n>f\x1aX\
\xe2Q]\x0b\xa8'\x8e\x1e\xc3\x15\x92*\xca\x8d\xff\xc6\
\xbd\x8c?\x9fl\x90/\xf9\xda\x05\xb5u|\xc4!G\
\xdf%\x22\xa2\x98A\x18\x95\x8b\xd5\xfe\x98|0\x13\xb2\
Y\xe3\xf4,`A<lJ~0\xa3\xbe\xec54\
\x85HP82\x84g&\xca\xa9\xaf\xcf\xee\xd8\x87\x02\
\xd2_\x5c~\xebI\x1e\xc1\x98O\xf6\xec\x04\xd9\xd2\xab\
!\x91|~<\xeelP\x0d\xe1\xa9\xd2\xce.\xa47\
6\xe1\xa4\xa9%\x1e'\xff\xee\x06\xf9;?\x92^\x9d\
\x1f\x97\x09q\xef\x00,\xd6\xd0\xc7rS\x1b\xf2\x19n\
\x9d%\xd1J\xcf\xe1c\xf5G+a\xe9g\x87\x1d\xbf\
\xa8\xc6\xb8\xcc\xd1\xf8\xff\xa6\x1dM!9\xcd\xa9\xac\xc6\
\xa7\x1az`\xd2\xd7\xf12\xf9B\xaf\x1e\x16\x81\xbcO\
\x00.\xd1X\x15\xec\x1c\xa1M\xb6'\xba\xa4\x80x\xbe\
\x1cU\x5c\xccyK\x1b\x8f\x198T\xba16\x19\x0b\
\x08\xbf<k\xef\x85\xc94\xffk\x09\xe3\x9d'\x1c\xd9\
&\x5c\xe3\x1a\xbc\x9e\x98\xdc\xd9\x83DjK\x960\xd1\
7\x84\xa3_#\xbfo\xbd\xbb\x1f4\x93\xd2x\x9fp\
\x92\x82\x06\x9e\xd56\xe5\xcfK\xd7\x90\x0d(\xbe\xd3\xff\
\xbf\xa3\xb8E\xee\xe7\xc6\x7fG\xdc\xec)5\x96P\xd7\
\x9a<\xea\xbb\xdc\xb9x\xee\xcc\x85!\xe9\xe3o\xcdl\
q\xcc\xc8\x14\xfb\x95\xd5\xf1#\xf9~\xb3\xf7\x1c\x84\xb5\
\xbb\xe7M\x87\x0b\xc1Ay0\x09/\x86*\xd9\xcc\xe4\
\x9c\x1cl\x88I&\x1e\xb5\xc0[d\x1f_\x92W\xc3\
\x8f\xd6NXd\xe3\x8a\xd5\xb1i\x88\xbe\xed\x5cU\x0d\
\x8dC\xcb\xd3\x07\x8aNn\x88I$\x9d\xdc\xd5\x0e\x9f\
\xf6\x1eL\xd71\xc3\x16Gw\xfc@\xb4_.s\x1d\
JQ\xf1\xb8\x1e\x9b\x84\x99\xc66\x08(,Axq\
\xe9\x80\x0e\x18\xa9\xb8Fo\xe7\xf4\xdf\x1d\xe7D\x8e+\
0\xdf\x82j\xf7Q\xdf\x8d\xcc\x19\x86?\xda[H\xce\
sPV^\x0c\x9b\x90p\xc8\x12\x1f\x7f \xa7\x80I\
[\x94\xb0X\xdb\x13\x1b\x8cMp\xc0\xda\x81\xc7\xc5\xaa\
\x01!(!\xbdw\xd1\xca\x16K|Cq\xa9\xb6\x11\
3C\xe3\xf0QE=\xea\x84\xe7\xc2\x8bIgr\xf9\
\xf8\x83\x08\xc3{\x93\x8eXIz\xaf\xba^`\xcf\xb8\
\xbc\xef\x9f\x04\xc5\xe1\x19\xdfh\xacq\xf1\x11\xf0~o\
\x0f\xea\x85\xf6.\x22\xbf\xf0\xae\xe3\xe7r\x16\xec\xba\xcc\
v\xde>\xfe\xfd2L%\xb1@}\xd4w\xcb\x89\x8f\
52\xf3 \x9d_\x06I\xfal\x0fO\xc0\xeb{\xb7\
c\xa1\xf8~,\x97<\x85\x99\xbf\xef\xc1\x1c\x893\x90\
\xf0\x0d\x84\x83o\x01>>\xa7\x0c\xa3\x80\x00\x1c\xb5\xb6\
G\x18\xe9\xfa\x81\xb3g\xe5\x95\x98\x1d\x9f\x85\xc3\xf4\xef\
\x99a\x89X\xe7\xe49\xe8,G\x0f\x96\x11\xae\x8f)\
(DLz.\x98G\x04\x96\xd7\xde\xf4\xeb\xfb\x90\x1e\
\xee\x8fCa~\x98\x15\x10\x83\xa7\x83\xe2\xb191\x13\
5\xfd\x5c.\xbd&\xd4\xd7\xd6\xde\x95\xff\xd5\x1c\xe6`\
\xf7\xa5;\xf3\xf9\xed\xb8\xcc~\xf7\x88\xdd}\xc7\xf3\xdc\
\xbc4\x90>\xe2pX\x1e\xe9\xbf/l]\xf0\xbe\xbd\
\x076\xc5\xa4\xe0Pt\x22d]\xdc\xe0\x15\x97\x80\x82\
\x9a\x06$g&\xc3\xd6)\x18\xd9U\x950\xaa\xaa\xc5\
c\xa4\xa7%\x88\x87\xafy\xf9\xf1\xe7V\x07\xd6O\x09\
'|\xe6\x19\x88\xf7s\xcb\xf0\x98\x92\x16\xbc\xc3\x87\xe6\
\x8bV\x0d\x08\xc6\x16\x0d\x1d\xb8&\xa6\xe0jr&\x0e\
\xf6\xf4b\x1f\xe7\x07\xd1\xdf\x9e\xd6\xba\xc8\x89\xf1Bv\
f\x12t\xf3K\xb1\x88|\xdf\xe7\xc2\x92y\xbd\xe8\xd9\
8\xfa\x1ac{W-.\xe8\x8c\xc7\x0fG\x87\xe6r\
\xe4\xf7t\xcf\xb0wn8\xbc>\xe4\xf9t\x92\xf5\x94\
\xfa&\x14\x92OQ@<Ff\x89_o,\x18F\
\xcfp\xdc\x9bPV\x099go\xbcsC\x0f_E\
\xa7\xe0\x97\xe0h\x9c$\xdd\xce\xf9\xef)\x83\xf0>\xb7\
n\xb0Y\xdb\x00n\x15\xb5\xd8e\xe3\x88\xe2\xb2\xa1\xb9\
T\x82\xd32\xf8\xb3\xb6\x1c\xe6\xe8hh@\x13\xd9\xd1\
\xdd\xf9\xe5x$\xb9\x10_\xa7\x14\xc0\xb3x\xe8\xf3\x1e\
y\xe4+'e\xe1\x5cF>\x89C\x0fZ\xb8=\x83\
a\xf2,\xe4W\xfap\xfbc\x85#\xf8\xbf\x8f\x9c\xd5\
|\xa4\xa1\xadK\x80\x9f{I\x0f'\x0e\xda\xd3\x182\
\xd6\xae.\x98\x90\x0e\xe6\xce\xd9\xfeb\xe7\x82yJ\x9a\
xI\xd7\x0c/K\xca`\xc1IQ\xac\xbc*\x0f5\
\x9ao\x0e!\x1e\xf6\xf0C4\xe9pW\xb2\x8b5\xb5\
\x02\x9c\xdeQ_\x87\xff\xa8\xe9\xe2\xf3\xda6|\x9bU\
\x88\xc42\xc19\x95\xfcR\xc2\xf8\x84\xa3\xca\x88\xde\x9b\
\x9c<\xa0K|\xc0\xed\x89\x14\xe7\x08\xceBgP\x7f\
V\xc5\xa6\xe3q\x9fH\xbc\x1d\x1c\x07\x9d\xc22T\xd2\
\xb3\xdd7\xd7\xbd\xfaz\x91\xdaL\x18\x9c\xbe\xcb\xa0\xff\
\xdf~\xfe%(E\x8c\xd3\xfdf#\xae\x7f\xc81\xdb\
\xf4\x12\x13\xc1\xde:\xd1/k\x98\xdc\x90fd\x8b&\
^Q\xc4\xf3d\xeb\xe7\xeb\x9b\xe3`H4\xac\xc2\x22\
\xd0B\xf2w\xcd\xd5\x03\x8b5\x0d\xb0\x8ct\xd3Sn\
A\x10#{\x18I\xbe\x9f]F6|I?\xa7S\
\xff9\xd4\x9f\x97\x9d\x8d\xf1d;\xa7\x965`Q|\
\x06\xb2J\x049\x19\xba\x89\xae\xc1\x89I\xbc\x8f\xa4\x1c\
\x16\x89:\xe2\xb7\xaf\xc3\x13\xf1\xc2\x85\xcb\xb0 \xcc\xc8\
\x8d\x8f\xf7\x97\x09[\x1f\x8aJ\xc0S6\xee\x98h\xe6\
\x08\xbd\xcc\xe1\xed6\xb7\x1e\xcc\x9d\x8b\x1f\xd8\x0f\xf1|\
\x9b\xf3}F\xcc\xeb\xf5\x9b\x04\xfb\xc9*h\x85\xc0\xce\
\x13\xdfW\x0bs\x14\xc4\x90\x1f\x96L\xbcXHx\x84\
\xb3\xf1\xa7I\xc7sy_\x1b[\x07\x9d\xdf-.\xc2\
r\xc2A3\xf2j\xb0\xb8\xb8\x1e\xf3\xf2\xab1\x9ep\
\xe1[\xe7\xa4\xf8\x9c\xaf\xdeUuh\x22}]\xd1\xd5\
\x838\x92\x85+a\xd1\x10M\xcb\x85[y\x0d:I\
g\xa7\x91L\x15\x11\xb6\xc8#\x9c\xa0\x19\x1d\xcf\xfbD\
\xcb\xdc\xfd1\xa7\x84lD`4&E\xa5\xe3\xa3\xac\
2h5\xb4\xf1>m/\xe9\x18\xce\x17\xd4!>d\
\x8aZ8\x17\x1cy\xc7\xf8[\xa8\xff\xe9\x15\x02\x1eh\
h\xcd\xc3\x19u\xd6\xfb\xc3\xceQbf\xe6\xb2\xc7\xce\
j\x8co\xeb\xeb\xabE\x195\x92*\xdc[\xa9\xa1q\
GU\x0d\xd5\xad\xe9\xe4[\x89\xa7f\xe3{=\x13>\
\x8f\xf6\x8b\x84i\xdeL\xc8\xc4\xdb\xb5]x:,\x09\
G\xc8g\xed']\xc1\xe5\xbe\xe5\xf4Fr}\xd3\xb0\
k\x7f\x5c\x1e\x8a|\xf2\xd7\xb9\xfbr8:pg\xf2\
\x8e\xfa\x86`\x9b\x83+\x9c\xc9\xaf\x9e{\xf8\x04\xdeU\
P\x87jS;\xe6W\xb4\xe0\xb1\xc4\x02LM-\xc2\
W\x89\xd9\xf0l\x10\xf0}\x05\xe9\x08M\xc2\xbd\x5c\x9e\
\xe90\xc2\x007\xb1\x1a\xb7\x1e\x98)\xd4;\x81)<\
\xee\xb5\x1d\xc3\xde\x87jd\xb6\xa4\xc0/#\x9d\x17M\
~K\x13\x97\xdf\x88\xfe.#^\xe2\xf2\x9f|b\xe7\
\x86\xa7\x8dm\xf1\xa1\x93\x17\x8e\xe9\x1b\xe3S\x8f\x00\xbc\
B\xac\xf2\xbc\xab?\x9e\xd74\xc2\x05\xee\xee8\xb2\xcb\
Q\xc4\xefW\xcbj\x91G\xe3\xbb=\x9f\xf2\xa8q-\
\xc4'E\xf4\xf1\xa3\x7f/\x90\xb8\x82\xa9\x1b\xb7\xe2?\
\xf2*\x98G\xfc\xe5G\xba\x22\xbc\xb9\x0d\xbf\xa6\xe7c\
\x22\xe9\x81\x99^\xa1p+\x11\xe8\xc3\xa4\xea:\xc2\x22\
\xb7\xf6Y\xc2\xe9\xfbV!\xb1\x15\xed\x9e\xe7\xceK\xdd\
5W\xd1\xb7\xc7\xd8,\x19\xb3\xc9Cq\x0f\xcdI\x1e\
\xd5\xbb\xc5+\x08s\xc9?W-\xae@\x1ea\x81\xba\
\xf2[zX\xad\xac\x1a+\x0c\xcc\xf9\xbc\xf7\x5c^\x93\
F\x1a\xafaI%Vg\x95\xa0z\xd4\xf3h\xc3\x97\
2\xd2'+\x09\x13\xcf\x22\xb6\x99\x12\x9e\x82\x99A\xd1\
\xf8\xc4\xdem\xc8\x99\xe7d\xd2\x8d\xf2)\x99\x98bd\
\x83\xef\x0c-\xf85$^\x8f\x90\x0d\x88(\xad\x18\xc8\
\x9f\x9cT\xa0\x8b\xc3\xd7Y\xe2X\xf7\xbf\xf6\xca0\x93\
\x98\xdc+\xb7\xc6\xdf\xd0\x0c+\x9aw\xc3\x94TX\x95\
U\xc1\x84\xfc\x8c}\xfea\xf8\x86\xe4\x93\xcbs\xc1\xe1\
\xddB\xb2QnI)|\x1e\xec\xfb\x8ef\x18\xe4\x03\
\xf8\xd3\x5c\x1f/\xab\xc3\x079\x15\x98\x93R\x88u\xe9\
\x85\xd0+\xafE0\xe1\x8d\xec\x86\xe6\x81\xfd\xf7\xfd&\
\x16\x90\xb7\xb6\xe5i\xc0\xe5\xaa\x1a\xdc\x0fU\xc7\x17\xb1\
\xeb\x12\xfbv\xac\xe3_q\x8c\xbdxQo\x02\xba{\
y\x99\xed\xe7\xf27\xc7\xb7\xb4\xa2\xa8\xab\x13!dS\
\xcc\x09\x97\xea\xe7\x97\xc0\xab\xb1\x15\xb9$\x13\xceyE\
X\xe3\x1d\x8c\x1f\xcd\xedp\xfd\xe6\x1d[\x9cN+*\
\xfe\xc34\xa8!\x99\xee\x11\x9e\x7f\xed\x22[\xb4\x86p\
\xc5j\x07\x0flK\xce\xc6K\x01\xd1x\x9e\xf0\xdf\x8b\
\xc1\xf1x-<\x09K\x93\xf3\xb0\xbe\xb0\x1a\xef%d\
\xe3xI-\xc9l5\x7f\xc7\x12\xd7\xf7\x88LiN\
\xee#\xefu\xff{\xc7%&\xee\x12\xbdvL}\x8d\
!\xdd\x98Fz\xa6\x9f\xf8\xce\x85|\xdf0\x92;W\
\xfad\xd4\xd4\xfe\xe1\xf1s\xebx\x0eY\x02\xbbfH\
\xbe2\x87\xedU\x9c\x5c\x10J|\xcd\xe5\x11\xe0r\x9f\
\xf8\xd28M\x0aJp\x85\xcbWEz\xe6\xb7\x92:\
\x9c\xadl\xe4\xcf\x95scon/\x85\x84\xe1C\xd8\
!\xc1^\xff#1\x00\x87\xae\xb3\xf4<A\xfe\x8e1\
\x07\xfcTS\xdbA\xb9\xf9\xc4\x9bM\xf7-\x07Yd\
\x0f-\xc8\xbe\xc5U\xd5\x8cUp\x86\xfci\xe2\xbf\x88\
\xcbW(\xfdG\xe3?\xd6\x1dgs%H\x0eZ\x05\
\x98\xf0o\x89{\xea\xeb\xeb\xfbC*$4\xfd\x1c\x0e\
\x5cc\x09\xf7\x1b\xff\xb4\xf5\x02\xdb\xa0\xe9\xfa\x9fA\xaa\
\xe9\x9f\x16\xfbu\xe7\xd8\xd3\x8b-pL\x91u\xffz\
v\xe2\xd4\x07\x11\x03\xb6C\x8aI\x9a\x07|5\x88\xcb\
\xfe\xb9\xf1oeu\xa18\xab\xc5\xb0M\x8a-d\x0f\
\xb0\xec\xba\xcc\x94,\x83\x96\xff\x03c\x00\x87\x8e]\xc2\
\xe0!\xec\x96`+\xff\x8c\x18\xd0]\xd2L\xce\xd8\xef\
\xb3\xdbb@\xff\x11\xf1\xaf\xfd\xd9\xe5N|\xac\xd3v\
\x89\xb1\xdb\xf9?\xa8\x0f\x8e*\xda\xceBC[\xc6(\
\x11\x12\x7f-\x01\x22\xb2\xa49yo\x1eC|\xc7\x83\
:\xeb\xf1\xd5I\x15\xd6\x92T\xa4v\x1b\x01\xfeR:\
\xf4s\xf7r[\x06}\xcd\xadg\x06\xaf\x19fO\xf3\
\xcf,s\xbfcO\x13N\xb63\xf0\xfa\x04\x0d\xed)\
\x7f\xf9\xc4'\x16\xa8\xe0\xbc\xf6\xe3\xd8y\x99\x9d\xfa;\
\xcf\xbfl8\xcb\xbe\x13Qf\xb9\xce\x91\x9b\xd1<\xda\
\xfe\xc1\x03*\x5c>55\x87\xf9\xdc\x9c;\xff,\xf2\
\xcf9\x07\xb4\xe5\x02\xdbE2\x91k\x1d\xf4\x0bJ\xea\
\xfc\x1e\xe8\x98;{k\x10\x93\xab\x04E\xeb\xff\xe0\x80\
<s\xdf \xce>\xfa\xa7\x9e\x03['\xca\xbe%\xdc\
l\x7f\xd9`v\xb7G\xccA\xe4T8\xa2\xa3\xb7\xe2\
\x1eG\xdc\x83\xc6\x8e\x0c$\xe4\xab\xc3\xd8\xfb;\x9c\xd5\
\x98P\xb9\xe7*S\xfa\xe1\xe8\xad\xdcn\xff\xf4\xc2\xe5\
#\xe2\xee\x03\xd8/\xcbt\xc44\x1eK\x963}\xb3\
\xcb\xccg\x0d\xbcc\x8f!6G\x01I\x85:H+\
1DJ\x91>\x12\x0a4\x11\x96&\xc9\x9f\x81\xd4q\
\xfe\x02\x97\xf4^n:\xa9\xca\x82v\xcb\xb2\x8b?\x9f\
\xfe\xe7\xce\xf5=\x95\xf9\xec\xa9\xef\x0e\xb3\xf7\xd6\x9fc\
+IV\xf6\xec\xb9\xc2.p\xfb\xf0\xfbe\x98$\xf9\
\xe6b\x9b\xcf\xb3M\xf4\xdb\xd7\x9f\xef\xe5\xef\xfe\xfe7\
\xa7\xc0\xbf\xe5\xdf\xf2o\xf9\xd3\x0b\x97'b;}\x02\
\xd9\xa0\xfb|\xd4\xfe\xa5\xcb\xbf\xe5\xdf\xf2o\xf9\xb7\xfc\
\xd1\xf2\xddw\xec\xb1\x1fN\xb3\xa76K\xb0\xa7\x07\x7f\
\x96\x9f\xe4\xeey\x90x\xe8_\x0a=\x98rP\x9e\xbd\
r@\x86\xad>\xa6\xc8\xa4\x0e+0\xed#\xf2,\xea\
\x842+\x15Qa5\xe4C4\x9cR\xa3\x8f\xba\xe0\
\xff'\xb9\x8f*\xab\xa3\xdf*\xe9\xf9\xdc\xc3\xf2\xcc\xf9\
\xb8\x22S:\xaa\xc0\x0e\xd1{\x0b\xf7\x8b\xbe\xf5\xef]\
\x80w)\xbf_~\xe2\xc5\xa3J\xec\xb7\xe3\x0a\xcc\xf6\
\x98\x12\xcb\x13\xd5`\x901\x7f\x12\x9a.\xef\xc26\xf8\
'\xf8\xc4\x8b!$Y\x19\xf1Yf\xc8)uG^\
\x99\x17*\x1aCP\x5c\xed\x87\xec\x12w\xa4\xe6\xdb\x22\
,Y\x03\xfe\x09\xd2p\x89\xd8\x0a\x03\xcfO\xa1`\xfb\
\x12.\x1a0.6\xa7\x8d\xea\x0c=\xae\xc4$O\xca\
M^\xca\x18\xc6\xfdKq\xc6N\xcaM\x9dB\xfcz\
\x90>\xe1\xc4\xc7\x90\xb3\x9e\x023\xdfo\x11\x10/\x83\
\xfc\xf2(tt\xb5\xde\xd7\xfaJo_?J\xab2\
\x91\x94g\x0e\x97\xc8}Pu\x9c\xcd\xcf\xc7qeV\
Cs\xa2sJ\xe1\x85\xcf\xfe_\xd2]i\xc2\x87\xa4\
\x1fl\xb8|\x02\xf26\xcf\xc2)|\x17\xb2J|\x89\
\xde\x9d\x7f\xee\x9e_/PZ\x9d\x02\xdfX\x09h\xb8\
\xbc\x86s\xfa\x8c\xcbm\x91{J\xf5\xb1\xe3'\xe5\x96\
O\xfc_\xa7\xfb\xa9k/-'\xfd\x12)\xae\xcb\xa0\
\xe3\xb6\x08\x91\xa9\x86\xe8\xe8\xec\xfc\xdbvY\xb2\x0a\x83\
a\xe9\xbf\x11\x97\xcd\xc7q2\xd1*\xa2\xccd\x8f+\
|\xfc\xdc\xff\x1a\xddE\x95\xa6-:\xa1\xc4\x22.\x18\
2\x18z~\x83\xec\xa2\xb0\x7f\xd4.gM]\x19\xdc\
#OC\xd6j\x227\x0f\x9dg\xd4\xd8\xb9\xc3\x87U\
\x1e\xfbo\xa7\xfb\xe9\xd3;\x9f:\xa9\xc4L\xceh1\
\xe8\xba/Avq\xe8\xdf\xbd\xb18jiji\x80\
\xb5\xffN\x5c2g\x10Qb\xb5\xe2\x9a\xcf\xae\xfe\xef\
\xe5\xf9\xe7\xd6\x91]m\x95\xb7}\x0e\xd1\xe9&\xffh\
\xba\xdf^\x0a\xcb\x93\xa1\xed\xba\x08\xe7I^O\xab2\
\x07\x09\x85\x15\xff5:IK\x0b\xe3O*?dr\
\xc1\x88\xc1\xca\x7f3\x7f\x8f\xe4?`?\xf9^\xf7\xdd\
\xf9?\xc2\x92\xb5p\xd5r<N\xa8\xb061\xb5\x99\
\xab\xfe\xf1\xfaF\xe9\xed\xf9\x84\xeb\xf2\xaeZ>\x86\xf8\
L\xf3\xff*\x9e\x1fi\x1e\xaa\xeb\x8b\xa1f\xff\x1e\x8f\
\x95\xc4n<s\xf9\x1f\xabo\xd4_\xfe\x96\xcb\xd1\xa5\
\xee4\x1f\xd5uE\xff\x908\x92\x07'\x0b\xb6\x01\x07\
p\xd1\x84AT\xedq7\x09\x09<\xfa\x8f\xe2{\x85\
\xa9\xbb\xc4t\x18\xb8}\xc8\xfe\xbe\xffZ\x82\xdf5\x16\
(8^\x1dRf\x0cg\xd4\x1eI\x93\x93\x93\xfbG\
\xf8\x0bg\x94\x9f?)N>\xa5c\xc8\xee\xff\x01\x9e\
\x1fi\x06n\xcdAB\xa6+\xa4L\x19w\xe6\xa2@\
\xec\xca\x8e\x17\xfe^\xbe\x7f^\xe4\x1ca\x04\xe7\xd0\xd3\
\x03D\xef\xff_c\xffa\xf4QjN\x10$\x8d\x1f\
\x229x\xa8TB\xe5\xf0\xdf\x92W\xfa\xb4\xf2\xb4m\
\xe7\x0c8\xda\x1f\xfb\x7f@\xfb\xe1\xe7\x80\x93\x03Q\xf5\
\x87\xf3\x8e+(L\xf8km\xed\xab\xcb\xcf\xea28\
\x04\xef\xb8E\xfb\xfe\xffu\xda\xdf9\x07\xf1\x19\x8e\xbc\
=\x10S\x9f\x10\xf9\x97\xd1^\xf1\xd3\xd9\x22*\x0c:\
._\xfc?\xe2\xfb\x91\xe7\xc0/J\x01\xe7\xc9\xd7\x11\
W\x7fJ\xf7\xcf\xa6\xbd\xc4\x97x\x84h\x9f\xafl\xff\
\x22:;\xfb\x86\xa5\xfd\xed3\xd17LT\xfb\x88\xb9\
M\xfb\xc7\x96\xd7\xf4\x0f!\xc8\x9b}\x19\xe6\xdc\xc3H\
\xb2;\xf8I\xee\xfc\xfb\xd0~\xdf\xb2\xc9\xd6\xbe;!\
Ir \xae:}\xdf\x9f\x8auT\x1e\xd5\xbbl\xc1\
PT\x9e2*\x95\x1c\x13S\xb0\xc5\xc3\x1f\xc1%\xb7\
\xce\xd1\x99\x17W`\x93G\x00\xfc\x06\xe5r\xbbd\xef\
\x88\x1dZz\xb0N\xcb\x04w\x1a\xc7\x80>[\x92\xb2\
q\xc6\xda~\xe0\xcc\xdb=\xd1\x9b\xde1\xb4\xb5\x83\x84\
\x81\x11\x0a\x85\xe7C\x03\xc2\xc2!\xa1\xa0D\xbex\x00\
\xffwNc\x13\x0e\xfb\x06#>\xaf`\xc8\xbb\xee\x91\
\xd18\x1c\x10\x06\x91\xe8$\xec\xce.\x81Y\x81 _\
\x18\x97k\x86\xbbO5\xad\xa0\x10]\xdd\xdd#\xcd[\
\xbf\xb2\xcd\x9b\x10\xd3f8\xa7\xf4\xc1\x9f\x12\xcb(\xa6\
\xf6\xc2J\x0e\xeb\x84&)\xdf\x95=\x7f6\xb3\xe1s\
\xf2\x04\x0c\xa2\xff\xc2\xb0D0sgh\x84\x0b\xb2R\
pw\xad\xb3\xed\xfb\xf0\xec\x81\xe3\x98e\xe6\x88%m\
\xfd\x10\xa3\xefW\xa6\xe5!(-\xe3\x0f\xf3<wo\
hS{;z\x85\xf3\xd7\xd7\xd7\x8b\x86\x86\x06\xc8\xdb\
;\x91_X\x07\xbf\xb8x|tY\x0e!\xf1\x09\xc8\
\x13\x9e\xff\xe6JXn>\x1eR\xd1\x05s\xf4\xc5\xa3\
\xc1\x098\x12\x12\xcd\x0fS3\xa7\x10\x15m\xedw\x95\
\xb2\x9a\xfa\xe2~i\xb3\x87\xc9\x1e?\x92\xf1\xa0i\xcf\
\xd9\xf7\x13*\xac\xc5\xc0\xe3\xf3\xbbc|\x1a\xefgZ\
\x86\xfc\xb9\xf9\x9b9\x95\x95\x22c\xf1\xa4\xb3?6%\
d!LxG\xb3hx\x0c\xd8\xbe\xe30\xf0\xf0\xc2\
r5m<y\xc3\x10s\xac\x1c\x115h\xce\xfa\x1e\
\x90\xb6\x96\xd07\xc4C\xa7/\xe0\xd9\xd3\xe7\xc1N\x9c\
\xc5e'\xc1\xbd\xc1\xaa\x81\xc1\xf0\x11\xe6#>b`\
\x0av\xf84\xae\x96\xd6\xa2Y\xb8'\xa1\x11\x15\x87\xf8\
\xe2\x921\xb7\x13\x1c\xaf\x0a\x09Sn\x9db\xd2\x85\x07\
\x8a5U\x1e\xd7\xe6\xf4NUm\xc1]\xb53w\xd6\
\xfe\xd5k*\x98\xa9\xa6\x87Za\x8e\xae\x93\xbeA|\
\xde\x1e\xf5\xc2r\xb4\xb4\xb6\x22\xb1\xb0\x18\xf3=C\xf0\
\x1f;\x0f\xfe\xf7\xe3\xea\x9a\x18\x7f]\x03/\xd0\xdf\x97\
\x8b\xcaaZR\x09\xbb\xb4\xcc\x07f-W_\x96\x05\
\x13\xbf\x8c\xf12\xcaxX\xc7\x1c\x8a\xd1\x82\x1cb\x12\
\xa4\x83$*\xaaa\x9b\x99\x8bUv\xce\xd8\xe8\xe1=\
0\xb2\xa6\x96V\xac\xb2qF\xdd\xa0|b\x994\x17\
\xad\xc2\xb9\x19\xc1\xea\xf5\xab\xd9\xbd\xcb\xeb!Q\xc5/\
g=\x10\xda+\xce{\x8d[[\xf0\x888;\xba\xee\
\x1dd\x9bf\xca*a\xc2\x85+\x98~\xe8\x04J\xca\
\xca!\x1d\x9f\x02\xa6\xa2\x07\xbf\xaaZ\xb4\xd4\xd6A\xd1\
/\x08\xe3\x9c\xfcp\xa9Xp\xa6\xdb6(\x04OY\
\xb8\xe0\xa3\xa6\x1e>w\xca\xd4\xdcJ\xcc5\xb0D\x7f\
{\xfb\x03\xa1\xbf3\xcd\xa5\x8c\xab'rK\xcbp\xd0\
\xd6\x09k$/#\xbb\xbb\x0f\x1f\x05Db\xb2\xa15\
\xc6\x05\xc6c5=w\x8d>\x9f4\xf7bUb\x0e\
\xder\xf0\xc2\xf3\xd4\x87V\xee\xbcmW'\xd4LL\
\x11\x91\x9c\x02\xb7\xa8X4\x0e\xab\x8f\x04\xe3/\xa9H\
\x17\xf8\x057\x1eu\x7f {\x86*\xe3|\x15\xed^\
\xe0\x8e\x1d\x8f\xa8w\x06\xd3>\x83\xe4\xf9u\x19\x05<\
}\xe6\x02\xc6\xed\xdc\xc7\xe7V\x5cb\xef\x8e\xe7M\xec\
P@s\xc1\xe5R\xfe\xcc\xc2\x01O9\xfa\xf0\xb9\xd4\
\xb8\xa2\xee\xee\x85G\xe45\xf0U};8OzN\
y\x13\x9fs\x8b\xcb\xd7\xfb JD\x5c\x1c\x8c\xfc\x83\
\xf8\xd3e\xe1\xd1\xd1\x18\x7fH\x04\xe2YE\xd8N<\
?3!\x1bG\xabZ\xe0L\xbf\xed-\xaf\xc0\xb4\xf0\
$\x8cw\xf0\xc1\x13z\x16xQ\xe1\x06\x9fgd\x85\
\xa5=\xd8\xde\xa30LJCES3\xc2K\xcbG\
m\xcf\xdao'\xbfw \xae>g\xc9}a}\xa5\
i\x8b\xc4\xf5\x18\xc2\x93\xb4\xef\x1ek@zg\xbd\xec\
u<v\xea<\xe6\x1a\xdb`\xe2\xee\x03x\xe2\xf7\xc3\
x\xf4\x9c4\x9e\xd10\xc2l{\x0f44\xb7\xf0:\
\xfdi]s|\xe3\xe6?\xf0\xee\x82\x83\xc7\xc0\xb6\xec\
\xc6[yUX\xd8\xd2\x85\x8d\xf9e\x88)\xad\x1c\xc8\
\xb5z\xbf\xb8s\x83\xc4%>_\xef\x0c}\x0b\xcc;\
p\x14\x93\xec\xbd\x04\xf9\x16\xb2r\xf0T\x5c6\x1c\xb8\
\xfb\x96\xbb;\xf0.a\xb1g/^\x85/\xc9\xa9\x7f\
A1f\x98;\xe0I;O\x8cS\xd5\xc3\x17N\xde\
0\x0b\x8b\xe4\xef\xd9\xcei\xef\x1c\xb5\xe5\x86\xa6\xba\xfe\
+\xe6\x8f\x92\x0c<\x12v_\xbc\xaf\xca\xbc\x95\xec^\
\xe2\xd64\xefZ~V\xbe\x81\x99\xe2R\xd8\xe6\x15\x88\
I\xd4\xe7m\xcaj|\x8e\xde\xa5W\xe5\xf1\x8e\xbe9\
^\xb1\x12\xdc\x95^E\x18d\x82\xa4,~ |\xca\
e\xb1\xd4&\xdb<\xfe\xc7\xb5\xf8Q^\x19\x13\xa5\xe4\
\xb0?$jTZ\xde\x95\xf6\x83d\xb1\xbd\xa5\x05f\
\xee\x9e|\xae\x8f'O\x88\xe1\x19\xfa<\xab\xa8\x89W\
\x9c|0\xdd\xc5\x0f\x93\x9d\xfd030\x06\x1fG\xa5\
`st\x22\xe6\xbb\xfa`\xf1\xd5\xebP50\xc4E\
-mL\x96\xba\x86\xe9\xa9E\xd0/\xbau\xce&\xa4\
\xb1\x85\x8fk\xb9[q\x0c:\x0an}FLu\xce\
'\x7f\x08o\xaa<\xf7:gGB\x12\xd5\xc74n\
.g\x19\xbb(\x83w\xc4.b\xaaW\x08v\x91l\
\x1b\x91\xae\xac/+\xc5Wf\xb6\x98b`\x85\xcd\xfa\
&xKS\x1f/^W\xc3\xb3.\x01\x18\x9fU\x89\
'h.\x1e'\xfa\xcb\x98\x9ac\xc1\xae\xbdp\x0d\x15\
\xec\xcd;FD\xf19\x99\xeee\x0e\x06?\xa7L\xfa\
\xe6\xe1}G1YV\x15\x81\xb9\x05\xd8n\xe3\x88\xa7\
Ut\xf0\x02}\xe6\xaa\xe9\xe2u\xdfp\xac\x88\xcf\xc4\
[\xc9\xf9\x98\x11\x12\x8f\x87\xad\x5c1\x95\xec\xf3\xe3\xeb\
6\x11.;\x86OL\xac\xf1\x98\x98\x14~vpG\
/\xf5#\xad\xb6\x1e\xfb\xcd\xac\x11\x16?\xb6;X\xeb\
\x1a\xabp\xd9\xec!\xc2\xa3\xe3\xff\xd0]\x0d'\x95\x1f\
\xd7\xbfn\xfb\xd4=\xc5\x87\x98\xa4\xa4\xe3\xf5c\xa70\
\xc5\xdc\x11\xab\xec\x05\x18\x8f\xcb\xb3\xfb\x0c\x8dy\x02\xe9\
\xd3\x87\xce^\xc2t\x0b'\xbcxE\x01\x07\xe3\xd3\xe1\
^\xd7\x84W\x0f\x1d\xc7{\xfb\x0fc\x9f\x9a&^\xfd\
\xf57<\xb6k?\xde\x91U\xc4\xb3\xe7\xa5\xb1\xdb\xc9\
\x1dY\xb7\xf9Ic\xa1\xfd\xb1\xc0p\xb0\xf3W\xf1\x85\
\xa3'\x5c\xe3\x93\xb0\xf6\xba\x0a^s\xf4\xc6[\xce>\
\x90r\xf5\x82VB*\xde\xb5u\xe5\xdf\x92\xca\xcc\xc7\
[\xc1qP'\xfey]\xcf\x0c\xafY9\x83\xd3\xee\
\x0e!axCJ\x96\xf7\x1bd\x02\xc30\x91\xc3\xae\
\xab~\xc6\x8f\xaa\x9ac\xa7\x87\xe7Z\x88j\x91\x1dP\
{\xed\x95{\xc3\xfb\xeb8\xbc\xdfj\x1f\xb4\xf7\x9eu\
o|I\x196\x90\x7f\xc9\xd9\x83v\x92S\xed\xd0H\
\x9c \x7f\xf6\xb4_\x08\x9f{J\x95d\xf9\x91\x0bW\
\x11K:6\xbf\xaa\x1aOn\xda\x8e\xd94g\xdfi\
\x1b\xe2\x99\x1d{\xf1\xc8\xee\x83xZ\xfc\x12\x9e\xd8\xba\
\x1b\xec\xe49(\x10\xad\xee\xa5\x88$f\x80\x19\xdb\xe3\
}\x07O4\x11\xd6\xe5u\xbf\x8c\x0af\xf8F\xe25\
\x03\x0b\xac\x15\x15\xe7\xf3t\xbe\xad\xa6\x83\xbc\xbc<\xec\
\xb5w\xc1\x94\xdd\xfbQ\x99\x95\x89o\xd2\x0a\xb0\xa5Q\
`s\xa4\x22\xe3p\xc0'\x10\xf2\x9aZ`\xc47\xd3\
\xdc\x020)&\x13/\x93\xeej\xae\xaf\x1bS_2\
\xf2\x83!i\xc2\xad\xcf=#{o\xf1i\x93\x7f\xe3\
0Tq\xe5\xd8d\x8d\xcb\x0b\xe2_Z\x81\xf8\x82\x22\
X\x91\xce\x89\xad\x15\xe4w\x8a\x22\xfb\xc6\x95\xfa\x9e^\
>\xc7\x18W<\xab\xeb\xf1\xac\x82\x06\xde\xb6s\xc3\x93\
\xf270\xe1\x97\x8d\x98O\xb4\x10\xcd\xc8GBs\x1b\
v\x1b[\xe0qQ\x09\xccr\xf0\xc6T\xff\x18|\x90\
W\x81\xba1\xda\x82\xd8\xb2\x0a0\x13{<k\xe3\xc6\
\xdf!\xd3\x5cY\x89'\xf7\x1c\xc4T\xbfH\xfc'&\
\x03\xe3\x95u \xe1(\xb8Oe\xa9\xe2\x0d<-r\
\x16\x0f-\xff\x1es>\xfa\x18\x9b\xe4\x95\xb0 2\x15\
\x87\xab\x04\xfd\xdcK\xbaF\x95\xfc\x01\xb1\xc2J\xc2\xc6\
\xcex+ \x0a_&\xe7B\x8d\xcb\x096L\x1e\xf8\
\xe1\xd6\x908\xbb\xa9d\xf3*\xb7WSr/\xf4\x17\
Q\x1a\xef\xad\xe12wL\xb4\xd7\xf1\x0f\x86\x18\xc9t\
i\xa3 /\x0a\x97\xeb\xabD\xf8\xefda\xfe\xbb$\
\xb2Y|\x8f;;\xb0\x98|\x7fF\xbe\xd9b\x17\x1f\
\xcc7\xb5\xe3}\xd2\x92\xa6[\xf9\xe8<\xa2cy\xbc\
\xf4qC\x17\x96\xd2K\xaf8y\xe2s\xd2\xc1\xed\xc2\
|\xa8\xa3\xcdAcS\x13\xd4\xfc\x02\x11V \xc8\xcf\
\x93\x99\x99\x89E\xe7\xa5\xf0NJ\x01f\x12\xef\xbe\x22\
q\x15\xbd\xc2<KkL\xad\xf1\xd0\x81\xe3P\xb2u\
\xc0\xbb\x0aj\x98\xe7\x19\xcc\xeb,I\xa1\xbc\xfdz\xe9\
*<\xfc\x03\xf0el\x06f\xb8\x06\xa0\xbauh\x0e\
\xc2:\xee.\x1f\xc2\xa1\xe9\xd99\xe4S\x8e\x9c\x9f\xd0\
+\xea\x228\x0c)\xaa>c\xd1Xh\x7fL\xe2\xcb\
I'\x94X\x8fG\xd4\xa91\xd1_\xcd7\x10A\xc4\
\xf7\xad\x1d\xb7\xf2p\xb9\x92O\xf9\xa3\x99\x0d\xdeW\xd6\
\x84vV>\x12\x89\xaf9\xda\x04\xc7\xc6\xc1)<\x12\
;\xdc\xfd\x10Q\xdf\x04\xb3\xe2r<qU\x09\xad\xad\
\xb7|L\x1f\xb2!\x1bcR\xf0MG/6s\xbe\
\x80*\xc9\xff\xae\x83X\xee\xe6{WL\xc4\xd9\xaa\x18\
a\xfe\xe7\xc6\x86z\xa8\xd9\xf09v`\xda\xd2\x8d\xad\
^\x01\xb8nf1\xf0\xec\x1a]#\xec\xb3\xb4C`\
b2\xe6Y;\xe3\x1b\xdfPL>)\x8e\xd7\xa5\xe5\
\xa0\xee\xe2\x86\x1ft\x8c\xf8\xe7\xae\xe4\x14\xe3U\xb2W\
\x1c\xef\x0c.\xf6d\x1f*\xea\x1b\xf8\x9c\x8a\xde\x99\xd9\
#\xd2\xa7\xb8\x22\x19\x97\xb8\xfdJ\x95\x89\x8ac\xc2\x9c\
\xca\x13\xbf\xe5\xe2\x04sK\x22\xc7D\xffR\x92\xf3\xcc\
\xdb\xe6\x7f\x85\xae1~%\x9d\x1fUS\x8f\xd7d\x14\
\xb1\xe8\xc4\x19\x18\xbb\x09\xd6\x1anfN*%\x22F\
\xb7u\xe2\x15%M\xb4\x13/\xa5V\xd7B\x86t.\
7J\xff\x96N\xbc\x10\x95\x8eY\xc1\xf1\x98\xaae\x82\
\xa7e\x95\xc1\xce]\xc6\xe5\xe8\xc4\xbb\xf6\xc7=W`\
\xaf\xe3r\xf2p>.\x05Ws\x8b\xf0\xad\xa19\x1e\
\x22\x8c\x15\x9e{\xeb\x1c\xffZ\x92\xab\xe3Vv|n\
\xafE\x8a\xea\xb0\xb4'\xacO\xfah\xba\xa9=\xa4i\
\xdef\xcb(\xe1\xb2\x9d#:\xda;\x10\x14\x13\x87y\
d#&\x92\xdf\xf2\xa5\x7f$<I\xbe\xac#\xa2\x91\
\x5cR\x0a\xef\xb2\xaaQ\xd7\xa9\xb8\x98_e\xbb\x998\
\xad\xfeP\xf2\x98\xd6\x98U\x1fQ\xb8n\xfb4\xa9\xb8\
\x9e1\xdb\xbc\xe4\xe6V\x14\x09\xe7\x80\xcb\xad4K\x5c\
\x12\xe8\xe9\x86oe-\x1e\xbb|\x1d\xa6^>\xf8D\
\xe22V\x1e9\x8e\xfd\xd6\x0e\xbc\xfd\xca-+\x83d\
|\x0a\xae%\xa4\xc1)=\x0b>d\x8f\x03i,\x1f\
^S\xc2\xfb\x97dy\x7fy\xa1_82\xc8\xdf\xb1\
\x0e\x08&\xbc\xe2\x86qn\xc1H\xa8k\x18\xb1\x1f\x5c\
\x1e\xfb\xd4\x16A?\xbe7\xb1\xe2\xefJ\xba\x9c\x9c\x81\
\xdf\xec]\xe1\x97\x94\x8cH\xeagrQ\x09\xdaH\x7f\
/WP\xc1wZ\xfa\xd0\x8aK\xc2r\xb2\xfd\x92\x1e\
>x\xd2\xc0\x12{#\x13\xb1\xd5\x9a\xb0*\xf9+S\
\x08\x83}\x22v\x1e*V60\x8fK\xc4\xcb\x1e\xa4\
\xa3l\xbd\xf0\x9c\x961<\xe2\x13\x11K\xf6\xadF\x98\
\x0bn4\xbdh\xe9\xf3\x1bN\xa93\xfa\xcc\x9avW\
\xdd\xaf<.\xd9\xd8\xeb\x9b{\xc2{\xed==\xf0 \
\xfaq|P\xdd\xd6\x86\xf7.J\xa3\x87|\x1f\xf1\x90\
H|\xa5\xa4\xce?\xfb\xb2\x8e)\xd8W\xcb\xf1\x96\x88\
\x18f\x12o\xcd9'E\xfe\xa6!>4\xb7\xc7\x9a\
k\x8aHM\x16\xe4h\xb6\x0c\x0e\x85\x08\xd1\xed57\
?,\xf0\x0e\xc2M.\x88\xee\xec\xc5\xa7\x84\x19\x1dR\
\x87_\x97\xe3\xf2\xd5q\xb9(\xb9\x92_Q\x89\xa7\x8f\
\x9e\xc1\x01gOxg\x0c\xd5\x0dE\x84\x87=\xe8\xbb\
\x19\xfb\x8f\xc2;8\x04\xe7I\x7fN \xbb\xf0\xa2\x8a\
6\x16\x9a\xd8@\xd4\xc5\x133\xb5\x8c0\xd9=\x18\x99\
\x84\x19Li~\xbe\x22\x1f\xb2\x9c\xb0\x1a\x97s0\x80\
d\xbaJ\xb8\xfeSF\xfe\xbc\xd7\xed\xbag\x98\xfd\xa6\
\xa8T#\x9c'_LTy\xca\x9a\xd1h\x7f@\xe2\
\xcb'O(\xb3V\xdf8\xc91\xf3\xbe?\xf9\xf1R\
I\x19\xf0!\xec\x11G\xbc\x19UY\x833^\xfe8\
O\xd8\x8d\xbb\xc7b\xe1yIlv\xf5\xc6\xf8\xcb\x0a\
xW\xe2\x0a~\x0c\x8c\x02\xbb\xaa\x8c\xf5R\x97!\x99\
\x96\x03vT\x14G5u\xb1WU\x03Z\xee^\xb7\
\xec:\xf1\xfc\x87\x0ajC\xf9\x9b\xda0'\x99\x89\xcc\
\xcd\x1f\xf2}\x17\xe1+7a\xeeZ\xee\xfe\x1a\xee.\
\x80y\x87E\xc0~?\x0c\x8b\xb8;u\x16\x97\xc3\xf6\
m\xe1\xbdr\xb9u\xf5\xb0\xcc/\x82BT\x1c~\xb0\
v\xc2\x84k*x\xca\xd8\x0ev%\x95D\xef~\xfe\
\xce\x09\x83\x88\x18\xc8Y\xda\x0c;\xfe\xa4\xc2b\x04$\
&!>&\x06:$\xe7\xc3\xc9AQy*\xa4\xcd\
8\x1b\xfc\x88\xc2\xe8\xb1<S\x96\x9c#[\x9d\x94\xed\
8&\xdaG\x17\x97B\x81\xfav\xfb\xbd\x89\x9d\xbd}\
\xfc]\x22\xba\xc4;\xef\xc8)\xe3\x9d\xf3\x97\xb0\x8d|\
\xdf'\x88\xc7\xa6\xeb\x9aa\xf15e|al\x85U\
\xb1\xa9`\xd2\x0a8l\xeb\x84m\xc4\xeb\x9bL,\x07\
U\xd4\x07\x95\xb8[y\xcb\x03\x89F\xd6\x09)\xfc}\
\x82\x91\x05C\xf3\x0fry\x9c\x0b\x85w\x22\xb8\xfb\xfa\
A\xd5\xcd\x13\xaf\x87&`\x82{\x08\xae\x0fsWF\
5\xf9%K|\xc8\xcf&\xb9-\xe6r\xa9vv\xf3\
\x98\xd2\xd4\xdb\x17\x019\xf9\xd8\x1e\x10\x8e-\xfa\xc6X\
E\x18\xe22\xd9\xa4C\x1a\xda\x88\x15\xca\xe7p\xf4u\
'\xfb\xc0v\x1f\xc2\x86\xa8$\x0c\xb7b\xd5E\xfd\xe3\
\xee*;\xad\xf2\x88\xef\xe8>/[\x7f\xc9t\x1c*\
\xeb\xb3\xc7D\x7f\xfb\x8c\x1c\xac4\xb4@Z~\xfe\xa8\
Z\xaa\x8et\xa4Qh8\x8f9\xde'\x7f\xf7\x8a\xb5\
\x1df[:\xe2-k\x17\x5c\x88N\xc0\x876\xcex\
UQ\x03\x99\xc2\xbc\x86\xf6yE\x08m\xeb\x80b|\
2<k\x1a\x10F\x18\xa3\x84\xf4F~I\x09\xd2I\
\x062\xea\x87\xe6\x00,\xad\xad\x85nX\x14\x9a\x09\xa3\
VUT\xc00(\x14\x1f\x10!\x96\x10~- ;\
\xd6K\xd8,\x81x\x94\xcb\xfd\x5cK\x98%\xa5\xab\x17\
\xb3H\xbfW\xd2{\xb6d\x7f\xfd\x85\xf9\x8c\xb9;\xa1\
\xb8;5*\xa9\x1f\xc7H\x0f\xa9\x93\xed0\x88\x8aA\
ni\xe9\x90\xf6\xb8\xbd`\x17\xaa\xeb\xe6}P\xfe\x84\
\xd5\xb4\x0a\xca\x90U[?\xe2\x1c\xa9;|@~\xc0\
\xb8\xaa\xd1\xce\x9e\x9dT\x9a(s\xcd\xe2I\xd47\xd6\
\x8f\x89\xfe\xdc\xfd\x11\x1f\x92O\xc9V\xaf\xc3\xcc\xa5\xdf\
@\x86|\xc5\x9e\x8e\xd1\xf3\xc16\x10\xff\xd6\x91\xde\x8c\
',\xc2\xdd\x0b\x92VQ\x85_\xdd}\x10/\xdc\x0b\
L&;R\x22\xb4i\x19\xa5e\xf8\xf6\xf25h\xa6\
d\xdcl\x10\xca$\x13\x0d\xb7\xed\xc3rwip8\
\xcb\x83tP\x06\xe1q\xee>\x95\xc9\xa1\x89\xf818\
\x8a\xbf\xa7\xd3\x9el\xca/7t\xc0t,\xb0\x8e\xb0\
\x90\x07\xe9\xcc\xad\xb6\xce\xd8\xe7\xee\x8b\x0b\xa9Y\xb0\xa3\
yn\x15\xdeARC8\x99\x9bCcO/8s\
wC\x90\x1c\x97u\xf7\xa2\x9ct>w\xbfSuG\
\x17\x96\x91o\xc0\xf6\x1c\xc65\x9f\x80\x81>4\xd3{\
\xa1\x19#\xaf\x97[\xfa\xfd\xc4\xddk\xddxZ\xf6\x93\
\x11\xf3\x14\x9fT\x19g\xa3\xe9:\xe7\x9e\xfc}\x0e\x83\
\xc9\xbbz`\xe9\xef\xfb\xf0\xc8\xc2\x0f\xb1\xe8\xc0\x11\xa4\
\xdee\xdd\xbe\xab}(^M\xaf\xac\x86~\xa6\x80\xfe\
\xce\x11Q\xc8\xcb\x17`\xc8\xda\xfaz<\xf9\xfb!L\
\x10\x95\xe4\xf3\x19\xf3\xebr1\xf1\x88\x19fM\xe8b\
`\x18/\x07\xdd\x8d\x8d\xd8A\xbe\xeb|\xc2PO\xfd\
\xba\x15+\x15TI\xbe\x5c\xf0cw\x1f\xe6\x977\xe3\
5;\x0f\xe8yx!\xab\xb0\x08\x16$'\xfe$[\
\x81D\xb7\xf6\xdb\xee\xf8\xf3%\xbb\xfa\xbb\x93;\xe2\x89\
\x1f\x1a\xb9{3H&\xaa\x88\xb1sIV>9-\
\x0evA\x06\xdf[;\xdf\xdac >\x8a\xaa\x1e9\
/\xa9[\xc4i\x9c\xd1 \x0ctm\xe1\xfb#b\x1f\
\x15\xe6\xce\x9dS\xb9\x97Rr\xdb\xfd\x8fy\xc4/\xae\
\x84+F+Q46.\x97\xefMlSK\xd8\xa2\
\x92\xde\x93!\x0c8\xf1\x84\x18^>p\x8c\xf8Q\xa0\
\xcf7g\x14\x81\xa9\xea\xe3<\xf9\x13\x85EE($\
\x1d\xa4\xe8\xe6uG\x9d\xdc\xdd*J5\x8d\xa8!\x9d\
\xe0\x9c\x9d\x8fs\xa4?\xbe\x12=\x07&y\x0d/$\
\xe6\xe3\x07zf\x15a\xa8\xad~aH*.\x81\xb5\
\xad-\x22\xa2\xa2PWU\xc5\xdf{6\xacoCx\
U\x810\xc2~CS\x1c\x22{0\xe0_\x86E\xc0\
\x22:\x0e\xa9\xf5\x8d\x08\x22]\x18T]G8\xa4j\
\xd41\x07\xc6\xab\x80\xf3\xab\xcej=\xf2\xd5\xc8\xd8\x93\
\x85X\xf8\xfft/\x01\x1f\xf0\xe7r\xd0\x93\x9c\x82t\
\x02\xa7\xf7\xf2\xb8\xdc\xfa\xa4\x87;\x9a\x04\xb9\xfc\x0b\x88\
\xb6\x91i\xe9h\x13\xde%\x15B>\xf0EO_\x98\
\x93\xff\xe2Lv\x8b\xc3J\xbbe\xe4\xc8y\xed\x80\x7f\
L,\xd8u\x0d0Q\x09x\xc6\x09\xd6\x9e\x0eF$\
\xf0x)\x81\xea\xe0r\xc1\x1bzz\xc3;1Y\xe8\
\xe36 9\xed\xd6\xbdwg\x0a+1\x85\xfc6\xbb\
\xdcB\xdc\x5c\xb1Wpr\xc5\x07\xf6\x1e\x98\x92Y\x86\
\xb3\x95\xf5H$>\xf5\x8f$\x0c\xf6\xd3z<\xaa\xac\
\x83\xa3z\x86\xa3\xe3;\xb2\xfb\xe3Oq\xf3(\x07\xd9\
\x90\x08\xdc\xb1\x19\xc2\xdd\xdf\xd4w\xf7\xb8\xa5\x90x]\
\x5c0\xe0b\xa7\x9f\xf8q$\xfa\x13\xf6\x8c\xb6\xf4\xff\
e\xcc\xe4\xb7\x09\x0c\x86\xb8\xab\x17\x98\x98\x14\x9e\xde\xb8\
\x15\x936n\xc1V5MH\x1a\x99b\xfa\x8e\xdf\xb1\
M\xcf\x18\xaf\x9d:\x8bG\x96\xaf\xc4\x07\x22\xa2Pq\
p&[\xf13O\xdf\xdft\x0c\xa1me\xcd\xef{\
\x8dS\xd0\xc0\x05G\xc1\xfe\xcc\x81\xecb<nb\x8f\
Y\xa7\xcf\xc1\xcc/\x00\xef\xec\xfc\x1d\x07\xa4\xa4\xe1\xd2\
\xd4\x8cM\xf9\xc5\xf0\x22\xfd\xd4C\xba\xfa8\xf9qK\
N\x89a*\xb5\x13\x90,\xc08\x5c>\xeb'r\xab\
\xf1\x1ea\x9b\xfeA\xeb\xe6\xf6$\x0f\x13\xa9\x8d\xefU\
4\xd0K\xbe\xdf6;gL\x8fN\xc74z\xf6c\
ck\xac\xd8\xb1\x0b\x8b\xb7n\xe7\xef1\xba\x99\x8b\x7f\
\x80\xd7\xc9W8C~\xf2\x14em\xb0kjx\x97\
\xfc\x15-\xc2aU\xf7\x98\x0f;8\xda\x84\xa7\xbf\xa8\
\xca\xa4\xed#\xf2\xbf*\x8b\xb2\x0e\xdc06\xdbK2\
k\x99\x91\x0b\xab\xac<\x9c\x08\x8f\xc5\xe7\xe4\xdf.%\
\xbf\xeb)\x8eW\xd6\xfd\x86\x17$I\xff^S\xe5\xef\
l~M\xec\x22\xa6h\x1a\xe1\x15\xd1\x0bx\xf2\xb7\x9d\
\x98dl\x8b5v.\x88#\x9f\xf4\x89C\x22\x98\xec\
\x13\x8e\x15\xa1qh-\xc8\xc7\x85\xa2\x0aL\xf0\x0a\xc7\
4\xd2C\xdfJ]\x81\x15\xe9h\xb3p\xe2\xd7s\xd2\
8)\xbc\xe72\x87t\x15\xb7\xd7\xb3\xda\xd4\x1a\xc6d\
;]b\x05\xf1\x0cY\xbd\xfd`\x11i8\x90*\xb0\
%\xdc\x1d\xd6^\xa5\x84\x87\x08\xc7\xec\xf7\xf4\xc7\xab\xbb\
\xf6\xe2\x12\xf9[o'\xe5bnM'\xbe\xaf\xeb\x84\
\x94\xb3;\x9e\xda\xba\x1b\xfb\x0cL\xc0\xbe\xf9\x1e\xaf\xfd\
~\x80\xf4\x841\x1a*+PA>}\x980?\x7f\
~m\x1d\xd6\xb9\xfa`\xbc\x8e9\x98\xa6)\xde\xb7t\
\xe2e~\xac%\xb7\xd4\x17\x17\x8d\xb8\xd8\x14\xb6m4\
\xfa\xdb\x04m\x1cS}\xae\xe4\xd7\x04\xe5\x15\xc2%B\
\x80\xfbr{\x04|S@Xa\xf2\x9e\x83\xf8\xe6\xe2\
e>\xbed\x9a\xaa\x0e\xa6\xdb\xbaa>\xf5\xd7\x8et\
\xe62E5<\xe6\x1a\x80\xe3Q\x02\xfd\x22\xcd\xed\x9b\
Y\xbb\xe3ms\x07DE\xc7`\xb9\xbd\x1b\xb6\xfb\x87\
\xf1~\xea\xcd\xe2\x9dB~\xc2\xb7?\xe1\x84\x85\xc0\x07\
\xe2\xee\xd3\x5c@\xbe\xea\x8c\x9cJ\xbcC\xba\xe5\x88\xbd\
\x0b\xb2\xc9f\xdf\x88M\xc47\x8e\x1e0\xf1\xf5Gb\
Q\x09\xf9\x84U\xa8\x22\xdb\xd9B\xbcjBsWH\
\xba~\xad\xc4%<%~\x89_C\x90$\x9fJ\x8d\
\xb0\xc3\xfb\x84\x83w\x96\xd4\xf2w\xd4\x89:\xbaa\xa3\
\xbe)\x9e\xbd\xaa\x04\xe5\xd0\xa8;\xc6\x9dC\xf8\xf5(\
\xf1\xdb\x81\xc0\x88{\xe2\xff\xa2\xca@H\x10\xfd\xcfj\
\xb2\xad\xa3\xd8\xdf1\xeb\x9f\x0e\x9a\xfb\x9c\xaa\x1a\x1e\x17\
pq\x7f\x01\x95\xb7\xe8\xa5\xe1\xe0\x88\x87\xd7n\xc2+\
6n\xd8\x10\x11\x8fw\x8d,\xb1LV\x91\xffmw\
x\x1c\x1f\x1b\xb7]K\x1f\x05\xe47p>\xeeG\x84\
#\xbe\xbb\xa6\x88o\xaf\xab\xc2\x22-\x8b\xb7\xcd\xb7\x97\
\x0f\xd5\xf5\xb0l\xff!\x9cp\xf6\xc0\xafQ\x89x\xc3\
\xd9\x1b/j\x18b\xfc\xc1\x13`\xb2*\xbc\xcc\xc9x\
\x0a\xf2Cfge#\xfb\xf6;Jz\x85\xf76\x13\
f\x96$\xbc\xfb\xf8\xde\xc3\xb8Jx\xd988\x0c\xd3\
\xec\xdc\xf1dt\x06\xd6'\x0ap\xdb\x97\x1e\x81`\x1a\
\xc6\x98J\xbe\xb0\x88\x7f\x08\x7f/\xcd\xe0\xd8\xcf\xb4\x9a\
:\xfe\xfe\xf8{)\xa1\xb1\xa6\x02\xfb\xab>\x8a\xfeQ\
fa\x96\xfe?\xdfs|\x01\xbf\xdeHX \x98d\
\xdd\x93\xfc\x92%FVxA\x87xHN\x15\xcf\x1f\
9\x899\xbfm\xc7KGO\xe1\x98\xb9\x0d\xd4}\x03\
\x90\xc8\xf9\xcdd\x17u\x9c\xdd`\x15\x1a\x86\xda\x96[\
sW\xc6\xddC\xda\xd2N\xba-\x07V\xc9id\x96\
;\xf8{\x00~\xa2F\x0f\xfd\x1f{W\x01^\xd5\xb1\
u\x0f\x16\x9c\x84\xe0V\x5cZZ\x1e\xd0\x96\xda+T\
__\x9d\xb6P\xac\x82\x17w\x92\x10#\xc1B\x88\xbb\
\xbb\xbb\xbb\xbb\xbb\xbb\xbb;\x10\xc8\xfa\xf797\x90\x04\
\x02$\xc8\xfb+\xcc\xd7\xfb\x95\x5c=g\xb6\xad\xb5g\
\xcf\x1e\x8a\xdb\x02\xce\xfe\xe0w\x0f\x06\xbf\xa2&f\x8b\
J\xe3\x02a!s\xe2\x07\x09e\x8f\xaf\x09\x89\xe9\xb8\
\x09_\xc2\xfd\x06\xe43\x0b\xc8\xb6\xf4\xe8\xef\x0d\xfea\
\x98\xb2u\x176\x88I\xe1<\xc9\xee\x00a\x1c\x91\xc4\
t,\x09\x8a\xc5~\xb2\x83Yd\xbb\x8c\x8a>w^\
\xef\x8f\xde\xc1( \xdc\x14\x98\x99\x8d\x8c\xde\x1e\xf0\xc3\
\xa9\x0d\x08M0\xe4\xfc\xbf\x90\xea\xa4-\x8f\xd1\x7fo\
C\xafM\xc3-8@Qe%BJ\xca\x11B\xf6\
\xbe\x9d\xf4z\xb4\xe8e\xac\xd25\xc5\x86\xa3'\xb1\xf4\
\xb7}\x98Axr\xec\xc1\xe3`~\xda\x89\x0f\xf6\x1d\
\xe4\xce9\x0cH\xe9\xcb\x0b\xa4&\x94\x00\x14.\xbd\x12\
j\xe1XZ\xca\xc5\xc0\xcc\xf4\x0c|\x1c\x1e\x87\xd9\xa4\
\x8b[m\x9d\xb1\xaa\xa8\x1a\x13$\xafb\xae\xb9\x03\xd6\
\xbb\xf8\xe2M-C\xcc\xf5\x0e\xc3\xef\xf1\x19\xd0\xabi\
\x1c\x5c7\xe8\xda\xda\x09\x8fF\x93=\x98:\xbb\xc24\
&\x1ei\xf4\xef\x80\xe8`\xd4\x12\xc7bW\xe7\x96y\
\x85b\x99\xb26$=|\xb93\xe6VI^\xc1\x06\
\xb2\xc9\xcb\xf1)\xf8\xc6\xc5\x07\xb2\xe4\x83f\x19Y\x93\
\xcf7C\x18\xddc|a1\x1c\xd22\xd1\xdd\xdd=\
\xaci\x0aIR\xef\xc5\x9f\xcc\xc7\x8f\xc9?\xd8\xebz\
\xae\x1c\xd6\xf7\xb2\xf5\x84z^}x\x9c\xd5U\xf6l\
P\xee\xbc\xd2\xee\xdb\xdc\xb9\x9eM\x9d\xb7PL\xd8\xdc\
62\x16{\xc4/\x22>\x93\xc7g\xd9\xfa\x06MG\
{|{\xd4\x18+\xce:\xe1\x13uGL\xb9\xae\xc0\
\x9d=\xe3C\xb19\xf9f7\xbe\xf3\x0b\x03s\xec<\
>\xd71\x82\x95\x83#f\x9c\x16\xc1\xef\xd6\x8e\x88+\
.\xc5\xfb\xde\xa1\x18OX\xe9\x8d\xca\x06\x9c\xa3\x18t\
\xab\x1f\x87b\xd7bb\x12\x12\x11I\x5cm\xaf\xae\x11\
\x8e\x1b\x99C\xc7\xcd\x03\xbaN.4\xf7}\xeb\xb7\xe9\
\xe4FV8\xf9p\xeb\x96?\xe7Wb\x1b\xc9z\xfd\
/\xbfC\xd2\xd4\x9c\xf3\xb1\xec0M\xc9\x84\x12\xf1n\
\xf6\xbc\xbf\xb4\xce\x9bH'N\xdd5\xc89T\x8f\x1b\
^\xd1\x92\x10\xd5%\xfdWX\xf3\xc8\xbe\xa7g\x95\xc6\
\xab*\xd8\x09\xa0\xb5}\xe8\xd8\x8aE\xc3\x01\xd9\x8f\xcf\
\x17Y\xbb\x9a\xa2\xb4\x99\xc7Yk\x1b\xeaa\x16\x1e\x8d\
\x9d\x14\x13fP\x8c\x1b+t\x01\xb3E\xd41\xf7\xa0\
!~&\x5cw\xc5\xd7\x1f\xa2\xfaF\xf8\x8f\x95\xc3\xfd\
\x9cC$\xc5\xdf{k\xae\xdb\xd5\xb40\xde\xc9\x0f\xdf\
7vB\x97\x9e[\x1d\x95\x8c\xb7\xd3r\xf1\xaf\xaaf\
\x14\xf6;W\x8b\xcd\x07\xf8\xa6\xa6c\x8f_(\xaaj\
j{\xd7f\x8a\xb1RM\x1f\xdf\x9a\xb9\x0e\xcc\xe7\x10\
~?D\xb66\xde;\x12\x93br\xb01!\x0bq\
-<\x8e\xde\xd8\xda\x8a\x8c~\xf5nl~\xc262\
f\xd8u\x09\x8e\x84k\xc8\xbf\xb4\x9d\x96zt\x7f\x0f\
z}\xd7\x15\xf3\x91\xa8m*\x1e\xd6w\xb3\xe7\x92\xe4\
\xd1\xbdg\x92O\x8d\x22\x0c\x1e\x5c\xd7\x04\xbf\xfaf\xdc\
\x88O\xc3\xf7bg\xb1\xe9\xd4\xefX\xaf\x22\x8ew.\
\xff\x8e5?\xfd\x04\xe6\xc4q\x8c;+\x84\xffj\xe8\
\xe0bd$\xd4\xad\xf2 \xa2\x19\x85\xc5g\xe5`\x19\
\xe8\x0f\x9b\xb8$l\x94S\x81Kx\xe4C\xbfeN\
\x18j\xaa_\x14>\xe9\xb8\x036;\xbd\xb6\xa8\x16|\
\xfa\xd682\xc89Q\x86\xf1Ix\x97\xe4\x1c\x9c\xc9\
\x8b\xab1\x89Y\x98\xe6\x19\x85\x89\xe9\xc5\x90\xae\x1dx\
\xd6[wQ\x01l\xa2\x22(\xae\xbbC .\x07\x13\
C\x12\xb18&\x1d\xfbcS\xd0\xde\xef,\xce@\xe2\
~\x0d\x8d\x8d\xc3\x9e\x7fm\xe7\xf7 \xa41\xa2v\xeb\
V\xdbQ\x8f\xdeS7\xe9cn\xed\xb1<pX\xdf\
]J<\xfdU\xe2%\xa3\x1d|0\xd2;\x1c#=\
B0\xca\x93\xfc\x86\x85\x0b\xf1\xab\xdf\xf1\xfa/\xdb\xf1\
\xcd\x15Yl\xb1\xb7\xc2\xb1\xd3\x8a\xd8\xae.\x02)\x0b\
e\x1c\xd7WF.\x9b3$US\x08\xf0\x01\xdf\xae\
\xbd8af\x85\xa6\xe6\x16\xec'?\xa0ln\x89\xa6\
\x96\x96\x87\x16\xf4\xbe\x08\x8e\xc1\xfa\x86N\x1c!\xe3[\
\x9e\x90\x831\xd27\x10\x9d\xfe\xf0\xf9\xac\x09\x15U\x98\
s\xec\x0c\xe4(n\xfbQ\xbc1\xf2\x0c\xc0\xab\x8e\xfe\
X\x5c\xdf\x85\x8f\xe8u\x9b{u\x22\x89\xe1p7\xd4\
\x84e\x88!\x8a\x1b\x0b ad\x8a\x8f\xfc#0)\
0\x16cC\x93\xb0\x82\xb8\xda\xf9\xc2J\x98\x17W \
\xbb\xb1y\xd8\xb1\x97\xe5\xc7\x0a\xb6\xd3 \xa4\xfe\xf8z\
\xc4\x83R\x1fM'\x0e|30Q\xe6\x91\xdfU\xdf\
u\x13\x15\x1d]\x5c-O\x07\xe9E*a\xd0t\xc2\
3g\xc2c\xf1\xae\xae\x09\xce\x07\x84\xe2Zz.\xd4\
\x88\xf3x\x16\x97!\x96\xe2U6\xc5\xad\xc6\xae>\x7f\
YT[\x0c\x0f\xbbr\xd8\xf9G\x13\x8e\xbb\x09'\xc2\
w3\x08\xabN'\xcep\x840\x92,q$\xc3\xa0\
\x10l3\xb6Di\xdd\xc03b\xd8\xb3\xd7\x97i\x18\
\xd2\xbcgc)\xc5\xde\xd1j\x06\xf8D\xea\xcaC\xeb\
\xe3\xf7\x86fl\x22\xde\x90\xbc\x0cy\x177\xf2?\x85\
p$[P\xa3\xf8/K\xaf\xed\xa6\xc7\xf74\x91\xe2\
\xde\xbe\xf0s\xb0\x80\x9b\x8b\x05\x82\xfc]\x90\x97\xc7\xdb\
#\x12VZ\x81\x83\xb1\xa9\x5c\x8d\xe2\xa8\xf0T\x8c\x89\
\xc9\xc2\xea\xd4BD4\x0f\xaf/Wem>\xaeZ\
\xb2\xdck\xa4\xea\x13\xd7\x1fU\x99|s\xdf/\x07\xc7\
p\xe4g\xd83\x12\x13Z\xda\x11[[\x8f8\xc2\xd8\
y\xf7\xce\xc1\xeb!\x0ePX\x82\xba\xf6\x8e!]\x13\
\xcb\x85T\xdc}0\xdf\xc8\x06|d\xeb\x8b\x08\xf3}\
\xee\xec\x0dywO\x1cwp\xc5\x0e[\x17\xd8\xa4<\
\x5c{u\xb3\xb3\x13\x9fJ\x5c\x82gv\x1e2[;\
\xb0\x91\xb0\xd0Au\xadG\xfe\x8e\x93\x7f\x00\x1c#\xa3\
Q\xc6\x9e\xab\xd7\xebGj\xf3\xf3Q\x5cU\x83\xafs\
\x8a\xc0_\xd6B\xfe\xa8\x0c\xbf\x16\xd7\x22\xba\x9el\xad\
\xed\xe1\xb3\x19\xdb\xe9\x9et3s\xf1eL*\xa6E\
\xa6A&=oX\xf3\x1f\x97i\xc9\xad?^P\x9f\
\xf6\xeb\x93\xeb\x0e\x19C%\xfb\xe9x\x10^\xd5\xd2\xf5\
{WT?\xb9\xe6\x8b0B4\xc5\x82{k\xa4l\
\x1e\xae\x90dd\x97\x9d\x0f\xb9\xc2rl\x0d\x8e\xc6\xe2\
s\xa2\x98xZ\x08\xcc\x91\xd3x\xfd\x92,d\x83\xb9\
\xbe@\xf8%%\x17\x1f\x93\x9f*'l\xd8DvV\
N\xf7\xcd\xd6\xc8\x0d8+\x88\xfc\xcf\xc7\x84\x91\xfe\xe5\
\x1b\x0e\x0f\xc2G\x0e\xa4\xd3\xe7\xdc}\x1ey=2\xf4\
\xddV4w\xec~#][;\x8e\xa3\x94\xd4\xd7\xe3\
&\xf9\xff\xea\x822\x98\x95T`M\x5c\x16FDe\
`\x12\xcd\xed\xb7)yp(\xaf\xc1\xed\x07j\xafc\
\xd9\x1c\x13\xd9X'a\xa2h\xfa\x8e\xe8\xbaF\x14\xb7\
\xb5#\xa0\xb6\x01\x9e\xb5M\x5c\x9e\xfa\xd1\xf5\xe8\x07p\
A\x87\xcd=/X\xfa\xc4\xf9W\x98\xf2\x8b\xb4)\x83\
\xe2\xca\x81\xb5o\x054\x17\x99\x1d]O\xac9f\xf3\
\x98!9y\xd8ef\x8d\x0fi\x9e\x16I_\x07\x9f\
\x9d'\x98\xdf\x0ep\xfb{\xe6x\x04a\xd5\xc9s\x5c\
M2\xbb\x0f\xe3\xf7\xebr\xd8$u\x15\x0d\x84c\xd9\
\x8c\xd9l\x03K\xc4\x10F\x97O\xcf\x81fJ\x06|\
b\xe3\xd1\xd9o\x1fFsM5V\xd2w\x0a\xd2\x5c\
\xad\xeb\xbc\x8b\xd7\xeb\xdb\xf0u@\xd4\x80\xfdz\x1ea\
\xe1\xd0$\x9c\x99\xd3\x8b[v\x07Gb\xe4\x85K(\
!?\xd7\xd3\xd5\x09#g6w\xd3\xe7\x0f\xbb\xe8\xb7\
\x95\xe9\xf7\xd6\x06Fc\x04\xc5/\x86b\xd7k!q\
\xb8\x91]\x88L\xb2\xf3x\xe2\xf6\xad\x0f\xec\xb9(&\
\xfd\xc8\xa2\xf9h'EeQj*\xbd\xcf#kp\
\x1c\xa8\xee\xb4\x82|?S\xc40xb\x7f\xd2\xe3\xaa\
\xcbf\xb0\xfb{\x03\xe2\xaf\x0d\xcc\x9f\x92\xef\xa9}\x82\
o\xd9Ms. \xa3\x84Q\x8a\xda\x18I\xb1w\x14\
\xe1\xcb\xb5>a\xd8BXR\xde\xde\x11\x01\x09I\xdc\
\xfe$i#\x13\xcc\x14\x92\x80jH\x04f\x19Z\x91\
|\xbc\xf0id\x12\xb2\x0b\x0bQ\xc1\xfaK\xbaW\xa5\
\xc88\xce\xbf\xb1k\x92\xac\x5c\xee\xe5\xe8\x93\x93\x921\
\xea\xc01,N\xcc\xe1r\xfa\x0b\x0a\xaa\xb1\xd6\xd0\x92\
;\x97\xf1\xbe\xbf\xa0\xcf[\x07\x04\xa1\xb0\xba\x06IY\
\xd9\xd8\xa8\xa9\x8f\xb8\xb2\x0an\xdd\xf7xt\x22WK\
\xb4t\xc7\xaf\xc8\xc9\xa0\x98\xdd\xbf\xbe\x98\xfe\xed\x96W\
\x80m!1\x98\xec\xe2\x0f\xc6\xce\x1b\x13l\xdc!\x1e\
\x9f:\xa4zx\x96\x83\x164\x0f\xc4\x0bUuy\x5c\
\xfd\x95\xa8\xd6H\x8d!\xd7\x7f\xaa1!:nk\x07\
\xf0H\xf6,\xbe\xee\x9e\x07\xe3\xfa]\xb4uv\xa1\x8e\
b\xeb1k\x07.G>E\xcb\x18[=\xfc\xa1_\
P\x0a\xb3\xc8\xd8A\x12\xa7\xddX\xa4\xae\x8f\x19\x84!\
\xdf\x8bM\xc7\xfa\xe0X\xac\xce.\xc7,\xbfH0g\
\xc5pHM\x13\xe6\xf1\x89\xf0!~\xe5RY\x83\x08\
z\xb8\xd76\xc2\xa3\xa6\x01\xa5\xe4\xbf3rr\xb0T\
I\x93;\xa3uFb\x1e\xc4\xb2\x8aPT\xd6\xb7G\
\xeev\xaf\x9c\xd8s\xfe\x2232Q\xd6\xde\x09\x8bl\
\x9e\xbfv/\xaf\xc6\x8a\xb2f\xac(\xac\xc3LsG\
\xbcf\xef\x81\xb7I\xcf\x83\xab\x06\xae!\x91\xc1\xc16\
9\x1d\x97\xa2\xe2\xb0\xc0\xca\x85[\xb7\x9coj\xcf\xc5\
\xb7\xc7\x0dv\x9f\xa4W\xf9\xc039\x02\xe2\xe48\xdf\
/\xaa>\xf7\xf3!\xef{Qg\x0e\xb2\xf5\x12Uu\
\xbc<.{V\xb4]AI\xff\x85_\xc8\xd9:\xc0\
;\xbf\x08\xf9\xe4\x9f\x93\xc8\x17\xc6\x90\xae\xde\xa0\xf9\x8e\
\xa8\xe0\xfd>[\xaf\xd9\xd25\xb0v\xbd\x9c=\x03\xdc\
\xc4\x0cKH\xb7^\xabj\xc7\x9b\x15-\xf8wY\x03\
V7tc\x1d\xf9\xf3\x09\xc7\xcf\x117\x10\xc2\xd7z\
\xa6\x90\xaf\xaa\x87Nn\x11\xba\xfa\x9d\xb1\x99C\xb2\x0e\
'\xbce\x93\x9e\x8d\x00\xc2Vv\x155P\xca\xe7\xd5\
B\x14\xd3\xbd\x87\x93\x9f\xf0&\x1d\x8c\xa2\xd7\xd8\x9c\xac\
C2\xf1\xb9\x90H\x9c\xa4\xf80\xfb\xd2\x0d\x8cu\x0f\
\xc6k\xb5]x'!\x13\x0b\xc9\x0fN\xcb\xae\xc4\xfc\
\xbc\x1a,\xc8\xa9\xc47\x855\xb0h\xe4\xf9\xc0\x9a\xd2\
RtU\xf3b]\x1b\xf1\xaf3>\x81`\xe45\xb1\
\xd6\xc4\xe6\xb1\xb90\xb6\xd7W\xc4\x03k\xc0Z\xcek\
q^\x8di\x91\x92\xc2\xe8\xa1\xce\xff)\xa9\xb5\x02d\
\x03\xe4{y{\xee:\xc8n\xadJ*\x06|o6\
\xcd\xb3o\xe1\xa3\xcf\xa1\xf4)*E(\xcd\x87bl\
\x12~6\xb6\xc0z\x8f@L\x97\x96\x05\x9f\x88\x14\xd6\
\x966`C\xc3-\xac\xafl\xc3\xabi\x85\x10\xf0\x0c\
\xe5\xce\xc1\xadhiE\x08\xe9b}\xaf\xdcR\x88\xe7\
\x17\xb7=\xde\xe75\x12.\xf0#\xdbH\xa5\xf7\xdd\xb3\
O6v\xa7\x92N\x5c\x0f\x8f\xc1\x97\xd6N\xdc:\x04\
\xbb7J\x9d0\xe8\xabR\xd70\x91\xe4\xfc\xae\x9b?\
<;ncO}\x07\x16\x93=\xcc\xca\xaf\xc5\x98\x8c\
2,\xcf\xae\xc0\xf6\xb4|\xd8=p\xbffI\xa9\xf8\
\xd8\xc6\x05.\xb9\x05(\xa7\xebJ\xa3\xdfk{\xa0\x0e\
\xba\x83\xadU\xcc\xec\x9b\xff\x82\xb2$n/\x9e\xa8\xd6\
(\xcda\xefuWg\xec\x15\xedg\xb2)\x1c^}\
\x19\xf95\x8f\xbc\x22dUU\xa3\xb97\xf7\x9a\xddy\
\x13\x11\x8d\xcd\x03|KDZ:\x0e\x98Zb\xa1\x85\
\x13F{Q,;!\x0c\xe6\xfb\x9f1^U\x0f\xeb\
Z\xef\xe2\xad\x92zl,\xad\xc2\xda\xd4|L\xa6y\
\x9fA\xf8\xd33-s\xd0\xb9\x8d\x22lQ;\xcc<\
K\xffQC\xf8\x84]\x03(\xb8\xddgC\x1f\x1d9\
\x01\xe6\xc3O\xb0\xf9\x862\x84\x82)6\x11O_B\
s\xbe\x96\xfc\xd0!\xe2X\xcb\x08\xdf\x8f\x22\xfe;>\
.\x1bo\xc7eB9\xaf\x84\xab\xef\x1ap]d_\
,G)\xa8\x18(\xa3,\xe2\x92\x91u}\xdc\xd8\xd6\
\x7f?\xd8z*Q\xa5\xe5\xc3>\xbf\x8c\xab\xc52d\
\x90\x9ck\xdb\x97S\xe9\xdd\x87\xe3\xce\x9e\x15\xda\x0bP\
\xd3Z\xda\xb8=\xb2\xbe\x09\x89x\xdf\xd0\x02\x8c\x95\x1b\
\xf7X\xee\xe2\x87\xdd\x8e\xeep\x0a\x0e\x81\x03\xf9\xf3\xb7\
\xb3J\xb0\x92\xd4zUI#f(jb\xa2\x82\x16\
>\xd21\xe6\xf6\xf5s\xf8\x96\xbe[\x8ex\xdbZ\xba\
g\xe7\x16\xb2c\x9a\xfb\xb2\x8eg\xdf\x7fZC\xf2\x8b\
kl\x81}I)\xa4(6\xac7\xb5\xc6\xb4_\xf7\
a\xda\xce\xdd\x18sR\x18\x02\x84\xa5V\xe8\x99!\xa7\
\xb7\xf6\xa8\x9e|\x08{\x06\xedW\x84\xf5'\xf8PL\
r\x0b\xc6\x12\xf7 X\xf7\xd6g\xb0X:\x8c\xc5\xe1\
\x0f\xd4\xfb\xd7\xb7\xb5\xc1<5\xf3~-.k\x0b2\
\x96\xe3qAcD\xdc\xd3\xee\xbf;\xab:2M\xdb\
\xf5\xb5\x87\xf9\x1c\xf9\xa3 \xc2[lMd\x22\xf9\x98\
\xf5&\xb6\x5c\x9e|\xa6k\x00\x8e\xa4\xe5!\xa1\xf3\x16\
\xa2\x1e\xa8Qc\xcdH\xae\xba\x09\xf3\x88\xf3\xb2\xfb\xab\
\xce\x98[s\xf7\x90E\xfe<\x89|Y\x0a\xd9\xd7\xf6\
\xe4l\x8c\x22\x8ey\xb1\xbe\x1d\xcfu\x90\x8f:\x9c\x97\
\x0f\xb6\xb2\xe6u\x9a\xb6\xb7\xca[\xb0\xc2;\x0ck}\
C\xf06\xe1\xa1W\xd5\xf4p\xa7\xe1\x01\xfcN<\xcc\
*<\x12\x22\xb1\xc9\x98fM:\xa5aB8\xce\x11\
i\x95\x0fs\xa0H\xe2\xff\x1et\xbf\xad\xfd\xf2D\xbe\
\xd1\xd7\xc0\xf6\x80\x14\xd5\x9c\xfd\xf5S\xef\x7fT\x9f\xfe\
\x0d\x9b\x0fJ\xcds\x1b\xf0{\x85\xb7\xba\x11I\xf3\x16\
\x9dW\x08\xa7\x92J\xec\x08\x8c\x84R\xc6@\xec\x1b\x9f\
\x9c\x02\xdf\xa4\x94\x07\x16\xcd\xba\x10\x9c\x9e\x89\x96\xd66\
\xf2\xdb\xb7\xb8x\xd9\xf8@\x8c.%\x8c[y\xab\x1b\
\xcf{T\x13\xde7\x22\x9d\xfc\xba\xb2\x05\x0b\x0a\xeb1\
\xab\xa8\x01+\xc8\x16_\xa5\xb8\xbb9<\x81p\xd2@\
n\xd3Bq\xb7\xb5\x17K6\xd3\xbf\xcf\x86Fs5\
?\xdb\x94\x07\xeeGd\xcf\x05\x0f*\x19X\x1f\xc7\xf6\
\x86\x91\xb5\x12\x80\x88\xe6\x88\xccg\xdd\x7f}VuD\
\xba\xa6\xcb\x8a\x01\xa1\xbe\x9a\xe6\xd1\xa7\xa1\x156\xc4=\
\xcd||\x10VV\x0a;\xf2\xa3b\x84\x93\xbf\xf7\x08\
\xc0\xabV\xce\x10\xb0r\xc5T'?\xb8R\x8c.\xa4\
k\xcc\xa08QE\xbe\xc0(<\x0an)i\x84\xc7\
+\x87\xbd\xc6\xf6\x5c\x06\xcb_\xc9v\xc5s\x8a\xf1)\
\xc5\xa0\x15)\x05\x98\x91\x5c\x80\xd9\xb1Y\xf8\x0fq\xdf\
\x8b\x05\xe5p\xa1xnA~\xbf\xb2k`\xec),\
\xaf\xc0\x87\xc7OC\xd1\xd9\x0dI\x95\xbcz\x1fV\xef\
+\xdb\x06\xda\xabg\x84\x04.\x9a\xb2\xfb\xee\xe6~\xff\
\xec\xfd\x96\xe6\x7f\xc4\xeec\x0dO\x1e\x98ci \x9b\
v&_\x18\xd8\xd8\x80\x84[7aH\xb6 \x1f\x1e\
\x8d\xcb\xc4\x9b\xa4S\xb3q\x85\xee\xc3\xa9\xb1\x0d\xc9\xf4\
\x1e\xb6\xa7\x06\xbb\x1f\x8b\xad\x93\xe67\xb6\xc3\xd2\x1b*\
\xd8en\x8b\xf6~u3\x9d\xedm\x84w\xeb_\xc8\
\x94s}@\x06\xd9\xcb-\x97\x9c\x89\xe5\x0e^8\x96\
\x92\x8d\x8f\x88\x8b\x08\x84$\x80\x09\x8c\xc3\x88\xa0x\x08\
\x86'cad\x0a\xd6\xc7\xa4\xe3+\x92\xcb\xae\xacb\
\x88\xd5\xb4\xe0RU\x13\xb6\xc4\xa5\xe3j\x15o\x1fB\
\x00\xc9\xa1\xaa\x1fFhj\xa9\xef\xb9\xca\xeb\x83\x92\xf8\
\xdc\xfa\x96\xab\x8d\xf2\xb8a;\x81xe\xfbS\xf57\
\xcc$\xdd\xff\xd9?\x1c\xdf\xda\xb9B/3\x0f\x9d\x84\
3\xb5\xa2\xe3a\x92\xd9\xe7\xb3\xd4B#\x11\x9b\xf7b\
\xce\x99\xecho\x87\xac\xb5]\xdf>\x15\x02u\x17\xc8\
\xaf\x8b\x90\xbd.?|\x02\xd7l\xecQN\xd7d\x92\
\x95\x8fK\xa4;\xc2\xc9Y\xf8,,\x1ek\xc3\x13\xb1\
<$\x1e\xd3\xd9<tH\x22\xc6\x12.\xe2'\xce0\
\xad\xa4\x09\xe3\xf2j\xf1Kj\x1e\xe2\x1f\x88s\xc6\x1e\
_s|KLm\xe5[\xcf\xaf\xff\xcc{\xf3\xce\xa9\
3\xc4\xe9\xb7?\xb5k\xe8\x9f\xcfj${\x8d\xcf\xcd\
\x83mB2\xa2\xeb\x1a`ST\x0e\xeb\xd2J\xbc\xc8\
aI\x9c\xcd\xbe\xb7\xa7R=\xd9\xa2d\x22o\xbd\xa0\
\xb6\xbc\x1c2~\x81\x90'[\xb8\xfd@m\x1f\xbb\x87\
\xb6\x81\xe4\x92M\xd7\x18E\x8fp\xc2Q\x81\xcd\xed8\
B\xb6`E\x18\xad\xf1\x01\x5c\x9a\x9c\xe3\xc2\xf5h\x15\
\xd3\x98\xf8\xdc{\x91\x09\xab\xf3\x1f\x962c\xf7\x06\xb8\
>\x97\xf9(ilB0\xe9\x8eel\x02\x02\xcb^\
\xec\xdc\xdf\xaf\xd7\xa3\xf97KJ\x87|T<\xe2j\
\x9e\xc1\xd7\x0dR/\xda\xda\xde\xd1s\xdd\x8a\x9f\xedI\
\xd9t\xfcx\xde\x0b\xe9]\x7f^u\x8c\xbf\xbc\x1d?\
\xdb\xa7\xfd\xb9\xf5\xdd\xbb\xc3\xf2\x88^,\xfd\xa2bn\
\xff\xef\xcd\xad\xa8D\xd50k\x07\x1f\x17W\xee\xfdS\
\xdf\xf5s\xce\xefH\xa8.\xda\xf4\xa2\xfa\xbf\x9dV\xdc\
'xF\x85\xe9\xd4q{\xf7\xfem\xfdUz\x1f\xbe\
\xc8\xabdsll\xdf+Q\xf5\xa9\xd7_x\xbfa\
\xe5\xe5\x1bEt\x19\xd8\x05\xfe\xfa\x97\x93\xc1\x8b\x18I\
YN`\xfd\xb2\xa8\xc6\xc4\x90\xffU\x0f\xd0\x0b\xca\x82\
\x07\xd8\x9e\x97\xbe1\xd7\xfe\xd12((M\xed\x916\
\x1dC<\x8b)\x95\x92\x92\x9a\xf4\xbf\xed\xbb\xcd/\xcb\
\xca=8N\xe7\x1f)\x83\xfa\xa6\xca\x1e9\x1bA\x9c\
We\xee\x88)\xfcg\xc1\xffO\xcf\xff1Z\xac\x0c\
B\xe2u\xffQ2\xa8k\xac\xe8\xb9aMsO\x98\
\x5cH\xf6\xa3\xb7\x98\xff\xc7!\xa4>V\x87\x93A\xa2\
\xd6\xdfX\x06}\xf7SZ\x99Cz?\x0d\xe7T\x09\
\xe7+~\xb8\xe1Oq\x06\x80\xdadE6\xd7\xe7\x1e\
!\xd2\xefb{\xfe&3\xdf\xaf\xe7y~\x10\xaeZ\
\x8ee\xe7\xbe]T\xf9\xc35\x7f\xaa30\x94\x04O\
]\xd0g`\xee\xb7\x99\xa5\xf7=\xff\x1b\xe4\xf7?\xd3\
\xfb\x9e\xe0\x045\xae\xd7\xb9\x90\x1a\x93s\xfe\xc6\xd6\xd9\
\xcc\x9fp\x08\xab-\xfa\xe2\x94\x12sG\xd5i\x09\x8a\
+R\xfe\xc2\xb6\xd0w\xbd\xb7o\xa1\xc7\xc2\xf7gH\
\x9a\xb2g\xbf\x8cw>x\x10c\x98?\xf1\xa0x4\
\xff\xac\x0a\x13\x7f\xc5\x92A`\x82\xec\x03\x93\xff\x97\x92\
COfA\x10\x14\xed\x17p=\xdcD\xd5\xa7\x9fg\
\xfeBCH\x8d\xef\xe2yM\x06\xba\x1ek\x91W\x1a\
\xf3\x97\x9a\xfc\xce\x9b\x9d\xb0\x0d\xd8\xc7\xf1\xaa\xf3jL\
\x96\xa8\xf2\xfa5\xcc_p\x88\xaa\xccz\xfd\xb4\x12\x13\
\xc3\xde\x87c\xd8/hh\xaa\xfc\xd3\xcb!4Y\x19\
rv\x13\xc1\xe6{/\xa8N\x92f\xfe\x06CX\x8d\
\xd9Iq\xa1\xf6\x9a\xd5\x188\x85\x1eACs\xd5\x9f\
j\xce\xd9tfl\xa6\x11\xd4\x5c\x16\x81\xcd\xad\x10\xbe\
\xb1\x13R\xfdh>\xf3\xb7\x1a\x18yNa\xb20\xc9\
\xa1\x81]\x1fr\x08\xfb\x15\x85\x151\xff\xaf\xf3^O\
z\xe0\x17w\x15J\x0e\xf3 \xa4\xc5\x80\xe2\x96\xab\x88\
\xea\x8cu\xcc\xdfx\x1c<\x18?\x86\xee\xf3\xf7S\xca\
L\x0a[\x1b\xa3\xe3\xbe\x96\x8b\xd3\xb5\x8d\x85\xff\x939\
o\xeflCJ\xbe#,\x036\xe3\x8a\xc5h\x9cV\
f\xba\xcf\xa90f\xc2\x8a\x82\xab\x99\x7f\xd88)?\
\xe1m\xb2\x07m\x9a\x83zi\x93\x11\xd0\xf7\x5c\x07\x8f\
\xa83H/pEs[\xdds\x99\xef.\x8a\xa5\xc5\
U\x09\x88\xc9V\x83\xa9\xef\xa7\x90\xb5\x9e\x02!\x0d\x06\
\x14\x97\xe2\x84\x94\x99cG\xaf\xad\x9a\xc6\xfc\xe3\x07F\
\x9c\x96\x9b\xf8\xd9)\x05F\x96\xe6%\x99=G\xf2\xaa\
\x19\x1f4]_'?\xb5\x05\x01\x89\x92\x88\xc90D\
ae\x00\xaa\x9bRQ\xdd\x98\x87\x9a\xc6\x024\xb4T\
\xa0\xae\xb9\x04U\x0d\xb9\xf4\x5c&Jk#\x91\x92g\
\x83\xe0\xe4\x1bp\x8f>\x00\x03\xaf\xf7 g3\x15\xe2\
\xc4\x0bO\xa90\x15\xa7U\x18\xb73\xca\xcc\x81\x13\xd7\
\x97\xbc\xf2r\xce\x1fS\x7f\xaa4a\xce\x09Y\xe6\xe3\
\xd3\x8a\x8c\xf41y\xc6\xf8\xa4\x22\x93yV\x95\xa9a\
\xfb\x17\x09\x93\xeeJ\x19\x8d\xc7e\xb3\xf1\x90\xb1\x1c\x8b\
\xab\xe6\xe3p\xc9d\x02\xc4\xf5F\xb3\xfd\x8dn\xd1\xa3\
\x96\xec\xa9\xf2\xb8<\x13@>N\xe9\x94\xc2\x98\xc3\xf4\
\xef\xd7\x98\xc7\xec{{9\x864Fl=8\x95\xff\
\xf0\xe5\xc9+O\x5c\x9f\xfc\xfeq\xc5\xd1\x9bN*3\
\x1b\xb9\x87\xbc\xc0\xc6\xe32\x13\xd6\xed\x17\x9a7\xff\xb5\
\xad\x0c\xdf\xcb\xa9z9^\x8e\x97\xe3\xe5x9^\x8e\
\x97\xe3\xe5\xf8\xf3\x8eU\xf4\x90\xe2\xd0\x1d\xfb\xdf\x22\xde\
\x93\xe3F\xbc\x9c\x98\x97\xe3\xe5x9^\x8e\x97\xe3\xe5\
x9^\x8e\x97\xe3o80\xf2\x9c\xdc\x9a\x99BJ\
\x0b_\x15Vx\xed\x17Q\x8d\x99\x12\x174G*\x89\
j2z\xc2\x1a\x8c\x99\x88\x16c)\xd4\xef\xc1\xfe}\
A\x93\xb1\x10\xd1a\x0c\xd8~\x22\xa2\x1a\x93.\x89\xa8\
.=vAi\xed\x07B\xaa\xcb\xe6\x1f?\xae:\xf6\
\xe5\x9c\xfey\xc7Y\xf97\xa7\x8bj.\xffZLk\
\xbc\xac\xb0\xda\x08\x07!\xf5Q5\x22lO~\x0d\x06\
\xa2z\x0c.\x991\xdc9-\xd7,\x19\xdc\xb0\x19\x89\
\xebV# g;\x1a\x0a\xf6|\x90\xb7\x1b\xc3\xfd-\
k=\x92{\x9d\xed)\xc3>$\x0c\x19\xae\xaf?\xfb\
=\xc2\xea\xcc-\x11\xf51Ab\xda\x8c\x86\xa8\xfa\x8a\
\xa3\xc2\xca\xaf\xbd\xf2\xb8\xf3.^\x8e\x17;\xb6n\xc5\
\xa8\x0b\x9aol\x12\xd3\x1e+'\xa26&MT\x9b\
\xe1\xce&g{r\x5c\xb7\x1a\x05E\x9bU\xd0s\xfe\
\x0e\x1e\x11g\x11\x91j\x80\x84,\x0f\xa4\xe7E\xa2\xa4\
\x22\x07\xcd\xad\x0dhh\xa8\xc5\xcd[\x1d\xe8A7\xba\
\xbb\xbb\xb8\xbf\xd9\xe7\xcb*\xf3\xe8}1H\xcc\xf6F\
d\x9a)\xbc\xa3E`\xe4\xbe\x15J6kq\xddr\
<\xa7Gl\xef\x08\xb6\xe7\x96\x88\xe6\x88\x0a1\xad\x91\
z\x17\x94\xd6\x1c\xbep\xed\xd3\x97k\xad\xff\x83!\xaa\
\xb6\xea\x0b1\xcd1\x86\x22\x1aL\x0bk\xd7\xec\x19\xa0\
2\x16\x13\xa0j\xf3\x11<#$\x91\x9c\x13\x8c\xe6\x96\
\xc6\x17R\xdf\xd0\xda\xd6\x8a\xa4\xac \x84$\xa9\xc0\xc4\
s\x1bd-g@\xca\x94\xe1\xf5\xbfc\xf5Osl\
\x80\xb8\xe6\x8c\xa3\x87E\x0eO})\xa9\xe77Dd\
>]\x22\xa61[\x96l\xbc\x9c\xadkamP\xce\
j\x19\xdc#\x84\x91\x94\xe9\xff\xd832_\xe4\xe8\xee\
\xee\xa1\xdf\x0f\x80{\xb8\x04\x14\xad\xd7\x80\xed\xad\xc7\xf5\
\x81\xd6f{sLr\x10QY\xf3\xdf\x97\xd2{\x06\
\xb9+\xad\xfbLTk\xbc\xb3\x18\xf9u\xb6\xe7\xc3\x15\
SA8\x04\x9d@nq\xdc\x9ft\xcfZ:\x5cB\
\x84q\xd5d.\xa7\x07\xaco\x10\xd3\x1e\x97/\xae5\
\xeb\xc0Ki\x0e}\x88)\xbe\xfd\xad\x98\x06\x7f\x82\x14\
\xcd!{\xae\x86\xa2\xd5[\x08K2CKK'\xfe\
\x0a\xa3\xab\xf3.b\xd2\x9c\xa0f\xfb1\xd7\xa3J\x9a\
0\x09\xe1\x84Z1\xf5yg^b\xc6G\x0f\x96k\
\x89\xaaO\x89cc:\x1bS\xd5\xed\xfe\x83\xb4\xdc\xf0\
\xbf\xf4\x1e\xa7\xec\x82x\x98x\xec\x84\x04\x1b\xb7\x88\x7f\
H\xe8\x8e\xaa\x90\xd0\x9c\xb3\xff\xa5\xb4\xfb\xc6y\xa9\xad\
\xb3\xc5\xb5&Z\xb1\xf6\xce\xfaM5\xdbO\xff\xf2r\
\x7fp\x94U\xe7\xc3\xc0u+\xc7Q\xaeX\x91\x1eh\
\x8f+\x10Uz\xf7\xcb\x7f\xba\xec\xc5\xd5\x17\x1c\x16\xd3\
\x1e\xc3\x8b\xef\xc6K\x90\x9c\xed\xff\xb7\xde\xdf\x9b\x9a\x13\
\x0ae\xeb\x0fp\x81\xb8\xcb\x15\x8a\x0b\xe2:S\xacO\
\x9f\xde'\xf8\x8f\xf3\xf5\xd7\xbeZ!\xae\xc9\x1f\xcd\xee\
%c}\xa3g\xb8\xfc\xdf|g\xf7\xc0\xadA\x81q\
\xda=\x17\x0d\xc6s\xd8@B\x87\xef\x96\xb8\xc6+[\
\xfe1\xf8N}\xd9\xaf\x12zc\xc0\xf6^S\xb3\xfd\
\x04U\xb5\xa5\xff\xc8&#\xed\x1d\xed0t\xdd\xc2\xed\
\x0b\x92\xb1&_\xa0=\xdbz\xebk\xf8[\xd7\xd8\x8a\
k\xce\xb5fm\x9e\xad\x9b\xf7\x8f\xd1\xe8y\x9c\x8d\xfc\
SF|\x86]\x8f\xa8\xce8\x5c\xe6p\x01\x7f\xb9\x84\
\xea\xc6\xbf\xdd>\xa5\xf376/\x95\xd0\x9a\x9cu\x89\
d\x7f\xc5p\x19q\xe5\xb4\x9e\x7f\xba\xdc\xfb\xdfwe\
M%\xe4\xcd\xd7A\x8c|\xe2%#>\x88)\xad\xde\
\xf1\xb7\xf1\xf7\x9a\x1f\xbc+\xa65\xfe\xae8a{]\
\xa7o0\xb0\xb5\xf6?\xb7\xbf\xd4`\xc3\xc2\xf3D\x0f\
\xbb']\xc6z$$T\x97(\xfc\xe5e\xaf\xb0v\
\xab\xb4\xf1h\x88\x92\xbfw\x0d\xbe\xfe\xd2\xe6\x87\xe0\x0b\
\x02cu{\xd8uGY;\x16\x1b\xce\xb3\xfa\xeb\xe6\
s^=|\xc5|\x04\xc7u\xc2\x13\x8d_\xca~\x18\
:\x90\x9c\xed\xd5#\xa4\xc1\xc7\xd3\x01\xed\x19n\x7f\xb9\
\xdc\xbd\xc2ja\xee\x5c.\xdd\x11H\xceq~)\xfb\
\xa7\xd0\x81\x9c\xa2\x84\x1ea\xf5\xc9\xb8N: \xa95\
;\xe4\xaf\x22{Q\xa5U\xc7\xafY\xb1k\xe4\xa3\x91\
\x92\x1d\xf2R\xf6\xcf\xa0\x03y\xc5\x99=Bj\x02\x9c\
\x0eHh\xcf\x0e\xfc\xd3\xcb^e\xcdv\xb6\xce\x86\xad\
\x8fH\xce\x0ax)\xfb\xe70\xf2\x8a\xd3!\xac>\x91\
\x17\x0b\xb4\xe6\xfeic\x81\x84\xea{\x9b.\x9b\xf2q\
9\xee\xc4L\xa7\x97\xb2\x7f\x9e:P\x12\xdfs^}\
\x14n\xd8\xb3k\x89\xf3\x8c\xfetXO~\xc7*I\
\xbd\xb1\x1c\xce\x8fJ1})\xfb\x170\x123]9\
^ g?\x02\x14c/\xfeYd\xbfu+\xf8\xc4\
\xb5&W\x8b\x1a2\xb0\xf6\x12y)\xfb\x17\x88\x07<\
B\xe4zN\xab2\x5c\xad\xaa\xa8\xda\xfa/\xfe\x14~\
_{\x96\x07\x9b\xd7\xd3\xb4\xfb\xcf\x13\xf3:===\
OX\x19y\xf8\xb5\xc1>\xf3\xc8\xf7\xf7<\xbb\xce\x0d\
z\x8d\xec9+\x8fx\xfeq\xf7\xf3\xa4\xeb\x19\xfa\xe5\
\xf6\xbd\xd1\xcc\xe3`\x8f\x08qj)\x83I8%u\
h\xd1\xffk~Gm\xb9\x90\x8c\x0d\x83K\xfa\xf3p\
\xeb\xe6\xd0\xec\xbe\xad\xad\x0di\x15UH\xad\xaaEc\
\xe7\xc0\xb3\x99\xca[\xdb\x91RY\x83\xf4\x86f\xdc\xbc\
\xddwj\x07{\xfeajA!\x92\xf2\x0b\xd0\xd2\xd8\
\x84\xe6;w\xc1\x9e\xf8\x91\xde}\x17\x19M\xad\x88\xcb\
/DaU\xf5s\xb3\xb8\x5c\xfa\x1d\xff\xf0\x08xG\
E\xa3\xbc\xba\xef{\x13S\xd3\xe0\x1d\x14\x8c\xe0\xb8x\
\xd4\xd5\xf3\xce\xb9\xc8.-C|M=\x92K\xcb\x07\
\xfd\xae\xc2\xb22$\xd2\xf7\xb1g\x8dd\xd6\xd4!\xb3\
\xad\x0b\x99-\xed\xe8\xea\xbd\xbf;w{p\x8b\x1e\x05\
t\xfdiE\xc5hmo\x7f\xa2^*Y\xad\xeba\
\xebd$u\xf8\x13\xff\xbfd/\xac\xf8\xd9\x1b\x97L\
FC\x94\xf0^~i\xc2\x905Y\xd3?\x08#U\
\xf40\xdd\xc4\x0eY\xfd\xce\x0aa\xe7\xe1\xcd\xb0D\xf0\
\x19\xdbc\x9d\xb6\xf1\x00\xe3\x103\xb7\x02s\xe0\x18\xa6\
\x1c=\x833\xce^\xf8\xac\xae\x0dj\xf4\xfc\x1ezL\
K/\xc1\x88\xabJ0\xf3\xf4~n\xf2\x8f\x8aO\xc0\
\x0dCc\x88\xd3\xeff\x17\xf7\x9dOj\xe3\xee\x8e\xcb\
\xca\xaa\xd8&\xa7\x84\x82{g\xb3\xde\xbd\x8b\xedQI\
xKA\x1d\xb1\xc9)\x0f}WLJ*^\x91\xd7\
\xe0\xce\x01\x9fo\xe1\x84\xd9\x89y\x98\x15\x12\x8f\xac2\
\x9e\xbeD\xd1\x1c\xe8f\xe4\x22,\xaf\x10\xcd--t\
\xdbw\x9f\xe8\x07\xd8\xf5\x02a\x8d\xd1\x90s` \xae\
\xb1P\xf1\xff\xc5\xef\xeb\x8c\xcf\x15\xa3\x98\xef\x1f\xad<\
,\xa7{\xc2\xc1\x15\x0c\xc9\x7f\x85\xb9\x03nuw\xa3\
\xbb\xf7\xac\xac\xc4\xc6\x16L\xf7\x8d\xc4\xb4\x80\x18lu\
pGi\xef\x99Y\xb7\xc8\xf6_9/\xce\x9d\xed\xf7\
\xc1\xa5\xebX\xacg\x8e\xd9\x19e\xdc\x19\xf3\x8a\xf4\xf8\
\xb9\xb8\x0a\x11\xf9E\xcf/\xda\x0e\xe2\x94\xef>\xe0\xff\
c\xb3r af\x85.\xba\xb6l\xb2\xd95{\x0f\
B/\x22\x1a\xa9\xe4\x1f\xdc\x02\x82\x06|\xf6\xce\x9d;\
x\xd7\xd0\x02\x13\xcd\x1c \xe8\x1d\x86\x851\xe9x\xc5\
7\x02\x09\x99\xd9\xdc\xeb\x173\xf2P\xfa\x88\xf3\xb7\x1f\
\xbfnh\xddsV\x9d\xdd\xef0\x12\xc2\xca\xef\xfc\xfb\
\x7f\xba\x8e\xab1\xef\xcaUk\x06\xaa6\xef\x0fs-\
\xa7\x07\xdb\x8d\xcc\xc1\xa8\xea\xe3\x17W_\x9e|i^\
\x03J\xcaq6,\x06S|\x22\xb1\x9al#\xb9\xbe\
\x19ve\xbc^\x9e\xe6\xa9\x19\x18%\xab\x86\xf1\xfb\x8e\
\xc0/&\x0e\x1f+i\x80_I\x07+\xfc\xc2\xf0\xa6\
\x7f\x18<\x0b\x8a\x9f;\x06x\xdc0sv\xc6\xb8\xfd\
G1ND\x0asO\x09c\xe2\x05)L\xfcu\x1f\
\xaa{\xe3\x81\x1b]\xa3\xa6o\x00jz\xcf\xe2a\xcf\
Bgv\xed\xc1t\x92\xff\x91\x8aF\xee\x5c\xca{\xe7\
\x1c\x89\x05\x84\xc2)9\xf5\xa9\xafE\xdf\xe5\xdb\x1e\xb6\
fNBgr\xd9\xffJ\xf6g\xaf}\xbb\xea\x92\xc9\
(\xce\xefW\xd4\x14\x0f\x0f\xeb\x93\xbd\x7f\xa8\xac\x09F\
N\x03\xd2\xe1}=B\xe3\xabj x]\x05\x82^\
\xa1\xf8)\x9a7\x1f.\xec\xd9\xd67o\xe2;\xffp\
\x8c\xa2X\xb1\xe9\xf2u\xeey\x09]\x03\x8c\x14\xba\x88\
\xd97T1RJ\x16\x17b\x92y\xb8\x82\xe2\xe6\xa3\
b\xe7\xf3\x1cB\xaa\xea\xdcY\xd2\xf3\xec\xdc\xc1wA\
\x1acu\xcd\xb1\xde3\x98g\xeb\xb7oawP(\
$(\x96\xa7\xf4\xcaX\xd2\x91\xfc\xdd\xd6_p#2\
~\xc0\xf7\xb0g\xd6o\xb7r\xb8\x7fNz\xcfcQ\
\xdf\xe0\xaf\xb0\xe7m^\xd0\xec]'\xd0\x5cp\xf9\x7f\
b\xfbZ\xfc\x91\x12\xa4sN\x01\x17\x86mh7o\
\xdd\xc2\xc2k\x0a\x98\xa8\xa0\x81w\xc8\x8e\x83(\xcer\
\xb2\xeb\xe8\xc0B\x13[\x8c1\xb2\xc5\xc5l\x9e/\x0f\
\xca+BDv.\xe6:\xfb\x81?\x22\x15\x16\x95\xbc\
\xbe\x99\x1a\x16V\xe0\x93\xb8\x8a\xa5\xd1\xe9X[\xd2\x80\
c\xad\x1d8X\xd9\x80YnA\x90\xf2\x0bz\xe1\xf2\
?oB\xfek\xefQ\xf0\x93\xbe\xbe\xa6\xac\x85\xb7=\
\x021\x99|An1\xef\xbc>M\xc2\x81{K\xab\
\xf1\x95w0>t\x0b\xc4'\xe4\xdf\x85\xcb+\xa0\xd2\
}\x07\xee7\xef\xa2\xba\xf3&*\x9bZp! \x0c\
\xb3\x8cl\x90E\xb8\xf0\xdehon\x86\xbe\xbb'\xdc\
b\xe3\x87L\x0e\x02\xa2u\xb8\x1e\xb7\x97\x8d\xc7BD\
f\xf3\x0b\xe5\x03\xe2j\xab\xbf\xbbj\xc5\xe0\xaa\xd1\x1c\
\xd2\xf5\xe1\xf3\xfcn\xb2\x89\xf9W\xe51CN\x0d\x13\
\xcf\x8a\x82\xd9\xb9\x1b\xae\xf1I\xa8\xa4X\xbf\xc0\xc1\x0b\
\xa3\x14\xb4`\xdc{\x96\x9foL<\xa4}\x830\xde\
%\x00\xaf\x87&\xa0\xb3\x17'\x94\x16\x15a\x81\x86\x01\
\x16D\xa6\xe1\xfd\xd6;`O\xc6\xf8\xcf\x1d@ 6\
\x1b\xab4\xf4q\xb7\xab\xeb\x85\xca\x9f\xc5\xf1\xbaQq\
\x88a\xb1\x1ea5\xab\x98\x040?lChL,\
B\xbb\x81U\xc1q\x98\xa4n\x88\x19\x0e\xde\x98\x94V\
\x82\x8f\xe93,V\xddF\x8fye\xcdX\x11\x93\x81\
%\xfeQ\x98lb\x8f\xb9\xd6\xae\xa8\xed\x8d\xfd\xb1\x09\
\x898t\xe9\x0a\x1a\x1a\x1a\x10\x9f\x9d\x03\xd3\xc0\x90!\
_\x93\x92\xe5\x06\x5cf\xeb\xcb\xb5\xa7\xbb\xbfP\xf9k\
\x8f/\x155`\x10\x93j\xf7\x14\xcc\x95\x03CX}\
M\x1eS\xc4/c6\xc5M\xbe}\x87\xf1\xb6\x8e1\
.R\x8c\x14\xb4\xf5\xc0,C+D\xf7\xe2\x22\xab\xf0\
(l\xb4p\xc08\xd7@\x1cMH\xbf\xff\x15\x09\xb9\
\xf9\x10\x10\xbb\x8c\x05\xe4\x13\xbe\xec\xba\x83K\xf4\xdcw\
\xe4j\xe7\x11\x0f`q\x85gt\xec\x0b\x95\x7fsC\
=\x82#\xa3P\xd6\xd4w>\xfb\xf4\xed\xbfb9\xe1\
\xd2\x1d)y\xd8$\xaf\x8a\x95\x84K\xdeH)\xc0\x9e\
\xd2\x06\x5c\xa1\xd7U\xe9\xf1e\xc7m,\xcf,\xc34\
\xbf(\x8c\xb3r\x85\xa0\x92\x16f\x88]\x82(\xe9\xb8\
:\xe1\xff\x89\x7f\x1c\xe38\x8ei\x06\xef\x9cy\xfd\xb8\
$\xe2\xc3C;\xcf\x8f\xdd\x13\xc5\xeeu\x96\xb1\x1a\x81\
\x0bJo}\xf0B\xd6v4\x96\xeefk\xd7\xe5\xcd\
\xd7\x0c\x1bK\xdf!\x9c\xfc\x93\xf8El\x92Q\xc0Z\
\x13\x1b\x08\x9e\x11\x81\xe0\x89s\x98~\xf44f\xc8(\
a\x86\xaa\x1e\xe6\xdb\xbaa\x81\x9d\x07\x92{\xcfj\xd5\
((\x01\x1f\xc5VA;O\xf8\xf7;\xc7r\x8f\x96\
\x1e\x98\xff~\x87\xb9z\x16x\xbf\xae\x13\xbf\xde\xbc\x8d\
\x0d\xb5\xcdXB\xfe@,0\x1c\xd555/T\xfe\
R:\xf4\xfb\x9f\xfc\x17S\xb5\x8c\xb1-5\x0f\xa2\xc4\
\x07'\xed=\x84eQi\xbc74\xd4a]~%\
V\xd4w\xa3\xac\xf7\x18\xd1\xab>~\x98$q\x05\x93\
e\x94\xb1\xd1\xdd\x1f\xe7\x83#\xf1\x91O\x18^\xa1\xd8\
\xc1\xafm\x0a~\x0dC,\x0a\x88\xa4\xfb\xb5\xc0\xa2k\
\x8ah\xab\xab\x85{U=\xaao\xde\x1a\xf2ui\xdb\
\x7f\xc3\xdb\x8f\xaa\xc3\x1f\xf9bl\x9f\xafL\x8cl?\
5wx1\xb6\x96p\xf1\xc6\x8bW\xc0\x7fV\x0c\xa3\
/\xcbc)\xf1\xe0Y\xa7\x851a\xf7\x1f\x108%\
\x04\x01\xf2\x033\x09\xcb\xcd\xb3t\xc6B[w\x146\
\xf2\xec\xca.-\x13#\x15\xb4\xb1\x96p\x16z91\
{\xf6\xbc\x00\xcd5\xf3\xe5w\x98Ms\xb62\xb3\x14\
\xf3K\xea\xb1\x97\xb8cEs\xeb\x00\xbe\xf6\xa2\x86\x88\
\x96\x0e\x17\xb7X\xbd\x9d@\xf8\x8f\xf9i\x07\x96\xd0=\
-'nw1:\x01\xaa\xd1\xf1x\xcd\xd4\x0eSc\
\xb3`T\xd3\xc4\x9d\x09| 3\x13S\xae+\xe1m\
%M\xdcK\x93\xc98\xbba\xfc\x0d5\xbc^P\x83\
\xf1\x06VX\xa7\xae\x0f\xd7\xdcBtw\xb4\xe36\xe1\
$\x87\x92\x8aae\xd0K+\xf3\xb8^\x05\x9c\x0fP\
]\xff\xe1s\xcd\xf3\xa9.\xd9\xc1\xd6\xed*X\xbc9\
\xec\xf9\xda\xad\xa9\x0bf\xdf1\xdc\xf0\xf4\xc5\xa1\xe0h\
\xcc\xf0\x8b\xc4\x02\xe9\xeb\xf0\x0d\x09\xc5wf6\xf8\x90\
tC\xc8\xc1\x15\x13\xf5,\xb1\xc4\xa6\xef\x0c\x5c)\xff\
`\x8c\x14\xbe\x88\x0d\x16\x8e\xd0j\xbd\x09\x9b\xb6\x9b\x10\
up\x01\xf3\xcd\x8f\xf8BH\x14?\x9bXa\x0c\xe9\
\xd0\xf7\x06\xe6/&\x0f\xfc\xc0\xdf\xa9\x99Y\x10Q\xd3\
\xc0\xfc\x03G1\xe6\xe01\xcc\x91\xba\x8e\x99\xe7\xc51\
_\xdb\x18\x8b\xacHw\xc9w\x09x\x04c\x9cG\x08\
\x96F$c\x15\xf1\xfce\xc4eYn\xb0>,\x16\
\x0b\xf4\xcd\xb0\x91\xfc\xdf\xe1\xab2\xd8-.\x89OD\
%1UV\x05sS\x0aq\xaav\xa0\x9f\xf7\xabo\
Bz\xdb\xf0\xf75\xeb;\xfd\xc4\xed\xa5\x91\xd4\x16\x0c\
{\xbe\xb9\x9e1\xe9l\xdf\x83\x84\x0c\x8fa_\x93I\
|2\x98\xeb\xaa\x98y\xe1\x22~VT\xc3\xe2\x88$\
,\x22\xfcVZQ\x89CvN\xc8#\xdb\xd0\x0a\x8d\
\xc4\x185\x03,5w\xc0\x15wo\xfc\xa8\xa1\x8b\x05\
\xba&\x98+\xaf\x8e\xb9V.\x98\x5c\xd8\x80\x09\x09\xb9\
\xe0\x17\x96\xe4l_H\xdf\x08\x8e\xa1a\x18\xbb\xf9g\
N.\xf7\x86cp(\xc71\x9f\xa7\xec\xd3J\xcb\xb0\
\xf1\xba\x22\x98m\xbf\x81\x91\x90\x81Iv\x01\x5c\x22\xa3\
1GQ\x0b\xb3Tu!Hqh*\xe1\x99\xe5N\
>X\x15\x10\x85\x95\x84U_I\xc8\xc1k\xc9\xf9x\
\x85\xfc\x82\x80\x8b?f\x99:`\x1e\xe9\xcb\xf8-;\
\xc1|\xfd\x03\xc6\x91\x1f\x5cI:3QH\x12\xf3u\
L\x91ZV\xc1\xfd\x16\x8b\x04\xe5\x13Ra\x93\x9e\xf5\
T\xd7]X\x9e\x0a\x11m\xc2\xe7\xe6#\x9f\xdb\xf9\x81\
\x22J\xef~\xc6\xf6C\xb9n\xb6\xe8\xa9\xe7S.\xbb\
\x10\xa3\xce\x10\xde\xff\xe2[,\xf3\x0d\xc7T\xc2?\xef\
j\xea\xa3\xa2\x85\xe7\xb3Y\xfc7\x9e\xe6q\xbe\x99\x03\
\x98\xa3g\xc1\xc8\xa9\x93/p\xc1\x5c\xe2\x0a\x8b\x9d}\
\xf1aN\x05>\xf7\x09\xc5T\xf2\xfd\xfc[wB`\
\xffQ|v\xe48\xe6n\xdd\x81\xb9g/`\xbf\xb1\
9\xe4|\x02\xb0@\xf2\x0a,\x887\xb6\xb4w<\xb5\
\x0f\xe8\xff)G\xc2b\x13\xaf\xc8\x839'\x81e\xe6\
\x8ep\xafn\x80\xbb\x9f?n\x90\x8c\xf8\x09\xab.\xb1\
v\xc1\x0fV\x8e\xd8\xa5o\x8a}1)XF2m\
\xa4\x98mTX\x86\xf9\xc4\x03\xde\x0eK\xc0[\xf6\x1e\
XN>b\xea\xfe\xc3\xe0'\x7fq(.\x15l\xa6\
h\x9b\xac\x02\xa6\x13o\x14\xf6\xf4Cvu\x0d$l\
\x9d0\xeb\x8a\x1c\x98\xcf\xbf\xc6\x94\xb7\xdeAj^\xfe\
S]\xbf\x8a\xd5\xbf\xc1\xed\xab\xd2\x164z>q\x7f\
\xa2%{\x06\xa1\x7f\x8c\xea3\xcdevY9\xc4M\
,\xf0\xba\xb53>\xb7sEG\x17/\x12:\xa4\xa4\
c\xbc\xe8e\x08\xe8[b\x06\xcd\xf1z\xb2\xa9=a\
q\xa4\x0b\xf6\x98Cv\xa5\x92\xc6\xc3\xc3Y\xf9\x05\x18\
E<k\xed\xde\x83\x88#~$bm\x07\xc1\x9f\xb6\
\x81\xef\x97\xbd\xe0;s\x81\x8b\x15\x13\xcf\x89a:\xcd\
\xa1\xb0\xb9\x0d\xca+\x9e\xed\xecs\x1b\x8a\xc5\x13\x0d\xad\
1Z\xc3\x18+\xd9\x5c5=wMY\x05\xcc\x96_\
0\x97\xb8\xca\x1c\xe2\xab\x1f\xfa\x85\xc1\xce/\x80;\xef\
\xde\xa2\xae\x19\xe3dU\xb9x\xcf\x8e\xf9\xae\xfe\xf8\x94\
\xfc\xc1]\xe2\xf4\xea\xb1\x89\x98\x98Z\x8c=\x15M\xf7\
\xbf\x7f.\xe1\xdf\xb3\xbe\xc1\x10\xbe!\x8f]\xc6\x96\xdc\
\xbcL\xbdx\x0ds\x08'\x8c5\xb0\x86^z\xf6S\
]wt\x8a#\x84\xc9\x07H\xea\x8e\xee\x11\x16\x16\xe6\
\x7f&\xdb\x97\xd99U\x5c\x87\xe9\x91\xd4\x1f\xcb\xe1\xb8\
g\x1a\xc4\xfd2k\xeb\xf15\xc5\xc2\x8c\x12^\xae$\
\xaa\xbc\x0a\x96)\x19\x08\x8a\x88\xc0Y\x17/X&\xf4\
\xad\x9f\xac\xf3\x0c\xc2\x18!\x098\x95Vr\xb9\x90\x1d\
v.\x18M\xbe\x7f\xc6\xa1\x13XJ\xfex\x0ea\xc7\
Q\xdb\x7f\xc3\xf8=\x7f`>\xcb\xa5\x8e\x9f\xc5\xb4\xdf\
\xf6a\xc2YQ,s\xf4D\xc7\xed\xee\xa7\xaeBp\
\xaf\xaa\x83\x80\xa3\x0f\xf8\x89\xc3\xcf'\x9b\xceojA\
mQ!\xa6\xfc\xba\x0f\xd3\xb5L\xb0\xc47\x82{\xac\
\xd74\xc4\xf8M\x9f\xa2\xbe\xb1\x09>\x84O\xc6\x9f\x97\
@Zb\x22\x1c\x8b\xca0\xe5\xf0)\xcc\xfca+2\
22`\x92\x9a\x811\xe9e\x10\xeb\x8d\xf3\xddt?\
S\x8cm\xa1N\xf7\x1b\x19\x18\x08\xe6\xfb\x9f)F\xd8\
ayX\x22VfW`Bx2\xb6\xb2\xb9\xc1\xa7\
\xf0a\xec\xfe\x8aK\x063\xb9=e\xa2j\xcbN?\
\x13\xe7S]x\x96\xdd\xb7n\xe2\xb9\xe5\xa9\xd6O:\
)\x16\xfb\x11\x8e\xf5\xcd/\x82CD4\x14\xdd<\xa1\
\x9f\xcf\xcb\x19\xd7\x90]\x04d\xf4\xc59[\x92s\xcb\
\xed\xbe\xd8\xbd;:\x19\x93%\xaf\xe2\x93\x80p\xccU\
\xd3\xc7diYL\xfe\xf2[L\xa48\xba\x9alK\
\xbc\xb4\x16\x01\xb5\x8d\xd8\xado\x82q\xa7E0ON\
\x15K\x5c\xfc\xb8\xdc\xca,\xe2b\x92\x1dw\x9e\xaa\x12\
\xa5\xa1\xa5\x05\xb3l\xdc0\xc6=\x18\xfc\xf6^\xdc\xb5\
\xb3\xe3\xb8\xb6>F\xed\xda\x83%\xe4\xd7W\x86'q\
\x8f\xf1\xf2\x1ax\xf3\xaa\x1c\xf7z~['\xa6\x1e>\
\x89\xd7\xe4\xc8G\xfcv\x00\xcc\xbf\xde\xc4\x82\x7f\xad\xc5\
''N\xe3\x08\xf1=\xfe\xdcjH\x17\xf2\xd6\xfc\x0a\
\xea\xea\xc1/q\x15\xd1\xe9\x84}\x1a\xda H\xba6\
\x97\xe4?;0\x06\xf3b2\xb0!2\x05^\x999\
O\xef\xbb|\xcep=\x14$u&\xc7=\x93\xfc5\
'\xc7\xb2\xb8/>\xd3ex~\xff\xee]\xf8\xd2\xf5\
\xeb\xc4&!\xa5\xbe\x91\xd3wv\xa4\xd75\xa0\xac\x9e\
\xd7\x9f\xa9\xa2\xa6\x16i\xb9y}\xb1\xb6\xa4\x12\xed\xbd\
9\xbeT\xf2\xf53\x09\x0b,P\xd3\xc3\x22[W\xf0\
Y\xbbc\xc6\xa5\x1b\x98\xf4\xfb\x01\xe8&\xa7\x0f\xe4=\
\xf5\x0d\xa4'2\x98O\xb2z\xb5\xb8\x11\xab\xf2k\xb1\
\x820\xf5\xa2\xa0H\xd84\xb6>\x95\x0e(\x06\x86\xe0\
U\x8a\xef2\x11}\xb9\xa4\xd8\xd0\x100d\xd3\xf3\xa2\
\xd2\xf1*\xe1\xbb\x99aI\x98D1'\xa7\x96\x97\x97\
\xee\xec\xea\xc2\x22\xc2\xab\xcc\xbe\xa3\xf8\xf4\xd4Y|}\
\xe9\x1a6\x11O\xf9-<\x0e\xfcr\x1a\xc4\x0dB\xa0\
\xdd\xca\xe3\xf3\xb1\x99\xd9\x98\xf4\xcdfT\x16\x16`{\
b6\xa6\x04\xc7\xe3\xab\xe8T\xf8\x97W#\xae\xb6~\
\xd0kf\xeb!n\xf5\xd6\x0c<\x09\xdb\x14W\xa4q\
\xeb3\xd2F#q\xe6)\xcf\xf0>~m\xeb\x0cI\
\xfdQ\xb8d<\x09\xb7\xbb\xef\x0eK\xfeN\xa1\xe1\xf8\
BC\x1f\x12\x1e\xbe\xc8\xed\x17\x87\xf3H\xf6\x0e\xbd\xf6\
\xdfy\xeb6lzs\xbd\xd5]\xb7\xe0W\xd3p\xbf\
\xd6c\xa7\xa44&\xb2\xf9\x02]s\xec\x0c\x8f\x81q\
Z\x16\x97\x1b\x9c}\xf9\x06\xba\x07n Cld$\
\xfecb\x8d\x95\xd1)\x5c\x8e\xf5gz\xfc\xd8\xd4\x8e\
)\xc4\xd3\xc6\xa9\xea\xc3\x223w\xd8\xf6\xe3\x19\x16\x81\
\xae\xd6\xd6\x01\xcf}~N\x04r\xc4M\x0e\x15\xd7`\
FJ\x01\xbe\xf4\x08\xc0\xda3B\xb8W\xf8r\x87d\
\xb3\xec\x86\x0a\x04\xc5.\xc35:\x16\x0a!\x11\x98\xa4\
\xa2\x8b\xf9Q)\x98\xa9a\x88\x91\xc4U\x15\x03Cy\
\xf3\x93\x98\x82uGNrX\xe1\x87\xc8$0\xf6\xde\
\x10r\xf1\x1c\xf4ZX\x1b1\x0b\x8d@LZ\x06<\
\x03\x83\x10\x9b54\x5c k\xb6\x12l\xae^Ls\
\x96\xe8S\xd9\xbe\xf2\xc2\xf3l\x8d\x89\xb1\xfb\x96a\xcf\
_\x11\xe1Y\xdd0\xc2>\xec\xda\xce\xcd\x9b\x03^\x0b\
il\xc6V\xef \x8c8)\x84\xc9\xc4\xe7\x84\x133\
`^V\xd3\x9b\xdb\xa5{u\xf7\xc4]\x9aKG\x9a\
\xa3+d\x7fv\x95\xb5\xdckoy\x87\x80_\xf2\x1a\
\xea\xfa\xe5]\xb9\xf5\xd8\xe44\xd8\xe4\x15cel\x1a\
6\x93\xcb\xdfJ\xcfm\xcc\xcc\xc7T\xc2\x05\x93\x08\x0b\
L!?\x12^>\xbcs!\x03S\xd2\x90]Yu\
_\xae\xb2\xba\xfaH\xcf\xe1\xe9Q\xea\xed\x1elN\xcd\
\x83\xb1\xbd\x034]\xdd\xfb\xe0\x0d\xe9\xe5<\x92\xfd\x09\
\xc2\xf3q1\xb1\x10\xf7\x0e\xc0\x5c\x1bW\xfc\x1e\x91\x80\
5\x84W8lG\xb1\xeb\xb4\x9a&\xfe\xa3o\x061\
\x9f@\xees\xfe\x0d-`\xa4\xe5\xa1j\xef\xc8\xd3\x7f\
\xfa\xbd\xae{\x1c\xf6\xee\x1d\xe8\xb9\xb8\xa1\xac\x97'\xf9\
ed\xc3 >yH\xf7\xe0\x16&\xc6\xed\xb1\x17\xd7\
\x14\x88}*\xdc\xaf3\xc6\x82][\x8eL\xb1~\xaa\
\x18\xe4R\x5c\x86\xe6{\xfe\xaa\xdf\xf3\x92~\xc1`N\
\x9c\x87Fq9\xa2+k\xf0\x0d\xf1\xfc)\xfb\x8e\x90\
\xaf2E@R\xdf\xbd\xf9\xf5\xae\xff\x07\xd67\xa1\x91\
\xfc\xcf\xa5\xac\x020\xc4!k\xeay~\x22\x85tL\
>&\x11\xf7N\xd3\xfb$\xbd\x08\xf3\xd3H\x0f\xb2\xca\
1\xc5\xc4\x1e\xe3\xc8\xf6\xa6*i\x83\x8f\xe6|\x9d\xa1\
%\xba;\x87\xde?*\x97bS`\xafo\xea$<\
p\xcc\xcb\x1f\xc6\x84\xefn$\xa5C\x8e\xb0\xbc\xc0\xee\
\x03\x18\xb1u\x17\x87i\xef\xe7\x1c\xe9\xb1T\xc3\x00;\
t\x0cQUZ\x86\x9f\xed]1\x8f\xf8KNZ*\
\x16\x12.\x15$\xac0\xcd\xc8\x1a\xf2V6\xf8DQ\
\x0do^\x96Ex*/g\xcc\xd6\xc3\xed\x95\xba\x8c\
\xf9\xdb\x88[\xa8\xebc\x89_$db\x92x\xfaV\
V\x01w\xe2H\xa5\xcd\xad\xd0L\x1f:&H\xcd\x0d\
\x87\xa8\x0ea\x00\xfd\xd18\xa2\xb1u\xd2pd/%\
\x154ZL{\xdcM)\xd2\x9f\xea\xda\xa7\xe7QV\
U\xb5h\xedg\xff\xf5\x84\xef\xc6Q\x1c\xbffa\xc5\
\xe3*5\xf5\x98\xaa\xaa\x877\x8e\x9e\xc4~UM|\
t\xfa\x1c\x97\x17\x8c\xc8+@$\xd9\xc5\xbd\x11w\xfb\
.\xae\xe7\x96`\x8b-\x0f\x87\x88\x04\x85\xe3R\x5c2\
\x84\x83\xa3 C~\xd6!8\x0c{\x02\x22 `\xe6\
H8\xca\x1e\xc7\x02\xc3\xa1\x10\x9f\x82\xcf\x9451C\
F\x19|\xae\x81\x10\xcb\x18:\x9f\xd6!\xeeW\xdd[\
\x9b\xe8\x92\x94\x82OU\xb4\xa1M\xb8\xe3C\x9f\x10\x8c\
R\xd1\xc1\xfc\x83G\xa1L\xfe-\xe2\x81\x1c\xdd\xeb\x06\
\x16\x98{\x8d\xd7\xcbd\x8b\xa1\x19~\xd4\xd4Gl\x5c\
<f\x9c\x17\xc3\x0cg?|\xe9\x1d\x0c\xff\xdc|\xac\
4\xb1\xe5ta\xfe\xbeC\xf8\x90pBZA!Z\
\x1b\x1b\xb1B\xfa:\x18KW\xcc\xf0\x8b\xc2Xs'\
L\xd60\xc2\x1e=c\xc4\x92]8\x91\xed\xdf\x1e\x06\
\x96\xb9u\xab\x1b\x97\x8c\xa6\xe0\x92)\xeb\x03\x96n\x1e\
^}\xcf\xfaW%\xf4\x19\xc8Y\xac~&\xcaW\xd9\
\xd1\x89\xa0~x&\x85x\xd4\xa8\x03\xc7\x90\xd5\x1b\xc3\
\xf6P\x1c`dU`\x17\x1c\x8a\x06\xd2\x8d\xd1\x84\xa7\
\x98w>\x00\xf3\xed\x8f\xf8\x9c\xec\xc8\x8ftA\x9f|\
\xec/:\x06\xd8\x1c\x14\x05/\xf2)l\xfdXx\x03\
/\x06\xb0u\x93\xab\x89/3\x9f~\x8d\xe9\xd7\x95\xb1\
\xc43\x18\xcb\x122\xe1w\x877CE99P\xae\
\xa8\xe7\xe6t\x0a\xcdiJu\xed\x13\xaf\xd9\xae\xb4\x02\
\xd1\xbd\xebn%\x14\xab\xf8\xc9n\xbf\xb2\xa0\x18Bz\
`K\xaf\xc5\x92N\xdf\xcb1\x86\xd46\xc0\x96\xb0\x82\
u|\x12\xc2(>L\xfa\xf6\x07|.\xab\x08\xe3\xac\
|\xfc\x8b|\xfc\xbbF\x968\x1f\x19\x87\xb9\xe6\x0eX\
\xe4\xe8\x05\xd3\x9cB,\xbe*\x8fi\x86\xd6\x98\xee\x15\
\x86\xef\xb4\x0dpB\xd7\x10\xcc\x8f;pVQ\x99\xfb\
\xce\x93\x89\x99X\xec\x1f\x89En\x018\xe2\x13\x84\xf6\
\xde\xf5l\x8b\xe8\xe1\xf7=T\xb7\xf9\x82\xc3\x00\x92\xfa\
\xe3\x95\x87\xb7\xd67\xf7\x22\x1b\xfb\xed\xfc\x0e?S\xce\
\x87]\x87\xb1\x22\x1f\xcf\xf2\xba{\x08r1\xf9D\x0d\
\x8ai\xec\xd8\xe6\xe6\x8d\xe9\x17.\x02\xb7oA\x970\
\x00\x9f\x82&F\x7f\xf7\x13\xbe;s\x1e\xf3)^N\
\xb8\xa6\x84\xd1\x84\xed\xd7H\xc9`\x99\xbd'\xe6\xab\xea\
b\xed\xd9\x0b0wt\xe2x5\xb7\xbeTS\x035\
/\x1f\xd8\x90\x5cf\xda\xb9c\xaa\xa9-\x9c\x9aZ\x06\
\x5c\xcf\xae\xb8t\x1c56Ga\xfd\xe3{\xc3:\x15\
\x96\xc2\xa5\xbaO_\xe3\x0b\x8b0\xef\xd7\xbdX\xa8m\
\x02\x8b\x88(X'\xa7\x0dR\xd2\xd4\x8d\xe6\xf6v\x5c\
\x0b\x89\xc4\x98\x1d\xbf#16\x16yE\xc5x[\xc7\
\x08\x0ca\x1c>\xc2,\x1bMm\xf06\xe1a9\xc2\
\xc3+\xb5\x0c!\xe0\x15\x8a\x8f\x02\xa3x\xd8\xb7\xf3&\
\xde\xd44\x84\x81\x97/\xaa\x1ay\xf9\xa1N\x8a+7\
\xef\x0e\xc4\xdc~E\xa5\xf0L\xcb\x1c\x8cp?\xf2~\
\xfcc\xe5\xc1\xae\xd9\x89i\x09$\x0c/\xe77\xd2\x90\
\xed\xbd\x18\x9bi\xf3t\xa9\x1e\x9a\x13\x96\xcf\x9f\x8dN\
\x84vz6|\x89\x879g\xe5\xc1\x97\xf8\x8d\x22\xf9\
\xedu\xc4\x99\xa3\x1b[p\xc8\xde\x05\x02[\xb6\xc3\xa7\
\xb8\x94\xcb\xb1\x8dW\xd1\xc3\xac?\x8eC\xca\x9f\xf8\x17\
q\xf9q\xca:X\xb5\xff\x10\xca\xda\xda\xf1\x9a\xb3\x0f\
\x98#g\xb0\xf9\xcau8\x85Gb\xc6\xf6_P\xf1\
@\xcd\xf7\x1f&\x96`\x8e\x9fGcc\xe3C\xbah\
F\xfe[\x9fb\x82g\xd2\xe0\xf5v\xd5\xf4\x1bF\xb9\
}u\xa4\x0dMMH**\xc1\x7f/\xcb`\x04\xf1\
\xf9E\xd22\xa8ii}4\xe7\xce\xce\xe7\xec\xba\xbb\
\x17\x13\xa8f\xe4\xc0\x950\xceY\xc2\x81\xc2\xa99x\
\x9d0\x88\x00\xe9\xc0l\xc2\x84\xef\xf9E\xe0V\xef\xc5\
}\xe0\xe6\x0f\xa1\xa0\x08XE\xc6B\xd1\xd6\xe1\xb1\xf3\
\xea\x1c\x1b\x0fK\xe2\x02\xecH\x8e\x8bCVf\xe6c\
\xdf\x9f\x9c\x1d\xc8a\x80\x8b\xc4\xe3\x0e\x0a\x7f6\xc4\x5c\
 F\x10\xef\xcf\xb9H\xbc?#o\xf8>\xa7\x87\xee\
\xffzh\x14\xa4\xd3\xb2\x11\xd9\xd82p\x8e)\x1e\xa4\
\x12\xd6\xb1\xc8.\x80QJ\x06n\x90.L\xba$\x0b\
\x86x\xc0\x8a\x93\xe7\xf1_u]\xbcrM\x01K}\
\xc31\xcf\xd6\x1d\x82\x12W9\xf9\xcb\xa4dry8\
>\x8a\x0fo]\xb9\xc1}\xd7x\xc2\xdaW\x9d\xdd\x07\
\xda\x22a\xb5\xcf\xac\x9d\xd0?*\xdf&;\xb2\xcd)\
\x80\x0aaE.\xb7G6\xdc\xd4u\xf3\xe1\xb9\xa28\
\x95\xd5\xc2\xf3\xfb\x95\xe4Sl\x5c\xddp\xca\xd2\x16S\
eU1\xf3\x86\x1aF\xcakB#\xf2\xd1\xb5%\xba\
\xe5\xb5\xdc\x1aPO/\xe6\xd5-,\xb9\x7f\x1dB\x16\
\xb68bl\x81\xff\x1a\x98c:\xc5u\x09'w\x84\
TV\xe3-\xf2\x0b\xef\x98\xd9!\xbf\xae\x1e\x1b\xfe8\
\x82\x88\xdez\xb8\xc7\x8dH\xc2\x8c\xc7\xc4\xc4\xc1l\xfe\
\x19\xab\x9c}\xf18\x8fVW_\x0d)\x03\xd6\xff3\
\x10V[\xf5\xc6\x90x\xbf\xea;S\xc4tG\xe2\x8a\
\xe9\x04\xc2\x10\xb7\x87-\xffZ\xc2M\xbb,\xecX'\
\xf0\xc48\xe1I1\xf5\xb2\x8b;\xf6\xd3\xdc\xa8\xf8\x04\
\xe07;'\x8c\x96S\xc38\xf2\xf9\xdf_\x93\xc3q\
\x1b\x07,v\xf5\xc3\x9e\xbcR\xac\x0e\x8a\x86\xa0\xba\x01\
>%\xbe\xa0@\xfc\x8e!\x5c\xe7\xd8\xcf\x96\xab\xe8Z\
\xd9\xef\xb4$;\x0f\xa9\xe4\xf1\xc9\xba\xdaZh\x11N\
K\xa3\xb8\x1f\x97\xc2{\xaf{\xf6\xe080\x9f\xec\xbf\
\xa2\x95W?z\x8bb\xae(\xc5\xe3l\xf2/\x9b\xe8\
\xa9\xe5u7\xf1F^\x15\xe1\x81\xa6G\xde\x8fCc\
;\xe6[:s\xf5\xea\x5c\xfd\x0a\xe9xY\xaf\x9e\x85\
\xc4'ru]\x5c\xbe\xa2\xbd\x13\xabH\xcf\xd7^\xbc\
\x8a\xcb\x01!p)(\xc1\xf7\xfa\xc60pv\x19R\
^\xb5\xb4\xbd\x03s4\x8d\xf0\xae\x8b/\x86\x92\x09\x90\
\xb3x\x9d;\xfb\xe0\x82\xca\xd2sC\xf2\xfd\xca+W\
\xb2>C\xd9\xe6\xad\xa7\xf2\xfdE\xa4\xcb\xafP\xbc\xdc\
o\xed\x80\xa4\xec\xa1\xafa4\x91o0\xf0\xf6\xc5%\
WO\xac\x12\x95\xc27G\x8fC\x8d\xe6g\x85\x99-\
\xc9Z\x05\xc7\x03\xc9GR\x0c\xd9D\x98Q\xe0\x86*\
\xb6\x9aZ\xf5\xc5m\xf2%\x9a\xc5\x95\xf0!<\xae\x12\
\x1d\x8f\x13\x19y\x88\xa9i\x80\x91o\x00ZZx>\
($1\x99\xae\xad\x01\x11\x95\x83\xd7\x079E\xc5@\
\x86\xe2N-\xbd\x9f\xd5\xdc\xaa\x92\x12\x88;\xb9a\x03\
\x19\xf1jr\xe9g\xea\xdb\x88\x8e\xdfE\x1d\xcd\x7fF\
z:\x8c)^\xeb\xc7\xc4#\xa3\xb8\x04\xad\xa4/J\
U\x8d\x18\xa5\xaa\x8f\xda\xba:\xb4\xd6\xd7\xe3W\xb2\xf1\
\xfa^\x9c\xc8\xees\xb0\x0f\x09\x87_B2:\xe8\xb5\
\x90\x8c,\xec\xf3\x0b\x859qL\xc5\x80`d\x14\x15\
\x0fzM\xb7I\xa7u\x82B\x11\xd4o\x8d;\xa4\xeb\
\x0eX\x14b\x95\x9a\x81\xa6\xb6'\xd7\x87i\xd8~\xc5\
\xeb9\xaa5Feh\xbd;6l\x95$\xde\xc7\xd6\
\x13=\xed\xb8B\xf3\xc8\x9c',O\x1c\xf9\xcd\x1f\xb6\
\xe0\xa2\xaa\x1a\xd9E\xc7\x90\xeb3\xd8\x08Z\xda\xd0\x88\
\x12\xd2\xa5p\xf2\x89\x86d\xd3l\xce\x8c\xe5\xe4\xef8\
y@\xc8\xb8\xaf\xe6\xa3\x86\xd5\x9b\xec\x82\x01\x9f?\xa7\
\xad\x07\x11\xe2\xec\xb1\xad}\xbf\xc9\xee\xb7\x91\x8cK\xc5\
\xcdG\xfc\xa6\xb4\xa9\x05V\xaa\xea \x988\xa9eR\
\x1a*\xf3\xf3a\x9bW\x84YQ\xe9X\x9dV\x88+\
\x09\xa9H\xe8\xb8\x05[\xe2\xe2\x8e\x0eN\x98z\xe1\x12\
\x18C[|\xa5\xa6\x037\xd2\xa9+\x99\x05\xf8\xd2\xca\
\x01\xc7(\xde\xef'\xee.JX\xc3>*\x16-m\
}5\xe9\xe5t?y\xc5\xc5\x88MH@\x04\xf9\xa3\
\x14\xe2\x17\xf5t\xfd,\xc2o\x22Y7\x92\xef`s\
\xa1\xec5665c\xb5\x90\x18\x98\xbdG\xb0C\xdf\
\x84\xc3\x98\x03r\x94\xb1\x09\xc8\xa9|r^\x8b\xc5\xf0\
lM\xc8E\x1d>\xb3\xa1\xf5\xe8\x9bs\x8d\xedK\xe9\
\xe0w\xe2\xa9\xb1?kq\xdb-\xed!\xb0\xe7\x0f0\
\xab^\x07\xc3?\x0d\xe3\xdf\xda\x80+Z:\xb8y\xf3\
\xe63\x14f\xdc\xa5\xf9\xea\x80B^\xe1\xfd\xa7\x92\x88\
O\xd7<\x90\x13\x5c\x7fV\x84[\x1b\xdc`b\x83\x9b\
\xfdr4R~\xc1H.*\x19\x1c\xff\x11\xb6\x9b{\
U\x11\xbe9\xbc\xf8\xa0C\xbc\xf3Zp$\x96\xd8\xba\
b\xfc)!\x5c\xb4\xb6\x87\xa5_ \xf6k\xe9\xe1\x1b\
\x8aU\xef\xd4w`Qb\x1e\x97g\xf2\x0c\x8f\x803\
\xf1@C\xdf@\x1c&\xde\xaf\x9e\x98\xca\xad\x17\xdbE\
\xc6\xa0\xba\xb9\xe5\xa1\xdf\x8aHL\xc4\xdb\x0a\xaa\x90t\
\xf3B\x12\xe9\x9b5\xf1\x8e\xcc\xf6.d54\xc1\xa6\
\xac\x0a\xf1\xb7\xeeB\xd5\xde\x09\x0c\xdd\xc3D\xe2\xb5l\
\xdd\x89QD\xcc\x80\xef\xb0${\xc8\xaa\xad{\xe2\x94\
\x05'*p\xfb\xf2\xc55\xa6\x0e\xa9.PR\x8f\x91\
g\xd7\xfb\xc3S\xd5\x9eZL\xe5\x15\x15h\xa3x\xc7\
2\x98d\xe2i\xd2Z\xda\xf8\xfa\xe2e|vC\x09\
\x06V\x84\x91o?\x19W\xb0>\x22\x92l\xff\xd6\x03\
\xefe\xf7\x5c\x9dwp\x85ea9Z\xe8\xdfW=\
}\xb1OF\x8e8W\x1fv\xbfH\xbc\x92\x11\x91\xc2\
\xe8\xb3b\x08*\xe4\xc9;.;\x17\xa9\xc4\xd1\xddh\
\xde\x1a;\x06\xaf\xad\xb2\xce/AN5/>8F\
\xc7\xe2+\x033\xfc\xa6\xa6\x05\xe6?\xdf`\xc4\x8e\xdf\
0\xf6\x92\x1c\x16\x106\xfd\x9c\x14\xfd\x10\xbd\xe7\xd5\xca\
V|\x90\x98\x83\xdd\xd6\x8e\xf4~\x9e|X\xee\xe1\x1a\
\x10\x04\x9b\xc0\x10D\x0d\xa2k\xf7|\x1fk\xf3'}\
\x83\xe1\xdc\xbb\x7f)+#\x13\xd9y}\xeba\xb9\xb9\
\xb98@\xbf\xbd\x88\xf0\xd0:K'\xf8V\xd4\xa0\x93\
>\xca\xeaU\x01\xe9\x89r~)\xee\x0cA\x161\xe9\
.\xdcZ\x90\x98\x16\xff\xdd\xadR\x19O\xec/*\xae\
5\xce\x98\xcd\xfb\x86%Z<\xb5\xfc\xd9\xbd\xac\x95\x8f\
\xe0J\xf647\x8d--CZ?\xb6\x0c\x8fF\xef\
\x92 \x9a\xee\xf0\xf8p\x03a\xb0\x06\xf2\xa3\xec_[\
T\xb50BH\x12\xcc\x9eC\xf8\xe8\x92L\x1f\xef\xad\
o\xc1\xa2\xdcjL \xfe\xb8YY\x83xp<a\
\x91\x1ct\xb4\xb6b\xaf\x86.*\x9b\x9b\x07\xfdm\x96\
s\x1f\xa9l\x80uo\xee\xd1\xae\xb8\x02\x17#\xe2\xa0\
\xe2\xe8\x8cEgD0^\xdb\x14\x0b\xe3\xb2\xb1\xa6\xaa\
\x0d\xbf\xb3kBM\xed\xd8i\xef\xde\xbbW\xa9\x0b\xbf\
\x9e:\x03\x0b7^\xbd\xea\xad!\xd4\xa1\xb150\xc7\
c\x92!\x13\x1e\x83\xb1\xbf\xee\x87\x88\xa3\xeb\x80\xd7\x0d\
=\xbd\x11I\xfe\x88]\x0fac\x85cm\x03|\xab\
)>\x91\x9e\xb6\xde\x1aZmpzA0\xd7oU\
B\x8f\xe9V\xf5d\x9ex\x8e\x99\xa8\xf6\x08;\xf6,\
\x93\xd4\xbc\x80\xe1\xbb\xe7~\xb2c\xd7m\xba\x1e\x5c\xfb\
INAF\xed\xc3u$\xedl\x9ds\xbf\xcfv\x91\
}6\x13v\x97\x8dM\x82\x1f\xd9mpr*4\xe2\
\x93a\x9cS\x88s\xf2\x8aH\xec\xc5\xf2W\x0d\x8c\xb8\
\xbdd\xd3\x89\x17L9q\x8e[\xab\xe1\xf2\xe95u\
X\x18\x91\x82Q*z\xb0\xf1\x0f\xbc\x8f\xe9\x8d<\xbc\
\xa0\x1f\x14\xf6\x00\xc8\x1a\xe8_\x94K\xaa\xc1\xa4\x14\xe3\
\xe7\xb08\xd4\x91\x7f\x09h\xe5\xe1\xf9\x86\xaa*|#\
\xaf\x829\xc66X\x9aV\x84\xa5\x15-\xd0\xaco\xe5\
\xb8%;\x0e]\x97\x03\xf3\xdeF\x8cU3\xc0\xfa\xf3\
\xa2HMK\x7fbM);\x12I\xa6\xfb\xcdm\xc0\
\x08]\x84\xa0\x82\x06\xd4\x1f\xf0\xf3\x8f\xcb\xf7\x0c%\x0f\
\x9cY\x10\x0b6\x97+\xa1\xcb\xdc=)\xfa\xce\xac'\
\xf7\xeb\x1c\xeb%M\xfe?=?\xe4\xa9l\xdf'*\
\x1a\x9ea\xe1\xd8``\x81\xe5\xc4q\x8eh\xeb\xe3\x94\
\x9a\x06\x0e\x99[s9T\xb6@\xe5\xba\x8e\x1evH\
J#\xa7\xa4\x8c\xe3\xd8\x936o\xc5\x86\xa3'q^\
V\x8e\xdb\x1b\xf9\xd9\x05\x09\xf0\xfd\xb4\x1d\xfc\xd2\xd7\xf1\
\xc6y14Q|\xff\xef\xe1\xa3\x18'$\x81\x89b\
\xd2x\xe3\xd0\xf1\xfb\xc5.\xefY:bNX\x12&\
\x9e\x16\xc1\x05\xfa.v\x84\xd3\xdc3\x1f\xff\x17k\xd9\
5V\x1a\xae\x84\x03w\x136\xd3';.*/\xe7\
\xb8\xa9\x89\x8f\x1f~\x93W\xc2\xeco\x7f\x80>\xe9\xc5\
}\x1c@\xbf\xb52\xa7\x12\xfc\xb1Y\xf8\xda\xc1\x9d\xc3\
g\xf7\xed\x95\xfcV0a\xf7\x7f\xfb\x86a\xa4\xad'\
tb\x13\x11\x9f\x95\x8d\xc4\xccL\x08\x9e\x17\xc7B\x9f\
p\xac\xca\xad\x04\xa3g\x85\xb3:\xfa0\xb6\xb6\x81\xb8\
\xaa:\xf2\x0b\x0b\x1f9_Q\xd5u\xd8J>j\xa4\
\xf8ULP\xd4\xc28%m|a\xed\x8c\x80\xdc\x02\
n\xfdo\x08i\xbe\xc7\x8e\x8c\xacT\x88\xe9\xf0r\x00\
\xa7/}\xf6\xc4\x1c\x80\x98\xce\xa8g\x92\xbf5\xcd\x89\
!\xd9\xd8\x1fA\x91\x14\x83\x09#\x7f\xb7\x15\xcc\xea\xb5\
\x1c\x96\x99\xfe\xc7\x09\xcc\xd9}\x00\xa3\xc9_3\x07O\
`\xd1\x159\xf0\x9f\xb9\x80\xf1\x1f\x7f\x8e\xa5\x84\xd9F\
\x1c=\x8b\x83\x14\xf3\xa6m\xff\x15\xe3\x0e\x9d\xc4tc\
[\xbc\x22y\x95\xe3TKv\xed\xc6xz\xef\xaa\xe8\
Tn\xbf\x84k\x0a/\x17\xeb\xd0\xd9\x8d\xd9)\x05\x98\
N\xb6\xc3\xee\x9fYw\xec\x14\xd6\x1f;\x8d\xef\x8f\x9e\
@Fb\x12~\xf5\xf4\xc3j\xe2}\x86m\x84\xb3{\
{9\x1cs\xf1\x04\xb3\xff8\xf6\xdeP\xc0\xf7\x14\xe3\
\xdf$\x9d\xba/c\xf2Y\x1b\x8a\xeb0\xab\xb8\x11\xdf\
F%\xdd\xdf{\xc0\x8e\xb6\xee;0)\xa9\xc4^7\
\x1f0\xe4\xaf7\x92\x9e\xb2\xfb7-\xd3\xb3\xb0 ,\
\x01\xeb(.,\xc9\xab\xc6\xfb\xe4\x1f\xf6\xd3w3o\
\xac\xc7\x8co\xbe\xc7\xe4\xcd[\xf0\x93\x88\x18\xa7?\xfd\
\xd7\x0c\xdbnw\xc3 #\x17\x95\x84\x97\x02\xb2r\xb0\
V\xdf\x1c\xa3\xc8\x7f\xf0\xe9Y`\xb2\x81\x15> \xec\
\xc9\xaeq6w>\xfd\x9e\xb6\x82\xc2\x5c\xd6\xf7C\xd2\
\x80=\x97\xea\x9d5O\x8c\xffz\x8c\x17\xbbf\x94]\
\x145\xec\xdfb\xb1\xb6\x13\xc5&\xc9\xe8D\x144\xb7\
B(1\x03\xbf\x11^>F>\xe0K\x15-\x08J\
]\xc7\x18\xe2\x04\xb3\x08O/\xd02\xc6L\xd2uA\
\xb2\xdb\xd9\xa4\x13\x1f\x12\xcf\x9f\xa1c\x8a\xd7\x15\xd41\
k\xf7AL;+\x8aW<C\xb8\xf5\xd0v\x9a7\
\x19\x16\x0f\xef?\x86\xc5\x1e\xc1\x98\x1f\x95\x8a\xcbQ\xf1\
(\x8c\x8d\xc5\x8d\xb4,LO\xce\xc7rS{\xbc.\
$\x8e\xedJj0\x0e\x8fB\x01\xc5K\xb6\xb6\x969\
x\x12\xab\xdc}q/\xebs\x87\x0ci\xa9\x83\x17\x18\
\xc2\x86\xfb\x82\x22\xb8}\xdag\x08\xdb\xf7\x1f\xef\xe5\x96\
\x81\xf1\x8b\x86^^\x1f//#\xde\xaf\x93\x95\x0f\x99\
\xa0p\xe4\x10V_\xa9k\x8a\xd7v\xef\x83\x10\xe1\xcf\
\xf7I'\x97\x93\xdd\xaf,o\xc1\xbf(.\x846\xb7\
\xe3\x9d\xe3\xa7!@\xfe\xca\x85tc\xd6\xe1\x93\x5c]\
\xaf\xc0\xd6\x9d\xf8\xf7YaXzzq+\xc6\xc9U\
5p,\xee\xeb\x1b\xd2E1J*,\x06K\xcd\x1c\
0\xce\xc8\x06#\xcc\x9c0B\xcf\x121\x05EO-\
\xff\xdb\xdd]\xb8j:\x06$W\x88\xeaM\x1d\xba\xfc\
\x8b\x87+\xff\x1e(\xba{\xf3\xfa\x9c\x94\x96\xc13\x82\
\xf7\xf9\x90\xf6>\xff\x19E\xf3\xc2\x1c>\x8d\xb7w\xfd\
\x86]\xde\xc1\x98cj\x87\x99d\xb7\xb3Uu\xb1\x98\
p\xf54\xc2W2\xe4;~\xbf.\x8f\xa97T\xc8\
\xa6\x12\xb1\xce\xda\xa5\xd7\x0f\xf6\xe0\x07W\x1f\x08\xba\x05\
bz@\x0c\xf4b\xd8=\xb2w\xb0\xdd\x9ddld\
\x07\x19\xc2i\xe9%e\x03\xaeH\xc9\xc3\x9b\xdb{=\
\x85d]\xdb\x8f\x87\xfdjb\x05\x01\xd2\x97\xc5%\x8d\
x?2\x19\xef]\x95Ca/^\xad\x229\xbf\xe2\
\xe8\x8dM\xc4\x1d\x03)^\xb1\xbc\xdb\x223\x0f.\x84\
gZH\xbfY\x1b6\xcb\xce\x87ae\x1dj\x8a\x8b\
\xb0\xf2\xd7=\x18\xb1\xef(\xa6\x93\xbc^\x8fL\xc1&\
\xe2u5\xc4E\x04O\x0a\xe1\xeb\x80H\xc8\xb1{\x93\
}\x220\x93\xfc\xd8!g/\x5c\xf6\x0e\x04s\xec\x1c\
\xbe7\xb7\x83]\xda\xe0u\xfe\xcd\x14s\x0c3r\x88\
g\x86`\x0d\xdd\x7fkk\xeb\xd3S\xe6\x9e\xdb\xb8f\
\xc6\xc7\xc9_J\x8fo\xcd\x93\xfd\xff\x08\xce\xffg\x14\
\x84\x0d\xfb\xb7\xb2\xca*\xe0\x90\x9a\x01\xef\xa4T\x8eo\
\xb1\xc3\xa3d`_\x1cI\x17w\x8cys\x03\xd6\xa9\
\xe9q9\xfe\x0f\xdd\xfd\xb1!8\x1a\xfcJZ\xf8\xd9\
\x8c\xb7\xdeTB\xbcv\x91\x937F\xd9{\xe3\x80\x7f\
\xdfulq\xf2\xc0(\x1ds.\x0f\xcc|\xf6%6\
^\x91\xc5q\xe2P\xd1\x8f\xa8\x89b\xd7\xa1\x96\x9d<\
\x07\xe6\xab\xcd\xf0\x8d\x8cB.\xe1B\xb6ft\x7fl\
2\xa7[+\xa2\xd30\x958\x82\x80\xf8e\xcc\x22?\
3\x95p\xc8{\xa4w\x5c\xed%\xe1y5cS\xd8\
\x93\x9e\xd5\xdd\x1c\x88\x11\x9b)\x16;t\xf4a[E\
;G\x0e\xf31\x1f~\x82\xdf\xce\x09q\xcf\xbdcd\
\x85wC\xe3\xb9Z\xc1\xa9\xe9\xa5\xb8V\xc0\xd3\xcd\xfd\
\xa4\xc3\xfcl}\x8a\xb1\x1d~\xd01D\xfc#\xfa\x06\
q\xeb\x8f\x15U\x08\xa9~\xb6\xba\xeb\xb2\xf2b\x5c\xd4\
\x1f\xc9\xc5\x7fQ\xcd\xd7\x9f,\x7fm>N\xfeiy\
\xc1x\x1e\xc3\xa6\xb4\x02\xd5\xfd\xd6[2\x88\x83O\xde\
{\x08\xd3\xaf)`\x9e\xb9#v\x06Ga\x8f\x9d\x13\
V]\x96\xc3\xba3B\x08\xcf\xc9\x83Xb\x1a\xe6Q\
\x8c\x9f'\xab\x82\xd9\x84\x05Tl\xec\xb1\xed\x9a,F\
\x12~8\x1b\x12\x89\x08\x92\xb7QP(L\x92\xd2\x10\
VY\x83\x84\xb6\x0e\x94\x0e\xb2_\xaa\x9b\xab\x05+\xc5\
1\x0d\x1d\xcc\xffi\x1bfPL\x9d\xee\xec\xc7a\xf8\
W\x1451\xed\xd8\x19\x8c\xa5\xd8\xbc\xc0\xc2\x01#E\
/c\x99\xc4eDW\xf4\xe5\xd4\xee\xdc\x19\x9caW\
\x10\x0ep\xe9\x85\x05\xec~\x0f\x85\xb4\x5c\xd8\x16U`\
\x06a\xd1\x9fT\xd4\xe1\xe0\xee\x897\xa4\xaeA\x90\xfc\
\xf8\xe2\xb8,\xcc\xb1s'\x1e\x97\x87\x9e\xaeNn\xff\
\xcb$K\x17L\xb9t\x03\xfc*\xba\x98\xa2e\x82]\
^\x81p$\x1e\x91R\xdft\x1f\xe85S,p,\
*{\xe6\xf9O\xcbH\xe1\xf0\xdfE\x8a\xff\xe7\xe4>\
}\xb2\xfc\xb5F9\xb2\xfc/-\xff\xf9\xc8\xbf\x85\xf8\
\x95Q^\x11b\x8bJ\xa1\xea\xe3\x8f\x05\xda&X`\
\xed\x8a\xd5\xb6.\x98yE\x1e\x13H\xa6\x82_~\x83\
\xa5{\x0e`\xc1\x05)\x9c\x22.\xa4hm\x87\x82b\
^\xec\x0d/,\x81Cx$b\x89\xf3U74\xa2\
\xb1\xb5\xe2\x81\xf5\x86\x06T\x92~\x85\x12\x8f\x92\x89J\
\xc0e\xdf@\xc4\xf6\xd6\x9c\xde$\xfe\xf6\x16\xa9\x9eD\
W7\x0e\xb8xa\x16\xc9b\xb1_$f\xe9[`\
\xa6\x9c\x1a\xd7\x8b@>:\x9e\xeb\xc1\x94R6\xbc:\
'\xed\xc2r\xb8\xd2}\x89%\xa6#\x99\xdd\xbfE\x5c\
D\xbb\xeb6\xfeS\xd5\x00f\xe7^\xac\xd8\xf5;>\
\x17\xbb\x88\xcb\x14\x13/Z\xda`\x97\x8d#\xb6G'\
a\x9ao$~\xf3\x09\xc6I\x07W\x08\x90\x8e\xf3\xe9\
\x98a\x82\x91-\xc6\x92n~\xe6\xea\x8bd\xd2\x93\x80\
\x84D\x18$\xa4p\xf9\x9e\xe1\xd6.?8\xb2\x0b\x12\
9\xfc'\xae\xcb\xe0\x84\xf0\x07\xaf<\xb9\xee\x8f\xcf\x94\
W\xf7g\xf7\xec\xb2'\x1e\xefAz\xedTX\x065\
\xe2\x05k$\xaep}\x9c\xf8\xf5\xcc1KT\x1a\x13\
\xbe\xfd\x11c\xbe\xfc\x8e[_g~\xda\xc9aj\xe6\
\xf7\x83\xdc\xf3nA\xc1\xc8\xaa\xaa\x86\xac\xa3\x0bJJ\
\xfa\xf2h\x81\x01Y\xf7'%\xaf\xaa\x0bV\xbd\xfe\xb3\
\xaa \x1f\xa9\xb9\xf9x\xcf\xc9\x13s\x8b\xaa\xf0o5\
]\x88\x05\x84`\x13\xbd6\xd5\xd2\x09\xfcW\x14\xb0\xc2\
?\x12K\xc3\x93\xb0\x94p\xf6tM#\xac\x8eJ\xc1\
\xb1\xf8th\x11\xce+\xb9=\xf8~\x81\x9e\x07\xf8v\
\x0b\xe9Z4\xf1\x0a\x0b/\x1f\x18f\xe6\x12N.\x81\
\x89\xbd\x0d\xb4=\x1dPPP\x0cv\x95\xef\xb3\xe2z\
L\x90U\xc57\x14\xcf\x94|\x02\xa1`e\x8b\x1fd\
\xe4\xc0'%\x8b\x05\xe4w\x0aZ\xdap8>\x0dk\
\xc9\x0f\x9d!<0\xdf\x90\x87GF\xebZ \x86\xad\
U%\xbd\xbdD\x9f\x8b+}v\xfb\xef\x97\xff\xb9-\
e\xc4\x8c{b\xfeW{\xa42\x9b\xff\x0dM\xd6|\
\xa6\xdfM\xcd\xc8\x802a\xf6\xf2~\xeb\x1fl\x9f.\
\xdd\xe0p\x08Q\xcc\xf6\x8d\x8eA:\xf1\xe6\xa0\xd8x\
.\xc6jG'\xe04\xe1\xf0\xff\xca\xab`\x14\xf1A\
\xbew\xff\x0dC\xd2\x99\xee\x07<\xba\x96n\x04\x844\
B\xb1\xe3z:^\xbb`\x81\x0d\xd6\xd68\xeb\x17\x8c\
l\xc2\xd2\xf5E\x85\xb0'}\xfb\xac\x82\xad\xa9\x95\xc3\
\xa8\x1b\xea\x98\xecD\xfc\xef\xc0a|*.\x05>!\
I\xac\xb9t\x1d\xc5tm_Z;a\xaa\x7f4\x17\
\x0f&\x93M\xbe\xdd\xd4\x09\xc7\xa6\xc1\xf3\x92-mm\
\xf0\x08\x8b@Ry%\x8e\x1b\x98\xe0\xdfBb\xd0\xb5\
\xb5\xe7r}\x09))\xe8h\x1f\x88\xcf\xd8\xec\xe2\x1a\
\xc2\x16\x8c\xb2.f\xd8\xb8a\x1b\xe9Xjs\x1b~\
\x97\x90\xc2\xb8\x8f>\xc3+\xc4\x01\xd8\xbd\x02\xb9\xbd\xbf\
\x97Z\x5c\x8a\xf9&\xb6\xd8BX\xd6\x99\xae\x9f\x8dg\
\xb5\xa4g\x16\xc9\xe9\xa8hx\xb6\xf3\xac\x13\xb3|\xc1\
\x9e\xa1+\xae=\x11\xc7\x8f\x1f\x7fb\xfeOBg\xb2\
\x8c\x94\x19\x03\x9fh\x89g\xfa\xdd\x82\xea\x1a\x18\x06\x0f\
\x03Cv\xf5\xe53\x9b\x88\x93\xe5\xf4\xd6wq\xf1\x96\
t\xe8\xb8\xa9%f\xfe\xbc\x05+v\xc8\x82\xd9\xac\x89\
7UL!\x16E\x9c\xe1\x86\x1a\x98_\xf6\xe3}E\
\x0d\x88\x04\x86\x81e\xf8m\xb7nc\xab\xae\x11\xa6\x1e\
?\x07\x09s+\xb2\xa7vd\x92\x9c\xc6\x1c=\x83w\
\x08W\x9a\xd74\xc2\xa7\xa2\x06\xbb\x82\x221C\xdf\x12\
o&d\xe0\x08}\xee;\xc2t\xc5\x0f\xe9@\x0f\x1c\
|\xfd\xd0\xde\xd8\xc8\xe5\xfa\xa4\x9c\xdd\xe1L\x18W&\
0\x1c\x06\xa1\x918\xae\xa9\x89\xedrF@\xc3@\xfc\
Q\xd3}\x17;\xc3\xe2\xc0G\xbe\x9d\x9f\xf4kYR\
\x1e\x96\xfbF`#q\x8d\x94\x88\x08v!c\xe0:\
ml_\xeds\x05\xc9>\xb0\xa9\x15uOQ\x7f\xf1\
\xe0\x08I\xd4\xe0\xce\xe0\x10S\x9f\x91\xc90\x18\xf9\xc4\
\xbe\x8e\x0ao\x1f`\xcf\xe2\xd4w\xfa\xf1\xd9|?\xe1\
\x22\x8f\xd4\x8c!\xbd7\xc2\xcf\x07\xa7\xf4\xcf\xa1\xba\x85\
|\xf9\xdd[\xb8[[\x0d\xc7\x94\x0c\x9c7\xb3\xc6\xda\
K\xb2\x98t]\x05\x8c\xe8\x15\xccVP\xc3z}C\
L\xfcE\x13\xdf(z\xe0C\x8a\x95\xaa\xe4O\xb2\x13\
\x13q\xd2\xc4\x02_8\x0e\xdc\x9f\xde\xde\x9f7u\xdf\
\xc6{d\xfb\xec\x9e>\xfe\xb4\x12\xfcN\xf8\x8d]E\
^WT\x83\xa5n\xfe\xf8\xa0\xaa\x11K\x89\xc3g\xd7\
=lo!\xb1q\xb0\x22\x9e\xbe\x8c\xb0K[-\xaf\
\x86\x94\x85\x7fVY\x05\xf8\xc8\xd4\x16\x8c\x9a)\xac\xe2\
R\x06\x8d\x1f:\x84Q\x17\xd8{\x81?,\x19\x8b\x13\
r\xb1<\xa5\x00'\x0a+Q\xd4\xc9\xc3\xc45MM\
\xf0\xcc-@q\xdd@\x9c\x9f\x90\x91\x09\x15\x17\x8fg\
\x96\xbfg\xc4y\xb0\xfd\xba$t\xf9\x86t\x96\x0c[\
'\xc4\xd6\x7f\xa8\xdbo|\xe6\xdfv\xc8\xca\xbb\xdf\x8b\
\x83\xdd\x03\xd6N|\x8c\xc5\xcb\xec#\xb7\xb5\x03\x16)\
\x99\x10\xd5\xd5\xc6'?~\x88\xef,M\xf1\xaa\x8e(\
6\x5c\xde\x86\xcfO\x1f\x83\xe0\x0f\x1b\xc1\x5c\x92\xc7\xc8\
3\x171\xff\x8406h\xea\xc1\xa8 \x076\x0e\xc5\
\xd8*\x1b\x8d=\x92A\x98*&\x07\xdb\x90`\xae\xef\
\xdbOf\xb6\xd8(}\x0df\x8f\xe9\x9bt\xc0\xd6\x09\
\x13\xdd\x82\xb0\xb2\xa4\x01G\xe9o6\xc2\xfd\xab\xa2\x19\
\x0b\x9c|1\xde\xcc\x09\xe7\xa2\x06\xaf\xbf\xbaM\xf1x\
\x93\x95#\xf6\x06E  \x22\xea\xbe|3\x92\xb3!\
h\x1f\x88\x859e\x98M<\xcf\xbf\xa9m@\xed\xeb\
\xbdQHq\xef\xa0W(&\xbb\x05`nb\x1e\xa6\
G\xa4\xe0\x95\xe0x\xacJ\xce\xc5/\xa11hj\x19\
X\xc7\xc1\xee\x992\x0f\x08\xe6\xf6\x94<\xeb\xd0q\xf8\
\x01\x97-\xd9\xbd\x80c\xd4\x87\xd4\xdfO\xea\xcd\xe9,\
_\xb8n>\xf3\x99\x7f;\xb5\xad\x13\xfb\x88\xbf\x7fL\
\x98\xeb_\x14\x0f_%\xce\xbd<8\x16K\x03\xa3\xe9\
\xfe\xc97\xeaZ\x82\xd9\xb6\x0b3\xce\xfc\x88\x1fv\xec\
\xc4\x07'Ob\xa6\xdai|{\xe0\x14^\x7f\x7f\x1f\
\xfe\xad#\x8c\xcf\xd4N\xc0=\xc8\x13\x0a\xc9\xd1\x5c<\
q\xb7-DZK=\xce\xab\xa8a\xea\xaf\x7f\xe03\
\x19\xc2\xf0\x16VH$\x0c\xfe\xb1\x819\xc4\xd55\xd1\
\xda\xd00\xe8\xf5\xb4S\x5c\xf91$\x16\xf3\x0bj\xc0\
\xb2\xf4\xcb\xec\x1a.a\xb5\xb9$\xff\x19\xc4GK\x1f\
\xd3Cx\xbb\x9e1V^\x90\x84Dh4\xa2\x09\x07\
\xa8\xf8\xf9\xe3\x94\x9a9\x969\x87`Qa-\x96U\
\xb7c\x13A\xc8\xfe\xab7U\xf5\xd5pQ\xb8\x0eo\
k]\x8a\xeb\x8eP\x0dq\xc1f\x8f\x10\x08z\x04C\
 ,\x093\xe8\xb1(*\x0d\x9f&\xe5@\xb9\xa4\x0a\
U\x5c\x9e\xa1\x07>\x19\xd9C\xae\x95yr\xfd\xd7Z\
\xb0g\xf1\x88j\xcc\x93\x18R\xf5'0\xe2\x82\xc6\x84\
Fi\xf2\x19\x15\xd5E\xcf\x86=J\xca\xb0\xc6\xd6\x15\
\x8c\x82&\xc6\x12\x0e\x1b\xeb\x1a\x88\xc9\x9e\xa1\x98J\x8f\
\x99l\x9f\x14\x9fp\xcc\x11\x92\xc0[\xc7\x85\xb1\xf5\xd2\
5\x88\x07\x85C+\xbb\x04I\xe9\xc5\xb8L~\xe1\x9a\
\xb7\x22\x82\xc3\xd3\xb0\xf4\xdb\xef \xea\xd5\x97\xa3e\xd7\
\xcc\xe7\x11\x9ec\x8e\x9f\xc5\x11+\xde\xf3\x96\xf1I\xd8\
N1\xdf)0\x18\xaaN\xae\x8f(,\xba\x83Om\
\x5c0+\xa9\x00_\xd0Tonh\xc6r\xb6G\x07\
\xf9\xf5\xd7\xcf\x8a<\x96ii%\xa7a\xe5\xb138\
\xa6k\x00\xff\xb8x\xe4\x90\xbe\x15\x97\x95c\x93\xb9=\
\xdeJ\xc9\x07\xdb\xfd\xfc\x0f\xb6\xf6\x80\xe5\x86\xbd\x9f\xd1\
\xd4\xb9\x82\xa8@\x1f(:i\x228?\x92w\x9d\xf2\
R\xf0\x0a\x0d\xc7\xb1\xb84n\xaf\xb2@H\x02\x04\x22\
S1%\x22\x15K\xe3\xb3\xf0uJ\x1e\xceg\x17\xa3\
\xed\xce\xddg\xb6\xbf\xae\xae\x0e\x5c2\x1a\xc5\xe5\xfe/\
(\xad{o\xc8\xfd~\xb4\xf9,Y\x0e\x18\x93n?\
\xa48_\xc2\xd6Nvt\xa1\x89\xfc\xd5M\xf2\xf1%\
\x84_m\x08\xbb\x16\x91=9\x96T`\xad\x81\x05\xae\
\x92LTC\x22`\x99[\x08\x0f\x8a\xa5a\xd9y\xa8\
ki\xe5\xde\xff\xa8\xc5\xad\x12\x8a\xb5\xce\x0eMpw\
\xccGzC-\x17+\x0d\xb3\xf2\xb1\x8cx\xfct\x1d\
S,\xbe\xae\x80O\xe5Tp\xc6\xd5\x0b\xfb\xf4\x8cP\
^U\x85\xf5\xda\xc6\xb0\x8c\x1c|\x0d\x95\xed\x11\xca\xf6\
\x14\x99\xe3\x1e\x84U\x09\xd9\x98\xed\x17\x81\xa9\x84\xff&\
\x1d;\x0b\x07\xbf'\x9f=\xad\x10\x9f\x8c\x95\xf4\x9b\x1f\
JH\xc3(,\x1c\x97#b\x10\xdf\xd0\x04\xef\x88h\
\x98\xd4\xd4\x80\xedP*L\x8f7\xe9\x96\xbe$\xe8q\
\xce\xc9\x1d\x1e:\x9a\x08\x0a\xf7\x80\xbe\xa2\x02t\xad\xd4\
\xc9w$\xf6\xdd\x1f\xcd\x8frJ\x166\x06\xc7`v\
h\x22\xd73j\x1a\xc5\x11v=c)\xfd?\xbf\xfd\
\xd9z\x19\xa6\xe7Es\xd8\xff\xa2\xc1\x08\x1c\xbd\xb6a\
\xdaP\xe5/\xa9=\x91\xab\x01s\x0a<\xf9\xd8\xef\x8f\
\xaa\xaa\x85^F.|\x09O\xbb\xd2\xc3\xb3\xa8\x0cA\
\x14\xeb\x5c\xcbk\xd0\xd1O\x7f\x83\x0a\x8a\x10P\xfc\xf4\
\x5c\xb6\x95\xf8\x95\x88\x8d#\x168\xfbB0\xad\x18\x13\
\xad\x5c1\x95\xec\xe5\x17K{\xc8\xf9\x07\xe2\xa8\x93\x1b\
\xa4\x02B\xf1\x1a\xe9\xc4\xef\xd6\x8e\x8f\xce\x85\xdf\xbe\x85\
\xb7N\x9f\x87\xbao\x00\xb2\x08_[\x94V\xe1\x8d\xd0\
x\x8c%\xf9g\xa4\xa4<\xf1:\x82\x82\x82\xa0\xe5\xee\
\x09\xef\x8aj\xc2/}\xbc6+'\x87[[\xccm\
o\xc3\xa7\x95\xd5X\xd6\xda\x83\xb9\x05u\x98\x99^\x8a\
\xdf+\x9a\x90\xc3\xa6\x16\xd8\xfa\xbd\xbb\x8f\xb0i\xb2\x9b\
h\xf2\x95\x22\x89\x19\x5c\xaf\xcb\x99\xa4\x07\xe3\xe8\xfe\xbc\
\x0aK\x9fI\xfeAq\xaa\x1c\xf6\x17\xd7\xe6/\x1c\xce\
\xfe\x0f!\xf9\xb7>\x974d\xa0h\xf9\xe8~_\xc5\
\x8dM\xd0\xcd\xc8\x1bR= ;R\x1a[`\x94_\
\x8c\xcc\xc6f\xdc\xbe\xfbh?\xcb\xf2\xfd|z\x8ff\
T\x1c\xc4\xac\xec\xf0\x0ea\xbaI\xc7N\x83\xd9{\x18\
\xa3\xa4o`\x05\xe1(\x99t\xc2Z\xe4\xbf\xe7Y\xbb\
\xe22\xf1\x01\xcf\xc4dh\x10\xeeK(\xe4\xe5\x0c\xef\
<j\x9e\xd9\xda\x02aQ\xbci\xee\x80\x90f\x9e\xfc\
\xea\xc9w\xbd\xa1\xa0\x8e\xe4\x07\xd6\x10\x1e\x8c\xbb\xf5\xe4\
{\xfe%*\x8d\xc4\x5c\xdeJb{K3L\xbd}\
\xb9\x1c}fI\x09\x1a\x1a\xeb\x91\x1c\x9e\x02k\x07_\
H\x95Tb\x1e\xf1\xbdY\xe9%\x98\x99\x5c\xc0\xf5\xa3\
\xd8\x9aQ\x08\xef\xba\xe6\xc7.\xe4\x87%$\xa1\x8c\xad\
y%]0)\xab\x86Nb*\xaa\xdby\xbc\x92\xdd\
gTN\xbc\x90\xed\x15\xde\xd0\xaf/`\xcfc\xb1\xdf\
f\xae/\xa8\xb8\xf68\xfd\xe1\xc8\xff\x88\xd4\xd6Ib\
:#)v\x8cES\xf3\xe05\xef\xf6$\xcf\xea!\
\xe0\xd3\x07\xaf/\x8ex\xbe;\xe9uHI9W+\
\x1fA\x5cX>&\x01\x17\xb3\x0b\xf1\x8e\x86>\x16\xdb\
\xb9c\x11\xf9>\x86\xe5|?\xed\xc4\xf8S\xc2\x10\x90\
S\xc7\xfb2\x0a\x900\xb5\x84\xbd\xb3\xf3}\xee\xcc\xf6\
\xd3a\xf6\x1c&L\xce\x8b\xad\x85\x9d]\xd0%.\xe5\
\x97\x9e\x89\xe8\xac\x9cA\xaff\xab\xa2*F\x1b\xda`\
FL\x06\xbe\xa9i\x81Rm=>p\xf1AH\xe1\
\xc35\xd8l_\xe2\xda~\xb5b\x01\x84\xef\x7f\xf2\x0a\
\xc2\xb5\xc0P\xac\xf9}/\xe2\xe3\x13\x90E\x18\xd75\
'\xff\xa1\xdfI,-\xc7\x8e\xa8d\xcc\x0aO\xc6\xd4\
\xa8tL\xa5\xff\x0b\x06\xc5\xe1\x9d\xb0\x04\xc8\xe5\x16s\
\xfb$\xfa\x8f\xc8\xbc\x02x\xc5\x0e\xec\x11\xddH\xb2\xb7\
\xa7\xf8\xe9\xd2\xd2\x0e/\xf2\xab\xb65\x0dp\xaeo\x81\
Yn\x11\xf9\x86\x92\xc7\xce;\xbbtq\xc5h\x0e\xae\
\x92\xfcEU\x96\x9c\x1c~\xbf\xcf\x89\xa1l\x0f\x91\xf8\
\xcc\xc1\xb1\x94ke\x0d\x1a\xbb\xef\x0c\xd9\x17u\xb0\xb5\
\xea7o\x22:%\x0dR\x1e>X*&\x8d\xe9\xa7\
\x851\xfe\xc01\xf0\xb9\x06\x80Q7\x04\xb3y\x1b\x98\
-\xbb0\x8d\xfc\xfb\x1a\x1bW||\xfe\x02&\x7f\xf7\
#\xcc\x923\xa0b\xef\x88OD\xc4!x\xf08~\
u\xe5\x9d\xf5\xc0\xb2\xa6\xa9n\x81\x102\xb3B\x1ca\
\xb9m$\x9b\xabq\xc9(//\x87MX\xe4\xc3k\
aEE\x98s\xf44\x16\xf8FbUA->!\
\xe5|\x93h\xf8\x94\xd0d\x18\xc6%=\xf4\xfeK\xba\
\xfa\xb8\xa0\xa5\x03\x0f\xb2\xcb\x8c\xde\x5c\xacay5\x98\
S\xa2\xd8\xe3\xd9W\x1f\xa7ea\x09;o\x9fA\xfc\
\xcd\x1dD\x15\x15cwH4\x16\xfaEb\xb2\x7f4\
\x04\x02c1\xc9'\x02\x0b}#p\x8a\xfc}ti\
\x05\xbc\x8aK\x11[7x\x9e\x8f\xdd\xcaZM\xf3\xfc\
`&(\x880\xb0E\xe2\xa3{\xc7\xe7\x16'r\xb1\
_\xcah\x04N+\xbe7o\xd8=\x1f\xb5\x05%Y\
\x0c`\xe3\xf3\xf0\x1eP6\xb6\xb3\xbd\xd1\x86Z\x94\xc4\
\xf6\xeeZJ\xfcj\x81\xac2\xa6\xc8\xa9\x81\xcf\xda\x0d\
\x93-\x9d\xb9\xfe\xed\xd3\x9c\xfd\xb1\xdc=\x10kO\x9d\
\x87\x98\x8554=}\x90\xd8\xbb\xdfABI\x85\xeb\
\xb5\xa9\x19\x14\x86\x03\x16\xb6\x18c`\x85Y\xf4\xd9\xa9\
4\x87\xb6\x05\xa4\xffw\xbb\x11\xcf\xe5\xcbn\xa1\xae\xb1\
\x11\xfb\xbc\x83\xc8\x9fwp{\xcb\x06\x1b\xb1qq\x18\
\xbf\xe37\xccs\xf0\xc6;\x0d]\xd8E\xcf\xad\xae\xeb\
\x04c\xe3\x019\xcf\x87\xe5\xc7\xf6\x1b\xd5prA5\
\xf9\xfe`\xf2'\x81Q\xd1\xf8T\xcf\x04;\x0d\xcd\xd0\
D\x82q\xaem\x80nz6&\xaa\xea\x91\xde\xee\xc4\
;;\x7fAAn\xee}\xd9\x0f\xc0\xb2\x84\xf5\xae\xc5\
$b\x9d\xab\x1f\xe6x\x87\x83\x9f\xe4?\xc15\x08S\
l=\xf1\xa3_\x18\xb7\xae0X\xee\xe0q\xc30-\
\x0b\xe5\xcd-\x8f\xa8\xc3\x93\xe1\xea\xbe%t'\xa4>\
M\xff\x87sr\x1b\x16_$\xfb\x971]\xf0\xd0V\
.v_\xb7~\xe9\xd0\xce\xdb)&\xbbY,}\x1d\
\x13t\xcd\xb9zL>%\x1d,\xf3\x0a\xc1O\xc1\xd1\
\xd8K\xf8-\x94|\xda-\xd6Y=\x10\xb3\xdd\xa2c\
1^\xf4\x12f\x93/X\xeb\x1f\x89\x83\xf1ix\xc5\
\xc5\x0f+c3\xb0\x82\xb0\xbb \xe9\xc2+\xe2\x97\xb9\
\xbe\xd9\xac\x1f\xb8F1\xa4\xa4\xa2\x12\xc1\xe4\x97\x0a\xda\
;\x91LqY\xad\xaa\x1e\xb6\x15\xb5\xf7\xf7\xfb\xb9\xfb\
\xfaq=|f\xdb\xbac!q\xad\xf7\xc8\xff\xff\x90\
]\x8a\xbd\x1e\xfepy\xc0\xf7\xde\x1b\xec\x9e\x0d\xbd\xde\
\xfa\xc0\x96\xa6F\xac\xd33\xeb\xc3\xa5u\xb5x3:\
\x0d\x0b3\xcb1\xcf\xde\x13|\xc7\xceq\xbd\x08\xcf\xf8\
\x05\xc3 )\xed\x11\x8e\xb9\x1b\xf2\x11\xb1\xf8\xd8\xc1\x03\
\xf3\xec<0\x81tq2\xe9\xdfB+\x17HG%\
\xa0\xbc\xa9e\xc8>\xb5\xb0\xa1\x11fE\x83\xd7\x0f(\
Y\xbe\xcb\xed\xfd\x16\xd7\x16\xbc\xf1\xd4\xbd\xfftG\xa4\
\x88\x13wL\xc9\x0e\x1d\x18\xfb\xc9\xf6s\x1f\xdc{@\
:\xdbI\xfe\x9d\xdd\xe3\xc9b\x98\xf8\xa2\x12\xd8\x97V\
b\x87\xa95\xc6\x11\xff\x1f\xa3f\x88\xed\xe4\xb7mz\
\xf70g\x95W\x22\xe51=\x0e]c\x130\x95l\
}yl&\x96\x12\x8ez;<\x11k\xe22\xf1F\
a\x1d\xde\x22\x99\xcd6\xb5\x03\x1f\xdbC\xfe\xb7\x03\xf8\
TL\x0a\x01\xa9\xe9\xd0(\xaf\x82j^\x11,\x0bJ\
\x91J\xfe\xb4\x9e\xfcT)\xd9\xb0\x0d\xf9lv/P\
\x1e\xf1\xf5s\xc4\x13\xa6\x92\xeel\xf2\x0e\x81\x00\xc5\xe5\
\x93iy\x0f\x05\xceJ\xfaLS\xbf>\xf2~\x14\xb3\
<\xe9\xc1\xd6^g\xdf\xec\x86\x0f\xe9\x5c\x14\xd9\xfe\x87\
1ix\xad\xf9.\xde%\x88\xb6.\xb7\x02\xabH7\
gGg\x80?>\x07KR\x0a \x96U\xc8\xe1\xdd\
\x07cBP\x0a\xaf6\xb8\xa8\xb2\x0a'<\xfd1\x9d\
8(\x9f\x89\x1d\xc5@#\xecv\xf3\x1d\xb2\xfc\xebH\
\xaf\xf5R\x1e\xde\x03\x5cQ]\xc2\xad\xf7^6e \
$\xfb\xde\x86\xa7?\xdbM@\x9a\x8b\x01\xbe\x03c\x80\
\x02\xf9\xbc\x9a\x07\xf6\xd0\x16\x13\x06\xfeJ\xec\x22\x1c(\
.\xb1g\x1a\xb0}\xb9\xaa\xe8=l\xdc\xaalh\x80\
\xd6\x03\xf1\xd5\xb3l\xf0\xbdK\x15\xe4\xcf\x0c\xacl\xb8\
z\xfe\x85!\x09\xf8WU;\xd6\xd7\xdf\xc2\xa6\xcaf\
|P\xd5\x8a7\xaa;\xb1\xb6\xac\x09k\xd8>\x89G\
\xcf`,\xc5\x90\x0f\xe5T\xf0\x99o\x18\x0c\x08\xd3_\
K\xca\xe0\xf6\xcf?8\x92\x097{\x11\xe6\xf4\xa2k\
\xf7\xe9]3\x8e\xaeo\xc2\xb1\x94\x1c.~t\x91\xff\
\x89\xado\x84wY%,\xc9\xa6\xdc3sa\x9f\x99\
\x83\xa2\xa6ft\x12\xce\x15\xf1\x09\x84zp\x18N\xb2\
\xf5[\x22\xd2\x18\xaf\xa8\x0d\xbe\x80X\xac.i\xc4{\
e\x8dXm`\xce\xd5\x8d\xcd\xce\xae\xfc?\xf6\xae\x03\
.\xeb\xaa\x0b[_\x9fM\xcdL\xcd\xbd\xf7L+G\
\xa6\x99\x9a6\xdcf\xf5Y\x9a\xa5Y\xee-2T\xc4\
\x81\xe2@\xd9Sq\x0b\xa8\x80\xa0\x02\x22\xca\xde{\xef\
\xbd\x91)ny\xbes\xee\x8b\xca\xcb\x0b\xb6\x04G\xff\
\xf3\xfb\xddHx\xe7\xbdg<g^t\x8c\xcfE\x9f\
\x94B\xb4!\x1f\xb0S\x5c6~H/\x84u\xd1u\
\x913\xa8$\x1f\xd1\xd9E\xbe\xb6>6-\x1d_\x1f\
?\x8dWt\xcd\xf1\xa6\xae\x19\xa2k\x89C\xd6f\x11\
\xee\xdc\xa2\xef\xe4\x17\x80\x9a\x9d\x06\x97|\xf7\xc9t\xbf\
a\xd3\xf4\x7f2\xff\x8dq\xc3\xe6\x83\xff\xc16\x8b\x16\
\xb8s\xf7\xd1'\xd0O\xcdBf\x85\xe2<\x9d`\xc2\
16\xe1\xd1\x7f\xc8\xb7|:\x0e\x5c\xf7H2v1\
>Y\xf4@\xce\x22\xdd\xf0\x81[\xa0\x98\x89\xcf\xf5Z\
|_\xce\xc0\xa4<|\x98w\x03\x83i}\x94q\x0d\
\x1fG\xa7\xe2u\xf7\x10\xcc\xf2\x0d\x13\xfa\xc6\x8d\xe4]\
?&I\xcc\xf5x`=\x92I\x7f\xda\xa5\xff\xf9Z\
\x0e\xbe\x93\xc2*3\x0f\xc7\x88\x1f\x83\xc9\xa7\xaf\xce9\
\xf9\x84\xbf/\xd2k\x1d#\x9c5\xc5\xe6\x22:\xeb\x13\
F]\xa5\x8a\xf6\xab\xd6c\xe2\xe2\xa5XG\xb8\xb3\x93\
\x86\x16\xde]\xaf\x86w7\xed@O\xd2Q\xba9E\
\xd0\xcd/C\xff\xc4\x5c\xf4M\xbd\x86>\xe9\xc5hM\
\xfc\xd0\x92l\xc4\x90\xd8,,M\xcc\x84qhd\xad\
\x9f\xe5w\xbb\x0bxc\xbf\x09\x16]rGPF\x16\
\x0aI\x16J\x1e\x83\x05n\xd1\xfe\x9d\xf3\xf2\x95\xe7\x0d\
\xfa\xc7\xce#\xbd\xc0wpo2l\xb9\xed\x9f\xdf\xf7\
\xd2,\x80\xe7Hy\x85>\xea\x07J-+\x87Il\
\x22\xae\x0b\x1d \xff\xf9<\xc8/\xbcPXG\x9ft\
\xe5=\xa4'%a\xbb\xd3e\x0c!\x1b<\x88\xec8\
\xd797\x9a\xfd3^Y\xa1\x84\xe6\x07L\xd0#&\
\x13\xef\x07Db`P\x0c\xbe\xa6\xa7|\x98\x9c\x8b^\
\x11\xa9d\xf3\xe3\xf0\x16a\xc5\xe1G\xac\xc4\xec\xc0\xba\
\x88k\xb4\xcff>\xe1;\x00*\xef\x8b\xf9\x01I\xa4\
\x0b\x0e\x11\x9ep\xa9x\x84\xc6gnT\xc7K_O\
\xc7\xab\xcb\xd6B\xc3\xc1\x09\x89d\x93\xb5\xe83|\x5c\
Q\x89\x9e\xe1)\xe8H\xf6\xabkT:\xde\xa3\xf3o\
Av\xacyh\x12:\x86%\xe3\xe3\xe0x\xe8\xa6f\
\xa3\xa0\x86\x1fx\xf3\xce]\x94\xdc\xbe\x83|\xf2\x97\x82\
\x88\xbf\xb7\x87Db\xd7\xc5\xdamB\x1e\xf1\xa7Y\x8d\
\xde\xd7\x90\xe8+Xo\xd0\x08\x1a\x16/CE{T\
\x9b\x7fz\xfe\xea&\xefL\xd2 \x1b\xb0\xaf\xc6\xecw\
\xeec\xb7$\x8cc\x1b\x1c&d\xa7z\xbf\x93\x03\xd9\
\xc6\xb0k\xd5x\x80p\x81\xed\x95\xab\x98q\xd4\x12\xef\
jj\xa31\xe9\xce\x16W\x03\xf0\xd2\xd1\xb3x\xe3\xd7\
%h\xb3|\x1d\xdeX\xb4\x5c\xcc\xcb\xfe\xf860\x9a\
^j@t\x1a\x06\x92m\x1cp\xd9\x07m]|\xd0\
h\x97\x0ef\x9e<+\xea2\xab3{ \xe1\x08\x8f\
RY\x8c\xa4\xe0\xd6m\xd8\x90\xed/\xbcu\x07O\x9a\
n\xd0\x99\x1eL\xc9zx_\xcb\x03\x1a\xaf\xb2Y\xd4\
}\xbe=y\x06\x86\xa8\xa8\xa3\x99\xc6.\xbcOr\xfc\
YD\x1c\xda\xd3Y\x8ftr\x87\x7fV.,\xf3\x8b\
\xf1U(\xfd. \x06\xcd\xfcc\xd0\x22 V\xe4\x80\
\xba\xba\xfaA)$Z\xae\xcf\xe4\x01Y\x85\x84\xc3\xc6\
7\x00\x05\x05\xb5\xf7yZ\xc5\xc4#\xbcL\xbe/\xd8\
\xfc\xdcLq\x0f\x84\x9aAs\xf7'v\xf7\x87\xc1\xeb\
e\x8c\x03S\xb3\x15\xfd\xcd\x0a\xda\x97\xd8\xd2r\x9c\xa8\
q\x07\x9fMZ6*\xf9\xdc\xdd=\xf1\xb1\x8e1^\
\xb3\xb0\xc2\xab\xce>x\xfd\x12\x9d\xe7\x99\x8b\x98\xec\xec\
\x86\xad\xa7m\xe1\x1f\x19-r\xf3\x06Q\xf1\xe8\x95N\
v\x94\xb6\xa1\x1f\xe9\xcc^\x81\xb1hI\xf8\xbf\x09\xf9\
\x8b<Wm[\xb5\xd9(\x8c3\xddI\xc7\xfc\xe2\xe1\
\x8ffn\xc1\xf8=\xb7\x0c>\xf4o\xeb\x8c\x5c1G\
\xeaI\xd3\x03\x0d\xc7\xfd\x0d\x178\x06\x93\x96\x85\xf9\xe1\
\xe1X@\xbf\x1b\xe1\xe0\x8cV[v\xa1\xd3\xf7s\xf0\
\xf6O\x0b\xf0\xce\x1aU4Y\xb7\x09o\xa9n\xc3\x87\
\xfb\x0dD\xce\xa1:F\x8e$\xcc\xb7-*\x01C\x5c\
\xbcD\xfd\xd1[\xb4^w\xb8\x8an\x84\x1d\xcc\xab\xf9\
\xad\x07I\xbf\xa6W\xab\x9d\xaf\xac\xa1i\xdd\xe2\x13a\
\x18$\x7f\x1e\x05EyP1\xfa\x8f\x98\xfd\xab\xa6\xdf\
a\xc2\x13;\x7f\xdd\xce\xea<\x07\xd8\xccnJ\x9d{\
d_z\x1d)\xe5\x84q\xaa\xf6\xdf\x91\xb0\xd6\xfb\x06\
\x07\xf1\x8a\x8e\x19\x1aY\x9dG\xcb\x8b\xee\xf8\xc2;\x04\
ftF!\xd7J\x04\xbeR\xd0gw\xee`#\xd9\
\xcf\x8e\xc1\x09\xe4\x179\xa1\xd1\xf7?\xa1\x07\xe1\x81\xeb\
U{\xe8E>\xc5E\xc2\xf7\x81\xe4S\xea\x16\x14\xa3\
\xed\xd5 4\xf6\x8bF\xdb\x94k\xc8\xb8\xfd\xe4e\xbe\
.\xfcu:,\x1c\xa3+*0\x94\xfe\x9fo@\x1c\
ZR\x89\xd1Q\xa9\xe8r\xc2\x16\xbdN;\xe0sW\
:O\xc2\xa3\xadI\xd7%&%\xd5\xfaz\x09\xb1q\
\xd8y\xc1\x19s\xdd|\xd1\xf2\xf4E\xbcB\xbe\xce+\
\xa6\xc7\xb1\xd0\xf6\x82\xd0\xa9eu\xe4\xff\xb2\xc9\xbe\x1c\
\x22\xbf\xff\x5c-\xb5\xc1V\xce\xab\xc0\xf3z7\x1a7\
\x8d}\xa2w|\xaf\xf2~]\xd5\xe8\xd5\xbb\xdcG\x9c\
\x96]\xfb\x0c\xc2\x8bw\xee\xc1-.\x01\xfb\x1d/c\
\x89\xbb\x1f\x16\xbb\xf9\xe1\xa5CVhM\xfe\xed\xba\x80\
0$\x96\xc8\xd7\xc8y\xf8\xf8\xd6\x1d\xb7&\xffx\x03\
\xf9i\xeb\x8e[\x22\x93\xfc\x08\x96\xe9cqIH \
\xbf\xe2f\xb58\xc1\x0d\xb2\x91\xe6\xa4\xef\xd5sK\x1e\
\xceSj\x08\x8a+*\xc2\xd6\xb22\x8c\xb9}\x1f\xdd\
\x0a\xef\xa0{\xfe-\xf4\xcc,\x13zk`r>&\
_\xbf\x8b\xde\xd1\xc9\xf8Y\xcc\xf0\xae\xfd\x1c\x83i\xaf\
\xae\x17\xcbldxZ\x06\xe6]\xb8\x8c\xb7\xc8\x0fl\
\xb4M\x1b\xe3t\x8cj\x8d\xadq?\xed\xfe\xc0p\x14\
\xdc\xbe\xab\x90\xa7(.)\x01\x9d\x11vZ\xf2\xcc\xd7\
\xee\xb3\x9e\xf8}\xaf\x06m\xb7p\x1d\x89\xa9\xed\xe4Z\
\xbf\xcfq\x92\xeb\x8a\xaa\xbc\x0e\xc7\x07\xef\xd02\x8f\xa6\
\xefX\x03\xdfD\x12\xaeu!_}\x81\xf9a\xac'\
\x9f\xea\x0e\xe9T\x9e\xabr\xa7Z\x1f\xae{\xb5y'\
Y7\xb8\x0e>\xfdOIgC\xb0@\xf5j`\x8e\
\x11Xd\x17`zl\x1a:\x11Fm\x15\x9d\x81\xce\
qY\xe8J\xb8\xaf+\xe1\xd5\xcf#\x93\xa1\x99\x9e\x07\
\xef\xc2R\xb2\x93\xf2v\xe9J-\xb9\xbd\x80\xac\x1c|\
ni\x87F\xdf\xfe\x84\xd5z\xb2\xfa\xdbB\xc2\xd8\x0f\
\xee\xc2\xb6\x0d\x0eETn\xedX\xe0\x94\xe3r!\xfb\
\x9b\x8c\xdfJ\xaa\x8f\xfb\x9f\xe6\xcdKyM\xcd\xe8\xb5\
;\xca\xa4\x03\x12\xd2\x14\xe7\x82y\x92\xfd=\x9bW\x8c\
=1\x09Xbb\x0a\xfd3g\xe0\x92\x99\x8e\xbd\x84\
\x05\xbf'\xbd\xff\xb1\xad\x13\xda\x1e\xb6\xc6\xeb\x07-\xf1\
\xdf\x13vx\xf9\xbc;\x9a8z\xc202\x1e!d\
+|\x92\xd2\xe0@8)\xf0\xfaM\x04%$\x89\xb8\
\x11\xcf\xe4q\x88IP\xd8\xfb\xca\x06\x94\xf5?\xe7D\
\xde\x15>\xfb\x8e\xe8DLd\xdf%,\x09=i\xb5\
\x0eM\xc4\xdbd\x9f\xda\xf9Fbp@4\xe6\x86'\
\xe0@z.\xf4b\x93a\x99\x92\x89\xeb\x9c?\xa9\xe5\
\xcb\x1c\xb1=\x87N\xdf\xce\x86\xc9U\x0f\x9c\x8dM@\
a\xd5|\x93\xfd\xe11\xc8\xbe^\xa1\xc0\x8dy\x859\
\xd8`\xf0\x12vY\xbd\x04U\xdd>\xdf\xd5\xd7\xfd\x7f\
\xca\xba\x9d\xd6\xf2\xbd\xbfu\xe5\x853\x08\x1b\x9b\x97\xdf\
\x80yi)\xdcH\x1f]\xb8s\x1b[\x22c\xb0\xdc\
\xde\x11+.\x5c\xc2B\xc2|\xf3}\x82\xb1($\x16\
\x0b\xa2Sp\xaa\xa0\x04\x01\x84\x1b\x9c\x89\xa7oU\xc5\
\xdb\xfc\xf2\x0a\xf1\x99\x9d3^29\x8e\x97\xd7\xa8`\
\xfc>=\x94\xd6r\xaf\xeb]\xf2\x03\xee\xde\xbd\xdb\xe0\
G-\xd7\x0fP\xcb\xd9\xc5\xe6\x15\xe0\x1bW\x1f\xf4r\
\xf1\xc6\xa7^!\xe8\xe8\x19\x8a\xb7i\xb5\xf4\x8dBs\
\xef\x08\xbc\xe5\x1e\x82\x96\xf4\xef\x1e\xc4\x13=\xbd\xc30\
\xd2?\x12\xdf\x90_\xb0 *\x19+\xe3\xd2\xb1\x93\xf0\
\xcf\x89\x1b\xf7`A~\xe6o^\x81\xd0\xc9{\x14?\
<\x98\x9a\x89\xec\x9b\x8a9Ws\xbbo*\xb9f_\
\xcd\xa8YD\xbd\xdf\xffj\xf4F\x06\xdf\x01\xe9\x15r\
\xb8\xf2\xcf\xe4\xa0\xff\x0cq.\x94g\x06.\x0f\x8aD\
_\xcbs\xf8\xcf\xe1\xd3\xd0\xf2\x0f\x11wD\xfdF>\
\xe0\xf8\x0bW\x14b\x5c\xcb\x0d\x8cEl\xfei\x90\xb3\
\x87'\xa2\x12\x93\x14\xe2\xfa&\xe4\x1f2\xae\x7fu\x87\
6\xbe\xd0\xdc\x03\x94\x96\x88y\x02,\xb7\xe3\x89\x1f\xba\
8y\xa2\x9bG0\xde\xe3;B\xaf\xd0r\x0b\x12\xfc\
\xd0\xc4;\x1co\x13?\xbcM<\xd24(\x1e\xcd\x22\
\xc9\x9e$\x15\xa0[Z\x11Z%_\xc3\xa4\xc4\x1cx\
%\xa5\x8a\xb8{E\x8d\xda\x89\xa8D7\xac3\xa8\xdf\
\xbb\x1f\xe5\xe6\x83\xe9\x0c\x9a\xb0\x83\xef\x172}\x9d|\
\x9b[O\x88\x03\xc8\x9f!\x1f~\x83\xbb\xaf\x98\xbb\x13\
Y\x15\x9f\xcd\xcc\xcdCVF&\xceE\xc5>\x9c\xcb\
s\x83\xb0\xa0ad\x1c4=\xfd\x9f\x9a\xba7:k\
\x87\x8d\x8e\xf21\xdc\xa8\x98X\x0c9w\x09\xb9\xe4\x87\
\x5c\xf1\xf2\xc6\xdb\x13\xbe\xc6g\x16'q\x96\xfc\xe2@\
\xf2\x19\x83\xc8\x0e\x96\x92\x8f\x9f\x9a_ \xea\x054\x89\
'6\x85\xc7a\x89\x7f\x18f\xb8\xfbc\xe8\x15\x7f\xf4\
&}\xd17$\x1e\xfdc2\xd0'>\x07\xed\x92\xf2\
\xd1)\xb9\x00\x9f\xc5g\xc30.\x19e\x0fc\x04\x95\
\x0f\xc2R\xd00k\x0f\xd6\xc9jF\xad\xad\x1a\xec\xfe\
w\x83\x96g8/p\xd8~\xee\x13\xd9\xcf\xba*\x1d\
\xb3KJa\xe9\x1b\x80$\xd2\x03\x1a\xae\x1e\xf0\xe3Z\
\x8b\x8c\x1c\xb2)q\xc0\x13\xe3\xbc\xbfN\xd7\xe9\x8c7\
\x87D\xc3\xa9\xda\x1d\x8d\x97\xc8n\xe9\xc4\xa5>\xfc.\
E\x84\xedmC#\xb0\xc1'\x08\xa9\x157\x1f\x1b[\
d\xfc\xc0\xb3kx\xf6\x04\xcfA,#\x5c\x10Mx\
\xea\xf7\xe0h\xf8\xdf\xbaW\x03\x7f>\xfa\xc6g/+\
Un0\xe1\xbb\x9e\xde\xa8\x5c\xa6\xae\xd3\xb4\xa1\xce\x7f\
\xb1\xba\xfe[jF\xaf\xdf\xe5\xda\xb2\x90\x98\x0b\xf5z\
\x04q9yp%\xbb\xa7\xe3\xed\x0fk\xff \xd8$\
\xa6\x22\xf9z\xc5S\x93\xfd\xea_vCp$\xac\xe8\
\xf3X\x85Fb\x0d\xf9\xf1\x819\xf9O\xf8\xcd\xea\xae\
\x01\x8eK\x0d\xc0z\xfdF\xd8m\xfd\x12Ttz\xce\
m\xd4\xc0\xa4f\xd0K\xdc\x05\xbe\xc5\xbc\x05J\x1e\xf6\
/\xd4\xaf4r=qA\xc5\x0d<+TJ\xb8\xc5\
\x91|2s/\x7fd\xdf\xb8\xd5`\xdc\xc7\xe5oj\
\x86\xad\xb0\x83|\xfd\x8d\x06-/6zJ\xa4\xa6\xdf\
\xf1\xe8V\xe2\x01]\xcb\xd1\xb5\xea\xa7\x17\x99*\x9f\xe2\
;Z\xd8\xcf\xad\xe4\x9c\xdcF\xe37\xca\x17/\xd6\x7f\
\xab\xd1S#\xbc\xacj\xf8V\x92\x9aE#X:n\
\xa8|\x9a\xbb\xf3o!\xf7 \xd3\xcau|\xcf\xf3\x89\
\x97\xb1A\xfb\x931\x8d\x9e2\xad\xdb:\xbb\xc7f\xb3\
\xd7\xc18\xc4'\xf4\x98t\xf0\xf5H\xa1\xb1\x0e\x95k\
t\xc9\xe6\x9fn\x04\xe5\xfd\xbdU\x1a=#\xa4\xb2\x7f\
\xc8D\xae3\xde`\xdc\x88p\x89\xaf\xc4\x03\xf5\x81}\
\xd2S\xa0l\xd0\x04\xbbN\xb3\xcdo\x7f\xba\xd13F\
\xca\x07\xfa\xac\xe7\xbc\xa3\xaa\xd1\xdb\xc8\xc8\xce\x90x\xe0\
\x09\xda\xfc\xb2\xf2\x9bP\xd1o%\xfc\xfcM&\xcd<\
\x1b=\xa3\xb4Q\xaf\xcb\x01\xc6\xa4\x9b\x8c\xdb\x223;\
[\xe2\x81'p\xf67n\xdc\xc7\xde\xe3\x03\xc0\xf9w\
5\x83\x16\xd9\xbf\xfcb\xd7\xa4\xd13L\x1b\x8d\xdf3\
\x97\xf1@{\xbe\x9fG\xe2\x81\x7f@\x15\x15\xf7\xb1\xe7\
\xd8\x00\xc8b\xfb-\x8a\xd7\xa8\xae\xe9\xd4\xe89\xa0\x8d\
\x86m\x8e3\x0f\xa8\x9bv@N\xbe\xc4\x03\x7f\x87\xca\
\xcboa\xf7\xd1\xfe\xd8t\x84\xebx\xdf-]\xa5\xbe\
\xb8{\xa3\xe7\x88X\x0f\xb0\xbdR7o\x8b\x84\xd4p\
\xc97\xfc\x0b\xfe}Vn64L\xbbb\x0b\xe9\xfc\
\x8dF\xcdrWi.\xea\xda\xe89$\x15\xbdn:\
b\xf6\x84qc\x04G_\x90x\xe0O\x9c}lr\
@\xe5F\xe3\xd6\xd8\xc69\x1d\x83\x96\xb1K\xd7\xafo\
\xdb\xe89&\xd5\x03\xbdWo=\xdaH\xdcCx\xd1\
S[:\xf8\xc7\x9c\xbdW\xc8\xb1J%\xc3\x97\xa0i\
\xc5:\xbf\xcd\xa5/\xbf\xc4\xab\x8d^\x00\xe2\xf8\x80\x9a\
\xf1\xabP=\xd8\x08&63p\xf3\xc6}H\xba@\
~\x0b\x8e]XZ\xa9d\xd4\xa8\xaa~\xaf\xb3q\xa3\
\x17\x8c\x94\xf7\xcc\xec\xadf\xd84V\x83\xec\x81\x86y\
g\xc4\xa5\x04TJ2\x0f\xa4e&B\xeb\xe8@p\
\x0c}\xcb\xc1W\xa1|`\xc0\xcf\x8d^`R5l\
wh\xeb\xb1F\xa2V\xd1\xc6u\x13\x14\x9a\x97\xfeE\
t\xc1co%\xcf\xdac\x9cL8/^i\xefg\
\x83\x1a\xfd\x0bHM\xb7\xd7\x14\x15\x83\xc67\xd8\xb7\xd9\
{\xb2?\xc2\xe3\xae\xfc\xab\x0e>9#\x9a|\xbb\x0f\
\xc1ut\xdb\x8e\xf1\x5c\xf6N\x06\x8d\xfee\xb4h\xd1\
\x86w\xd4\x0c\xdf>\xc9\xb3\xc6\xb9W\xd5\xc2\xe1{\x94\
\x94\x15\xbe\xd0|PRZ\x0c+\x97EP5\x95\xc9\
\xbc\x9aq\x93T5\xdd\xa7\x9f\xc3{\xda\xd8P\xd5\xa8\
q\x12\xd7\x93\xa9\x1fj\x843.\xabD\xed\xd4\x8bD\
\x5c\xa6|\xc9o\x0f6\x9b7\xc6\xe6\xa3\x5c;\xf9_\
\xa8\xeauPi$\xd1#>0h\xb3@Y\xbf\xf1\
\x1d\xe6\x83\xcd\xe6\xff\xc1\xe9KJ(.)}\xae\xcf\
\xfd\xe6\xcd\xbbp\xf1;\x80m\x87\xdb\x88\x19\xbc|\xa7\
\xba\x9aqS\x0b\xa5\xcd\xb3:J'\xaeH\xb3fe\
\xbc\xae\xac\xd3m\xbb\xb2A\xe3\xbb<\x83|\x8b\xc5\xab\
\xa4/\x97 5+\xfa\xb9:\xf7\xdc\xc2t\x9cvY\
\x0b\x8dCMD\xfc\x96g\xe9\xa9\x195\xb1Q\xd9\xfd\
a\x7f\xe9\x94\xff\x98\xe6\xcc\x09{S\xe5@ge\x15\
\xc3FY\x9c\xfbP\xa7\xa5g=\x06\x9e!\xc7Px\
\xed\xd9\xb4\x0d\xdc\xca\xe3\x17q\x16\xfa\xd6_\x82\xe7&\
1\xff\xf2\x0c\x16U\xa37\x0f\xad\xdf?\xb0\x97t\xaa\
\x7f\xd3_\xd4\xef\xf4\x83\x8a\xc1\xeb\x9e\x8c\x99\xf8\x1e\xeb\
\xadG^\x87\x85\xfdw\xf0\x0d\xb7\x16=\x8fO\x93\x8a\
\x8a\x8a\xe1\x1fy\x0e\x96.\xf3\xb1\xed\xc8;\xe2\xf3\xa9\
\x8b\x5c]\xa34U\x9d\xce[\xd6\xee\x9e\xd3J:\xc1\
'Tg\xa65\xb6\x9b\xaaA\xcb\xadd\x1b\x12T\xc9\
_\xe0\x19\x07;N\xfc\x17\xda\xa7\x86\xe1\x9c\x9b\x12\x02\
\x22\x1d\x08_\xd7/^(!~\x0b\x8fw\x87[\xc8\
~\x98\x9d\xfb\x12[\x0f\xbf,\x9b\xb5@\xfa]Y\xef\
\xe5\xdbj\x06o\x1eV\xd2~\xffk\xe9\xb4\xea\x97\xd6\
\xee\x1e\xd3_E\xbf\x95\x86\xb2\xe1K.\xca\x86|\xaf\
!a\x05:\x87\x9d'_\x83\xb6\xe5\xfb8r\xfe\x7f\
tF\xbb\xe1\x1fu\x06Q\x89~\xc8\xc9\xcb\x14wy\
UV\x0dQ\xa8\xd9\xb6W\xfd\xf7\xf7\xeeW\xa2\xa00\
\x17q)\xc1\x08\x88\xb2\x83{\xa8\x0eN:\xcd\xc3\x01\
\xab\xa1\xd8q\xac18v\xc5\xb9\x0cecZ\x06\xaf\
%\xab\x1a\xfeWWi\xdf\xfbSg\xcd\xb2j,\x9d\
L\xc3\x93\xba\xfa\xb0\xa6\xeb\xf7\xf4\x99\xb6\xd1\xb8\x91\xe6\
\x06\xbdW\xec\x94\xf4\x1a\xddR\x22\x9e\xe0\xc5\xb2\xb9\xed\
8\xf3E#\xec\xb6|\x07\xfb\xac\xbaA\xe7\xf4\x87\x82\
G\x0cl>\x81\xc9\xb9q0\xb2\x1dC\xff\x1e\x8c\x03\
\xd6\x1f\xd0\xdf{@\xebT\x0bz\xfcKbn\xea\x96\
\xa32\xde\xe2\xd7\xda`@?u\xdf\x08W1|\xd9\
@Y\xbf\xcb\xaf\xca:\xdd[J\xbb\xff\xec\xd1\x97\xcb\
t^]\xa9\xdd\xa7\xcd:\xadA\x13\x94\xf5\xda\xa9\x11\
\x86\xdcO\xe7g\xb2\xee\xc0\x7f\x9c\xd7\xeb6\x8a\x5c\xaf\
\xfbr\xb1\x92^\xe3;J\x06\x8dn\xd3\xefo\x8b\x9f\
\xfa\xff\xb9\xb3^\xa7\xf1M\xe2\x9d\xc4u\x07\x1a\xfb\xd0\
Y[\x90|\xeb\xaa\xea7\xd1T\xda?p\xee\x86}\
\xfd\xba\xab\xab\x8fyK\xda\xdd\x17\xc1\xc7\xc4\x7f\xd4\xd5\
\xa3\x1a\xab\xab\xcfj\xacn\xd5\x88~\xf6m\xcc\xff^\
\xb8\x10\xff\x95vG\x22\x89$\x92H\x22\x89$\x92H\
\x22\x89$\x92H\x22\x89$z\x11\xa97\xff\xe7%Z\
/\xf3\x8f\xce\xb2_v~E\xda\x18\x89$\x92H\x22\
\x89$\x92H\x22\x89$\x92H\x22\x89$\x92H\x22\x89\
$\x92H\x22\x89$\x92H\x22\x89$\x92H\x22\x89$\
\x92H\x22\x89$\x92H\x22\x89$\x92H\xa2g\x8c\x16\
.\x9c\xf5\xf6\x8a\xb53\x07\xae\xd1\xfc\xe2#U\x83\xce\
\xc37\xe8\xf4\x9e\xa0\xaa3p\xb2\xaa\xde\x80\xa9j\x06\
=\xa7\xa9\x19w\x98\xa6n\xf6.\xad\xc6\xb4\x1aU\xfd\
lE\xbf\xef<M\xcd\xa0\xcf4~\x9c\xb2^\xffI\
*z=\xc7\xa9\x1a\xf6\x1d\xbaj\xdb\x94\x0f\x17\xaf\xfc\
\xae\x8f\xba\xfa\x18\xa9xT\x22\x89\x9e2\xadX\xf1\xbf\
\xf7\x94\xf6N\x1c\xa4\xa2\xd7\xffs5\xc3\x8e\x93\xd6\xed\
\xfa\xd4JM\xbf\xffU5\xfdn\x85jF\xdd*7\
\x9b\xfd\x17\x9b\xcd\x1a=\xf1\xb5\xc9\xf4-\x90\xfe\xb8\xa7\
f\xd0)u\x83\xce\xb0+\xeb5G\xe9\xaa\x19\xf6\x9f\
\xa4\xac3\xe0\xd3\x15\xeaS\x06\xce\x9b7\xef5\xe9t\
$\x92\xe8\xc9\xd1\x1a\xf5\x99\xbd7h\x0f\x19\xbbNk\
\xb8\x8a\x8a\xc1@GU\xfd\xde77\x9b\xbdZ/\xf2\
\xfd\x8f\xf5\x83\xc9;P\xd5\xebU\xa8\xa4\xfd\x89\x83\x9a\
~\x8f\x19\xca\xda\xef\x8f\x5c\xb5aFW\xe9\x14%\x92\
\xe8\x8fi\xd9\xb2Y-7\xec\x7f\xff\xa3\x0d{\x86,\
T3\xeeb\xa7f\xd4\xb5\xf2Y\x94\xf3\xbf\xb6^\x82\
\xaa~\xbf[J\xfbG\x9c!\xdfb\xbc\xb2\xde\xd0\x9e\
\xd2IK$\x11\xfb\xe9\x0b\xff\xbbQ\xb7\xf7\x80\xf5\x9a\
#\xd6\xa9\xea\xf4\x8d\xdbl\xda\xf8o\xc9\xd8\x16\xb3\x8f\
\xb0\xcb\xe2\x0b\x98\x9e]\x09c\xeb\x958\xeb\xa2\x03\xbb\
KG`eo\x8e\xa4\xf4(\xa4e\xa6 =#\x0d\
\xa9iiHJJ\x12\xb3.\xef\xdf\xbf_mFb\
%\xee\xde\xbd\x8b\xc4\xc4D\xa4\xa4\xa4 -#\x1d\xe9\
\x99\xa9H\xc9\x8c\x85\xad\xe3Q\xd89\x1f\x87\xcde\x13\
\x98\x9d]G\xef\xb1\x1a\x07N\xce\xa6\xf7\x1cJ\xef\xdd\
\xf4o}\xde\x8d\xc6\xed\xa1j\xd0\xe7\x94\x8a~\xaf\xcf\
x\xf6\xa7\xc4\x09\x12\xfd[h\xe9\xfa)m\x95u\x86\
\x8eR\xd6\x1drr\xa3I\x9b?-3\xeaf\xefb\
\xb3\xf1\x00\x18Y/\xc1\xa9\x8b\xbbI\xb6M\x91\x9c\x96\
\x88\xfc\x82\x82\xa7x\x87i\x05\x92S\x93\xe1\xeae\x87\
\xd3N\x060\xb4^\x8a\xddG\xbe\xa6\xcf\xda\xe3/\xe9\
\x03U\xbd\x81\x95\xebw}f\xa2\xbc{\xf8\xb0\xb5k\
\xe7\xbc)q\x89D/\x12\xadW\x9f\xd2v\xdd\xde\xa1\
\x93Tu\xfa\x85\xfei\xb90\xe9\x07=\xcb\xdf`\xed\
h\x82\x88\x98\x10\x94\x97\x97?7w$\xdc\xbe}\x1b\
q\x091\xb0:o\x0c\xdd\x93\x0b\xb0\xf7\xd8\x94?\x8d\
\x156\x99\xbe\x09\xe5\x03\x1f\x1dW\xd6\x1a5r\xd9\xb2\
/\x9bJ\xdc#\xd1\xf3H\xab\xd4g5W\xda?\xec\
\x13\xe5\x03\x83\xfc\xff\x14\x867\x1d\x80\x03'~\xc6q\
\x9b\x03\x08\x8f\x08\x7f\x01\xef;\xaf@P\xa4;\x8e9\
h@\xfb\xe4\xac?\x89\x0d\xfe\x8b\x0d\xda\xc3-\xd6i\
\x8d\x1aB\xba\xe0U\x89\xab$z\x96i\xd6\xacY\xff\
Q\xda9z\xc0\x86\xfdC\x0d\xff\x18\xcfw\xc3\xfe\xe3\
?\xe2\xb8\xdd~\xc4\xc6\xc6\xfe\xebnIe\x8c`a\
\xadE{0\x07[\xcc\xfa\xfe\xa1.P3\xecVI\
z`\xd3\xaa}c\xdb5\x92M\xb5\x92H\xa2g\x82\
\x16m\xf8\xfa\x9d\xf5\xbbF\xfe\xa0\xa2\xfb\xfe\x9d\xc7\xc7\
\xe9zA\xf7\xd4|\xf8\x85\xb9H\xf7b\xd7\xa0\x90\xc8\
`X\x9cS\xc3V\xf3\xc1\xb4W/?V\x17(k\
\x7f\x10\xbev\xf7\xa7#$L \xd1S\xa4\x97Vn\
\x1f\xd5f\xfd\xbe\x91Z\x8f\xe3Wu\xb3\x8e$\xf3?\
\xc37\xe4\xb2$\xe4\x7f\x92B#Bp\xd0v=\xe9\
\xcb\x9e\x22\x7fX'&0\xeaB\x98\xe0\x93\x85\x1b4\
\xbf~GbG\x89\x1a\x82\xd4\xd5\xd5_V\xd2\xf8\xac\
\xdf\x86\xbdC\x83\x1f\xe7\xb7j\x1d\x99\x8cs\x97\x0fI\
\xc2\xfc\x0f\xc9+\xf0\x12\xf6\x1c\xf9\x86\xf4\xe8{\x8f\xc5\
\x04J{F\xedZ\xb5obs\x89C%\xaa/\xb9\
_\xbb}\xdc@\xe5\xbd\xc3\xaf\xd5\x8d\xef\xbb\xc0\xc8z\
5\xbc\xbc}$\xc1}\xc2\x94\x94\x94\x8c\xa3v\x9a\xd8\
z\xf0\xf1\xfe\x81\xd2\xbe\xe1GWm\x93b\x04\x12=\
I\xb9\x9f\xd0_i\xdf\x88\x1b\xb5\xf3\xdc\x7f\xa0i1\
\x1a\xa6V\x9b%!m \xba\xe0j\x0d\xad\xc3_\xe3\
q}\x0eJ{\x87\xd9\xae\xd8>\xee=\x89\x83%\xfa\
\xbb\xfe\xfd*\xf5\x89\xdd\x95\xf6\x8c(\xad\x9d\xc7^\xc1\
\xce\xc3\x13q\xc5\xd3I\x12\xc8\xa7D>\xbe>\xd0>\
\xfe=\xf9\x06-\xea\xd6\x03\x07\x86\xeeZ,\xdd\xef*\
\xd1_ \x8e'm\xd8\xf7\x81o\x9d\xf6\xfe\xd0Xx\
\xfbI\x18\xffY\xa1kEE0\xb0\x5cFz\xa0U\
\x9dz`\xdd\xce\xf1[\x17\xaaO~C\xe2n\x89\xea\
\xc6\xfac^[\xb7k\xec\x9e\xday\xe8el?4\
\x0a\x9e\xde^\x92\xc0=\xa3TZZ\x0a\xbdSKI\
\x0f4\xafS\x0f\xacT\xfd\xf2\x87F\x90b\x03\x12\xc9\
\xfb\xf8\xab6}9\xb9\xae\xfe\xb5\xed\x87\x86\xc3\xcbW\
\xb2\xf7\xcf\x0bq\xad\xb4\xd6\xe1Y\x02\xab\xd5Z?\xb0\
\x7f\xe8\xdd\x95\xdb'\xb6\x918_\xa2\xb5\xbb'\xbc\xb9\
a\xdf\xd0Z}\xfc\xad\x07\xfb\xc0;@\xb2\xf7\xcf+\
\xb9{z\xd0\x19\x0e\xac\x13\x0bl\xd8\xff\xb1>\xf7`\
JR\xf0\xef\xb4\xf9kv\x8c\xd5\xac\x9d7\xde\xc2n\
\xd3E\x92\x00\xbd \xe4\xe9\xe7\x86-\xe6\x1dPW<\
g\xd9\xba\xe9\x9fJ\x12\xf1\xef\xa1\xc5\x8bg\xb5V\xd5\
\xeb\x7f\xb76\xac\xbf\xc3|\xb6\xe8\x87\x97\xe8\xc5\x22>\
\xd3\xad\xfasD\xde\xa6\xf6\x9a\xe2\xc1\xfeR\x5c\xe0\xc5\
\xa7u;?\xdbW\xbb_\xf8\x1aB#B%Ay\
\xc1\xe9\xe6\xad\x9bu\xce'P7m\x5c\xb9t\xcd\xcc\
\x89\x92\x94\xbc\x98\xa4\xa23\xb0\xb8\xb6s7<\xb9\x09\
w\xef\xde\x91\x84\xe3_\x84\x05\xbc\x03/\xa3\xae<\x8f\
\xf2\x81\x0f\xad%iyqh\xc5\xa6\xa9\xbfm2}\
\xf3\x9eb\xbdn_\xc4\xc4EI\x02\xf1/\xa5[\x84\
\x05\xb6\x9bN\xa9\xa3\xdf\xb8G\xf9\xb2e\xdfI\xb3\xc9\
\x9esR\xd6\x1e\xe6X\x1b\xde?xf\x87\xc0\x82\x12\
\xfd\xbb\x89\xe7 z\x068\xd75\x8b\xe8\xde\x9a\x1d_\
\xa8IR\xf4\xfc\x11\xdf\x81\xa1j\xd0\xa3\xb0\xb6\xfe\xd1\
\xa8\xb8pTB\x8a\xf1I\xf4\x88JJ\x8b\x08\x0f\x0e\
\xa95?\xa0r`\xe0UI\xa2\x9e\x1fZ\xbeq\xda\
\xb7\x9bL\x9a\xdfV\xc8\xe7\x1bO\xc7\xf5\x8ar\x89\xd9\
%\xaa\x95x\x06\xb2\xf1I\x8dZk\xc0\xd4\x0cz\xe4\
\xff\xfe\xfb\xf4V\x92t=\xdb\xa4\xb4w\x98\xf6f\xd3\
\xd7\xef\xd7<\xc3#g\x0e\xe0\xde\xbd{\x12\x93K\xf4\
\x87\xb1A/\xbf+u\xdco\xd2\xe2\xd6\x0a\xe5\xe9\x93\
$){V}\xfd\x8f\xae\xd6\x96\xdf\x8d\x8e\x8f\x90r\
\xfa\x12\xfd%*\xb8\x96\x0f\x0d\xd3\x91\xb5\xc4\x04\x9a\xdc\
[\xbf\xeb3\x0dI\xda\x9e\xb1\xdc\x9e\xde\x80\x94\x9a\xbe\
\xfeV\xd3q\xc8/\xc8\x95\x98Y\xa2\xbfE\xe5\xe5e\
8d\xb3\xad\x96\x99n\xff\xadT\xda3\xf2\x9c$u\
O\x9f\x96\xfe2\xa5\xedF\xc3\xce\x855\xcf\xe8\x98\xfd\
.\xf2\xf5\xafKL,\xd1?\x22\xf6\x19/^\xb5\xaa\
=.\xa8\xdb\xdfG\x92\xc0\xa7G\xcb\x96\xcd\xfat\xa3\
Q\xc7\x8a\x9agcio\x22\xf9\xfa\x12=\xd1\x98\x80\
w\xe0\xd5Z\xe3\x82\xa4\x03\x92%I|\x0a1~\xe5\
\x99_m2iy\xab\xe6\x99\xf8\x85^\x95d_\xa2\
z\xd1\x01\xa9\x19I\x84\xfd\xdb\xd5\x92\x1b\xe8\x9e#I\
d\x03\xd6\xf3\xa9L\x9f\xbb\xd9\xf4\x0d\x85\xfc\x9e_\x90\
\xa7\x14\xe7\x93\xa8^)5=\x19[\xcd?\xad\xa5^\
\xb0K\xa1\x94\x1fl\x00\xbb\xaf6m\xc5&\xd37\x15\
z\xf7\xd23S$\xd9\x97\xa8A\xa8\xa8\xf8\x1a4L\
\xc7\xd5\xa6\x03J\x7f\xff\xfd\xfb\xce\x92\x94\xd6\x0f\xadT\
\x9d\xb2z\x93\xe9\x1br\xb2\xbf\xc5\xbc?\xd2\xb3\xd2$\
\xa6\x94\xa8A\xe9\xfa\xf5rl5\x99R\x8b\x0e\xe8Z\
\xbet\xc1\xac.\x92\xb4>a\xcc\xaf:uqM\xd9\
\xd70\xff\x18i\x19\xa9\x123J\xf4\xd4t\xc06\x93\
\xd9\xb5\xea\x80\x05\x0b\xfe'\xcd\x1e\x7fR\x98_u\xea\
tu\xd3\xd7\xef\xd4\x94\xfd\xd4\xf4\x14\x89\x09%z\xfa\
:\xc0\xf8\x87Zt@\xf72\xbe\x0fV\x92\xde\x7fF\
\xab\x94\xa7\x8e\xdal\xfa\xdaM9\xd97\x1b\x84\x94\xb4\
d\x89\xf9$z6t@\xc5ul7\xfeVA\x07\
\xa8\xea\xf7,n$\xddC\xf4\xb7i\xd1\x8a\x99\x037\
\x9a\xb4\xb9)_{\xd5\x99d?Ib:\x89\x9e)\
\xaa \x1d\xb0\xcdd\xb2\xa2\x0e\xd0\xed\x97'\xe9\x80\xbf\
Nk\xd7\xceyS\xcd\xa0\xeb\xf5\x9a\xf7jJv_\
\xa2g\x95n\xdc\xa8\x80\x86\xe9\xc7\x8a:@\xafW\x98\
$\xd1\x7f\x9ef\xa9\xcfj\xac\xaa\xd7\xfbZ\xcd\xf9|\
\x09Iq\x12\x93I\xf4\x8c\xfb\x02\xe5\xd8b\xfe\x81\xe2\
\xacq\x9d\x0f\x1c$\xc9\xfesD\xb2\x1fZs&[\
DL\x90\xc4\x5c\x12=\x17\x14\x9f\x18W\xcb\x1dD\x8d\
\xb1Fs\x82\x85$\xdd\x8f'\xa5}#\xcf\xd5\xec\xe3\
\x0b\x8d\xf1\x94\x98J\xa2\xe7\x8a\x12\x93\x13j\x99/\xfc\
j\xe5\x8a\x0d\x93\x17KR^;\xad\xde:a\xc7f\
\xd3W\xe5\xf6\xcc\xdcr\x0f\xee\xdc\x91f\xf3J\xf4\xfc\
QDL`m\xbd\xc3wV\xad\x9a\xd1U\x92vy\
Z\xa6:c\xf8f\xd3\xc6r\xf5=;\x8c\xe7\x89\x99\
L\x12I\xf4\xbc\x92\x86\xf6\xef\x8a\xb5\x01\x06\xbdnI\
\xb5\x01\xd5\xe2}\xb4\x17\x1b\x8d:\xcb\xf5\xf2m5\x1f\
\x85\xdbwnK\x0c$\xd1sMl\xbft\x8fmR\
\xd0\x01*z}c%\xc9\x97\x11\xedE\x8a\xfc\xfe\xbc\
\x82\xb8\xf8X\x89y$zAt\xc0\x9dZ\xee\x1cz\
\x19k5'\x1c\xfd\xb7\xcb\xfe:\xcdq\xa7x/\xaa\
\xefMlR\xa4\xc44\x12\xbdPTZVRK,\
\xe0?\x95+\xd5\xa6\xf7\xf9\xd7\xf6\xf3m\x9c1R\xdd\
\xec\x95J\xf9x\xdf\xeez\xd9\x7f\xaf\x90P8\x84G\
\xc3!2\x16\x0eQ\xbc\xe2\xe0\x9d\x92\xfe\xd8\xe7\xa4\x95\
\x96\xc3!>\x19\x0e\x89ip\x88M\x82Cr\x06\x1c\
\x922\x90\x91\x9dS\xe7s\x02#\x22`\xef\xe9E\xcb\
[n\xdd\xbbw\x1fy\xc5\xc5p,\xa9@\x18=\xce\
\x9b\x96S%p\xbe\xf8\x06\x1cr\xae\xd1\xeb\xa6\xc3!\
\x22\x06\xf6\xaeWa\x1f\x18\x82\x9b\xb7n=s<\x9c\
\x91\x9d\x0d\xfb\x8b\x8e\xb0w\xa4\xe5|\x09\xf6\x97\x5cd\
\xcb\xe52\xee\xdd\xbf\xaf\xf0\xf8\x90\xb0pz\xac\x13\xec\
\x9d\x9ce\xcb\xcdC\xf6<\xfa\xff\x07\xc4=\xdb\xe7\xdd\
\xdca\xef\xed\x0b\x87\xb4l8\xc4%\x89\xd7\xe3\xbd\xfe\
\xb3\xdd\xdc\xf9\x05\x05\xe29\xfc\x1a\xf6\x81\xa1\xf4\xd3O\
\xb6\x9f\x19y\xb0\xf7\xf2\xc1\xf9\x822\xb1\x1c\xf2\x8a\xe0\
\x90\x92\x89\xd4\xfc\x02\xc5\xefV\x5c\x82\xa4\x9b2\x7f\xf3\
zE\x05\xce\xf3k\xf9\x05\xc0\xde\xd7\x1f~\xe1\x11\xe2\
\x9e\x90\x7fJ\x91\xb1a\x0a:`\xa3q\xbb\xfb\xffV\
\xf9\xdfh\xd4I\xae\xa7G\xddd\x04\xee\xde\xab\x9fx\
\xdf\x8c\xad;\xd1\xf9\xf8Yt9a\x83.'m\xd1\
\xe5\x94\x1dl\xc2c\xea|<\x8f\x12\x98\xea\x15\x82\x9e\
W\x03\xd0\xd5\xc6\x09\xedv\xeb\xa2\xf3\xb1\xb3\x18w\xfe\
J\x9d\xf3\x85n\xdc\xbc\x89\x0e\xbf/\xc7{J\x9b\xf0\
\xde\x06^\x9b\xd1\x9a\xd6\xf4]\xfb\x90\x90\x99\x85~\x81\
1\xf8\x85\x1egHK\x9f\xd6|Z\x1f\x97\xdcE\xbf\
\xd8L\xf4\xf2\x0cA\xd7\xd3\x17\xd0^\xdb\x10o\xcf\xf8\
\x16\xc5ee\xcf\x9c\xfc\x17\x16\x15a\xe4\xb7\xdfc\xcc\
\xff~\xc4\xfbs~\xc6\xbb\xf3\x16\xe2\xdd\x9f\x7f\x83\x8a\
\xbeQ\xad\x8f\xb7\xb5\xb7\xc7k\xef\x7f\x80\xd7?\x18\x8a\
7\x86~\x8c&\x9f\x7f\x89\x96\xcb\xd6@]{\xbf\xc2\
c\xbdC\xc309.\x15]\xcf\x5c\xc0{*\xea\xf8\
\xd4\xf4\x08J\xfe\xe4\x1e\xb0\x8f=}\x83\x1a\xdan\xdb\
\x83\x8e\xa6\xc70\xcc\xdd\x0f\xbd=\x83\xd1\xdb7\x12\xad\
7\xef@\xbf\xf8l\xf4\x8b\xcbB\xdf\x88d\xf4\xb8\xec\
\x03\xb7(\xc5s\xb7K\xcdDJ\xc5M\xb8\x92m\x98\
}\xf6<\xdc\x22\xa2\x91\x9c\x91\xf9\xc4\xe3\xcf:\x16j\
\x8aw\x0f\xeb\x0c\x88\xfa\xb7\xc9\xbe\xb2\xee \xcf\x9a\xfb\
P~\xbd~x\xbe\xa8\xb4\x14m7mG\xe7\xa3\xa7\
I\x86\xcfT\xe9\x01[\x04\xa7g\xd5\xf9\x9c\xac\xf2\xeb\
B\xf6\x1f\xac\xee\x17\xdc\xf0\xdez5l\xb7u\xa8\xf3\
9\xae\xbe~h\xb5F\x99\xe4\x7f\xe3C\x1d\xc0\xf2\xef\
\xe0\xe9\x83\xeeg.\xa2_t:>)\xb9\x83\x0d\xf4\
XsZ\x9a\xb4\xa6\xd2z?\xa3\x18}B\x13\xe8=\
\xae\xa2=\xe9\x19C\xcb\xd3\xb5\xda\xd3g\x81\x1e\xccX\
\xe1\x9f\xbcn\xdf\xb9\xf3X\xdb\xc8\xba\x92\xbf\x0b?\xe6\
\x0e\xc9R\xff\xedu\xe3\xbb|\xc2G\x1f\x07D\xa3\x8d\
\xc6.\xc4\xc4\xc7\xe3[5u\x14\xd1\xef\xfe\x0c\xc5$\
%c\xc0>\x03t:b\x8d\x8ef\xc7\xd1\x9f\xf6\xb3\
wP,Z\xabmE\x7f\x92}\x96\xff>\xa1\x89\xe8\
~\xd1\x0d.!\xe1\x0a\xcf_v\xc5\x07\x1a\xc1Q8\
\x1c\x9f\x8a\xdbw\xebo~\x1c\xef\x87\xba\xe9\x00\x85\x19\
b\xab5\xc6\xaf\xfd\xb7\xc8\xfe\x9am_\xfc\xaf\xa6\xcf\
\x1f\x19\x1b\x5co{\x1e\x11\x9f\x80\xb6;\xf6\xa1\xf3a\
+t&\xfe\x10z\x80t@~Y\xddw\x01\xf9f\
\xe7\xa3\xe7\x15\x7f\xd9\xba\xea/t@7\x07W\xf4\xde\
\xb5\x1fY\xb9\x8a3\xc5\xef\xd2\xb9\x8eX\xb9\x0e\xef\xad\
S#=\xb1Q\xb6H\x07\x0cT\xd5@/m\x03t\
\xb3\xbf\x8c\xde~\x91\x18\x98R\x80\xaf\xefVB\x8b\x9e\
cFk\x0d\xad17+\xd178\x1e\xb3O\x9cA\
\x5c\xea\x8b=\xcb$6)\x05[\x8e\x9c\xa8\xf5oN\
\xee\x1eh5\xefW\x0c\xd9\xad#\xfe\x1dF\xbe\xd4W\
\x0b\x17\xc3\xfa\xfcE\xdc\xb9\xf3\xc7v\xd88(\x0c\x9d\
\x09\xdf\xf1\xea\xe5\x1d\x86\xbe\xe1\xc9\xe8`xH\xfc\xbf\
\x90\x7f\xda\xe3nv\x97`v\xc1I\xeey\x99\xd7\x8a\
0>0\x12!%\x0ds7Tm\xb1\x80\xcdf\xaf\
b\xd9\xb2Y-\xff\x0d\xf2\xbf\xc9\xf4-\xb9\xfby,\
lw\xd4\xeb\xccN\x17\xb2\xcb\xed\xf6\xe8\xa1\xd3\xa1\x93\
\xe8da)t\xc0\x97V\xe7\xe4\xe6\x85\xc5\x97\x94\xa1\
\xb0\xbc\xfc\xa1m\xfb\xc5=\xe0\x91\xfcW-e\xdfP\
xDFC\xd3+@\xe1=\xd2sr\xd1f\xab\x16\
\xde[\xabZ\xa5\x03\xd4\xd0\x9at\x807\xf9\x8e\xef)\
\xab\x0b\x9f\xa3\xe7\x15?\xe2\xc9$|\x90s\x1d?W\
\xf9\x01\xcc\xe9c3\xf3q)\xf1\xc5\x9f_\x16\x1c\x19\
\x05\xdb\xab\xeeh\xb9|-\xe6\x91O\xe4\x1b\x1c\x22\xce\
=41\x19\xf3\xb5\xf6\xa1\xf9\xec\xb9x\xeb\xb3\xf1X\
u\xceQ\xce^:8_\xc2J]\xc3\xc7b\xa2\x80\
\xd8x\xf4\xa43mCx\xbf\xb5\xba&\xba;y\xa2\
?\xd9\xffA\xb6\x8e\x18\xe9\x19\x84\x8fS\xf3\xd07$\
A\xe0\xb0-\xc7-\x1f}\xa6\x8cl\xcc\x88I\x82c\
Jf\x83\xeeEmw\x8e\xaa\xe8\x0e\xc8UWW\x7f\
\xf9\x05\x16\xfd\x97\x94u\x06G\xca\xdf\xc1\xddS\xccP\
\xa8O:dg\x8f\x0e\x07L\xd0\xe9\xe0I\xd9\x22\x1d\
\xb0\xd1\xd1U\xee1\x05\xd7+\xb0\x8d\xb0\xdf\x1d\xe27\
\xf6\x17j\xca>/\x9b\xc4t\xe4\x14\x16bVh\xbc\
\x02&^dd\x8e\x9en\x81$\xff*U:@\x15\
\x9fo\xd1\x14\x98\xb7\xcd\xc6m\xe8\xa0\x7fP\x86\x01\xc8\
'\xed\x17\x9f\x85Q\xd7\xefa\xed\xfdJ\x8c\x0a\x89\x85\
AP\xf8\x0b-\xf7\x8c\xfdw\x1e\xd0\xc1;\xff\x9b+\
\xf6\x82\xe3\x22\xadV)\xa1\xc5\xa2\x15\xe8\xb8l\x0d\xda\
\x90\xbc\xf2\xef\x9b\xcf\xf9\x05M\xc6M\xc0\x09\x1fE\xfd\
\xba\x86\xf67\xbf\xa8H\xfc\x7fM,\xc0:\xe2+\x1d\
c\xf1\x9a\xec{\xb5Z\xbd\x01}\x09\xff3\xee\xef\x1d\
\x18\x0bu\xef \xf8\xc5'\x8a\x98\xea\xfdj:61\
'\x0f*)Y\x18\xadk\x82\xf2\x9b\xb7\x1a|O\xb6\
\x18\x8fW\xd0\x01k\xb7\x8fQzQ\x85\x7f\xd5\xd6I\
\x13j~\xdf\xc8\x98\xd0z\xdf\xeb\x8d\x07\x0f\xa3\x83\xae\
):\x99\x1dC'\xf3\x13B\x07\x1c\xf5U\xec'\xba\
\x92\x9d\x87\xcd\xee\xbe\xb8\xe4\xeb\x8f.\xa7/\x08{]\
]\xfe+\x88\xef\x98\xd7\xc6\xfbG\xa0\xa0\xa4\xa4Z|\
\xa1\x0c\xed\xf7\x1b\xa1\x97O\xb8\xcc\xff_\xa3\x22\xf4\xc0\
Ig\x17\xf1\xf7_\xd7\xac\x15q\xbdw\xe7/B+\
\xd2\x0d\xfc\xff\xbd\xcf\xbb\xa2\xcf\x01Ct=\xeb\x88\xb1\
\xf6.\xcf\xac\xbf\xff$\xe8\xf6\xed\xdbxk\xcc8\xfa\
\xfe\xbf\xa3\xdd\xce\xfd\xe4\x9f\x1f\x13~y\x9bM\xdb\x85\
\xaelGx\xbf\xed\x8e\xbdhG\xab\xf9/\xbf\xa1\xa0\
\xb4LA\xbe\xf5\xc8\x07\xd8|\xe48\xbe1;\x02\xbd\
\x8b\xcer\x7f\x8fKN\xa1\xf35A\xcb\xa5\xabi\xff\
U\xd0\xc1\xf80\x06D\xa7cur.\x12\x8aJP\
\x17\xacZ\xe7\x17\x86\xaf\xb7\xec\xc0EO\xef\xa7\xb2/\
<3\xa0\x96\xfb\xc5\xb0j\xdf\x88\xd7_4\xd9WW\
\x1f\xf3\xcaF\xe36r\xb8\xff\x90\xad\xc6\x13\xc9\xab\xfc\
\x11-\xd15B\xfb\x03\xc6\xe8htX\xc4\x87Y\x07\
\x5c\x8dMP\x8c\xcd\xd0gYK\xb2\xcd~{\x07\x83\
C\xe8q\xd9\x17=\x5c\xfd\xc4\xfa\xc9\xfb\x91\x9e:\xe8\
\x1f\x88\xc3\xd5l\x94\x8d\xbb\x17z\x10\xde\xecE\xfe=\
\xdb\x9eV\xab\x951TE\xfd\xa1O\x13\x10\x18\x88w\
~\x98G|\x7fB\xd8\xba\x96+\xd6\x91\xad\xda \xec\
]W\xeb\xf3\x22\xbfp&\xf2\xc5\xedm\xbey\xf3&\
\x9aL\xe0\xd8\xffZt\xd01\x111\xd8\x0e\x86\x16\x02\
\xab\xf3~\xb0.\xe8\xe9\x15\x82\x1e\x17\xdd0\xe1\xdc%\
9?(3+\x0b+\xb2\xb21\xc4\xe2\x04~\xf5\xf2\
\x85>\xfdM\xb7\xac\x1c\xd5\xbd\xc5\xe4\xf4t\xb4\xdbg\
\x80\x16\xbf-E\xab\x95\xeb\xd1\xc1\xc8\x02'c\x12\x1f\
\xabS\x93\xe89\xddl\x9c\x89\x07\xcf=U\xbf\xeb\xb2\
\xa7\xbdb>\xe0\xc0\x90\x88\x17\xcd\x0fX\xaf\xf5\xa9]\
\xcd\xefy\xfdz\xfd\xdf\xcf\xc5';e\xbb\x96\xb0\xcf\
\x1d\xf4\xcd\xd1\x91\xf8\xae\xa3\xc9Q\xc4d\xd5\x9e\xc3O\
\xbfV$\xe2\x83m\xb6\xecD\x0f\x17oZ>\x22g\
\xa4\x1b\xfeH>\x03\xd2\xb3\xa0\xe9/\xd3\x07\xb7\xee\xdc\
\xc1`\xad\x03d\xfb#D|\xaf\x93\xd9q\xb2\xf1*\
08c[M\xcfW\xa0\xe9WS\xd0ZU\x83p\
\xc5y\xf1\x9al\xf7{\x1c\xb5B\xdb]\xfbE\xde\xaf\
f\xcc937\x17\x01\x11\x91/DL\xa0\xac\xbc\x1c\
M\xbf\x9e\x8a\xd6\xca\xea\xa4\x83-D\x0e\x96\xe3p\x02\
\xf7\xd3\xeat\xc4\x0a\x9d\x8e\x9e\x11:\xba+\xed\xcf\xf5\
\x1a\xb5\x0f\x1f\xec\xd3\x83rX$\x8e\xd2^\x9c\xa4\x7f\
\x9fb\x9dR\x03\x1f|\xb4}7\xde\xfd\xe5w\xb4Z\
\xbe\x16\x93O;\xfc\xe1g:\x1f\x1a\x89\xf7-\xcf\xe1\
\x90\x87\x0f\x8aJJ\x9fj>E\xdd\xe4C\x05\x1d\xb0\
j\xc7\x97\x9f\xbe(\xb2\xbfd\xf5\xf4\x9e5\xbf\x9f\xd3\
\x15\xbb\x06\xd9_\xb6\x01]\x09g\xb6'\xfb\xc0\xfc\xd5\
A\xcfL\xd8\xf6\x93N.t\xee%\x8a\xf2\x9f\x99%\
rD\xed\xf6\xea\xa1\xeb\x99\x8b\xe8\xe1L\xb6\xfd\x927\
N\xc7\xa7<|LHF\x16v\xf8\xc8\xf2\x15\xc9\xd9\
9\x84)\x8e\xa2\x97W\xa8\xc0\xff\xac\x03\x86\xf8G\xa1\
\xfc\xf6m9\xfel\xfa\xe5\x14\xf2q\xb7\x8b\xd8C\xb7\
\x0bW\xc5c\xfbE\xa6b\x5cV\x11\xa6\xe6]\xc3\xe2\
\xc8D(\x07Ga~H,\xc6^\xf5\x17\xb8\x80\xfd\
\x84\x8a\x1b7\x9f{\xf9/\xbcv\x0d\xcdf~/b\
\xa2\x8c\xff9\x16\xc2:\xb6\x0b}G\xce\xf5\xf5\xe0\x1c\
\xabw\xb8\xc0\x06\xfco\xb7(y,\xa4\x17\x17\x0f\x8e\
\xd8\x1d\xbd{\x17\xbbs\xf3\xb1:<\x06\xab\xce_\xc2\
l\x8b\x93\x18O\xfa\xe43\xd2\x19\xa3<\xbc0\xcb\xd3\
\x0b\x161qX\x96\x92\x89\x0c\xd6\xcd\x8f\xf9L{\xdd\
\xbc\xd1\xdb\xe4\x88\xc0\x83\xe7\xa2\xfe\xb8\xd6\x9c\xeb\x00\xea\
K\x17\xc7\xc6\xc6\xa2\xe6\xbd\xd5j\x86]\xee\x11f~\
\xedE\xe8\xedQ\xd5\xeb\x97+7\xbf\xd3dL\x83\xd9\
5\x96\xbd\xd6\x1b\xb7\x09\x1f\xf3\xa1\x0e\xd05E\x8b\xdf\
\x97\xe3\x03\xf2\xd5\xb9\xeeD.\x8e\x1c\x16&\xf2\xf0\x1c\
\xaf\xe7\x9cAwGwtw\xf2\xc0\xcdj1'\xaf\
\xb8Dh\xba\xcaf\x12l:a-\xf4EO\xf7 \
Q\xc3\xd3\x8b\xf8\xf8\xd7\x10E,?\xf1\xe7\x05d\xeb\
v\x0a\xbe\xef\xee\xe8\x81\xde\x01\xd1\xe8\x17\x97\x8da\xd7\
nc\x1e\xfd]\x85\xd6O\xb4\x86\x16\xdcD\xdf\x88T\
\xd29^\x02K\xc4\xa6\xa4<\xf7\xf2\x9f\x99\x9d\x8d\x16\
\xe4\x9b\xb7\xdb\xa3\x8fV\xe4\xfb\xb4\xd9\xb4\x03m\xb7\xed\
\x16\xab\xdf\xfa\x8d\xd8m\xef(\xe2\xf5\x8c\xb9\x9a\xcd\xfa\
\x1f4m\xec\xe5\x9e\xaf\xe5\xe0\x00\x8d\xfcb\xbc\xef\x11\
D{\xed.\xf0R7\x87+B\xe7\xf6\x8dJ\x13{\
6\xabR\xb6\x87\xbb\xabr\xaa3h}Z|\x07\xaa\
\x19\x85\xb8RP\x8c\x84k\xc5\x08\xcf\xc9\x87\xb9\x9b\x17\
\x16\x1e<\x86.\xe4\x83\xf0\x19\xb3\x8e\xbf\x10\x9bX\xa7\
\xcc\x9f:k\x83\xa9k\x940b\xb5\x12&k\xee\x81\
\xad\x87'\xe9\xe4\x1bO|\x8f,\xceh)`\x80u\
;\xc7\xec~\xees\xfd\xdb\xbf\xfc\xb2\xe6\xf7\xca\xcaj\
\xb8\x5c\xcb\x0d\xc2\x92\xecg\xb6\xd3\xd4\x165|\xed\xf7\
\xea\x8b\xd5r\xf1J\xb4\x5c\xb2J\xf8\xeb\xc7/>\xca\
\x07\xbb\x05\x12\x8f\x9d\xbf\x22\x16\xc7\xa7\xba\xd9:\x0b\xf9\
\xae\xae\xafl\xfd\x82\xb0\xcf\xf1\xb2\xc0\xfe=\x08\xbf3\
\x9e\xef\xe9\xea'\xe2\xff\xbd<\x82\x11[\xa4\x88'\x8d\
\x0e\x1f\x11\xf5i\x9c\x9b\xeeN\xb2\xdd;8\x0e\xfd\x13\
\xf30\xeaz%~\xaf&\xff\xc3I\x1f\xf4\x8d\xce\x10\
\xaf\xd5\xe5\xf8Y\x8c\xdd\xb4\xed\xb9\xf7\x01J\xcb\xca0\
\xdf\xf8\x10:\x1a\x1fA\xefek\xb0\xc2\xd0\x0c&\xf6\
\x17\xe0\x1e\x14\xf20\xfe\xd3o\x1b\xe3\xf7\xdfH\xfeg\
\xe3\xf0\x85G\xf9\xbf\xd2\xbb\xf7\xb1.,^\x96\xbb\xb7\
w\x15\xf8\xa9+\x9d\x09\xc7dd:4\x0b#H\xce\
\x7f\xa4\xc7\xaa\xb3\xae\xa0\xb5\x94\xd6$\xda\xb2\x0f\xf3o\
\x88\xda?\xae\xfb\x11\xd8\x8c\xce\xa6\x1f\xbdN\xdf\xb0$\
Q\x17\xd0\x8d\xce\x98c/N\xf1\xc9\xb5\xe2\xf2`\xb2\
\x05+\xb4\xf6\xa2\x9c\xfcT\xfewNn\x1e\xf6\x1c;\
\x89_L,PT\x0f\xf5\x99\x1a\xe6\xbdj\xc4\x02\xdf\
\xc0J\xed1\xcd\x9e\xdf\x98\xdf\xac\xc6\x1b\x8d\xdb\xdd\xab\
\xfe\x9dL\xad67(\xef\xb1\x8c\xb6\xd5\xdc\x87\xb6[\
\xb5\xc4O\xc6\x01\xedHfY\xf6E\xbcx\xd5\x06\x91\
\xaf\xf7\xac\xea\x058`k/\xea|\xd8\xbet>r\
Z\xe0\xd5\xcf\xc9\xfeW\xa7\x83W<`q\xc5\x1d\x19\
\xf9\xf9\x22\xaf(|\x04\x8e\x15\xb8\xfab\x92g\xedu\
L\xd1\x09\x09B\x07q\xdd1?\xaeOX\x22\x06\xa6\
^\xc3\x04r\xfb\x97W\xc9\xff\x1cZ#\x8a\xb9\x1e8\
\x8b\xf85L\xf8\xc2\xfc\x9c\xb2\xf2r\xbc\x08\xc4q\xc0\
\xba\xea<~54\x178\xed\x1d\x92\x7f%\xcb\xb3B\
/x\xa6ebtr\xbe\xd8\x8f.\xe4\xab3n\x13\
\xb1\x03\x92[\xc6[\xac\x13\x06$\xe6bT\xf9=Q\
K\xbd\xa3j-\xa4\xf59\xc1\xb5\xc1\xd9e\xe8\x17\x93\
!tmO\xc2f\xdd\x9d=\xd1\xd5\xee\x12\x9d\xc19\
\x11\x03\xe6\xd7\xe4\xc5\xb5\x17\xd5)-3\x13\x1bv\xef\
E\x93\xf1_\x08\xf9\xaf\xfe\x99Y\x0f\x9c&\xfd\xa4\xe5\
\xe4\xfa\xc4\xf7\xc7G\xdc1\xfc\x1f9\x1d\xa0\xb4o\x84\
K\xa3\xe7t~\xf0\xba\x1dc6\xc8\xf7;5Ay\
\x03\xf32\xf3QO\xc2\xf1\x0fbM\x5c\x07\xc8\xb9&\
\xaeCo\xb9t\x8d\xc8\xd3s\xbc~\xe6%\x0f\x11+\
\x18D\x8f\xe9v\xceE\xe4\xeay\xb1?\xba\xc3\xf9\x8a\
\xdckj\xd3\xbf\xcf\xfa\x06`?\xe1V\xe6\x1f\xf6\x11\
z\x10o\xb1\x0e\xd8\x14X{\xefbRF\xa6\xc0\xb7\
]\xac\x1d\x84\xbf\xdb'\x22\x05\x83\xb3J1\xad\x0a\xaf\
rM\xf0\x0f\xb4F\x96\xdeC\x7f\xb2Y\x9cK\xe8f\
\xe7,b\x96\x01\xe1\x11x\xd1)5'\x17mi\xef\
\xdf\xf9~\x8e\xa8\xdf\xf9\xe6\x88\xa5\xd8\x07\xb6\xf1\x1c7\
\xe5sc\x99e\xbc\xce\xbe\x02c\xff>\xe1I\xa4C\
\x0b\xf1\xd9\xcdJ,\xa6\xd7\xd8\xc56\xb4\x0aGqM\
\xe5\xa0\xf4\x22\xe1\x1f\xf4\x0e\x88\x11x\x8aq\x1c?\x9f\
\xeb@Yo\x0b\x7f\x8c0\x96\x91O \xca*n\x88\
9Sg\x5c\x5c\x09\x1b\xae@\xb3o\xfe\x87\xa6_N\
\x16\xb9\xc4\xa3\xce\x97k\xe4\xed*0\xf1\xd0\x89z\xd9\
\x87\xed\x07\xc7*\xf8\x01k\xd4'\xf4~\xded\x7f\xed\
\xee\x09on2i.\xd7\xdbw\xfa\x82E\x83\xc7V\
y\x0d\xd71\x96\xd5\x85\xa9n\x91\xe5\x9b\xb8\x06\x85l\
>\xfb\x00\x0fjQ\xba\xd98\xc2\x8d\xec@\xeb-\x9a\
\x02\xf3s|\x9a\xf5\x00\xfb\x88\xc66\xe7\xe4^\xd7:\
8\x0c\xfa\x1e\xbe\xf8\xe8\x80\x91\xc0\xa2\xc2_ \x1d\xd0\
\x93t@Z\x89\x22.\xe4\x9a\x93\xd1\xe4K\xbc\xbb`\
\x11\xdeS\xd9\x22\xb0\x05\xf3\xe5G\xf971\x9b\xfe\xae\
Dk=\xad\xefi}R^\x89\xfe\x099\x82g9\
\x0e\xc1\xb5\xec\x83\xc8G\xb9\xff\x1c\xd7\x07\x08\x9big\
\x87\x99\xab\xd7a\xe9\xde\xfd\x02?\xf9$$\x91\xccU\
\xc8=\xae\x97\xd2F4\x99\xf0\x95\xc8\xe1\x0f\x22l\xb4\
..\x03\xbb\x8e\x1c\x83\xd1\xb9\x0b\xf8z\xc7\x1e|\x92\
\x90\x8c\xe1I\x19\xf8(%\x0f\x83\xc9w\xda\x97Q\x00\
\x93\xc2\xeb0\xb9[\x89\xa3\xf4|s\xda#\xe5\xdb\xb7\
\xf1=\xfd\xfc\xa4\xec\x1e\x06\xa4\x14\x08=\xcb\xba\x94s\
8\xac\xcf\x19\x7fu\x22?\xa4\x1daA~\x1f\xce\x19\
\xf0\x99\xf4!?`\xae+a\xb8\x0bWD\x8c\x88\xfd\
\xc2w\xbe\xffQ\xc4(;\x92\xaf\xe0\x11\x1c*gS\
\x06\x1d<!WK\xf4\xa4\x88\xe7\xdb\xf3\xacP\xf9\xfe\
\xa0\xc1q\xcf\xdb\xbc\xa0uZc4\xe5\xef\xe9\xec\xd8\
`\xfc\x96\x98\x9c\x825\xdbv`\xc8\x92\x95\xb0q\xf7\
\xc4\xb8\xfd\x06d\xc7\xb5\x84\xadg[\xc2?[._\
'\xeaP\xb9\xfe\x84\x7fv9i\x87.\x16\xa7\xd0f\
\xfb\x1e\x91\x9b\xebj\xe3(|\xc3n\xb4\x8c\xcf\xca\xe7\
*8\x96\xf4]p\xb4\x88'v={Q\xe8\x0a\xd6\
\x01\xb3\x5c}j\xfd<\xd7JJ\xc4\xfb4\x9f;\x1f\
\xcd\x7f\xfaU\xc4\xaf\xd8\x8f\xedO>\xc0\x94\x82b,\
\xbd~\x13\xcb\xc9\xcf\x9du\xfb.F\x97\xdc\xc6\x00\xf2\
i\xb9f\x9d\xb1\xea'F\x16p\xb8r\xf5\xb9\x8e\x01\
0\xee\x7f\xf3\xe3Qh\xfe\xc3\xcf\xc2\xe7\x12~\x90\xa5\
\xbd\xa8\xa9rI\xc9\xc4-\x92\xd9\x936\xb6x\xe7\xeb\
ih:y:\xfa\x84$`8\xe9\xc7\xfb\xd5\xbe\xb2\
\x95\xc3y\x0c\xcf.\xc6\xf0\xa2;\xe4\xd7\xdf\xc4\x90\xec\
r\x5c-\x93\x8f\xf0\x87EF\xe2G\xd7\xab\xa2\xde\x9a\
s\x0d\xef\xd1YsMv\x07\x92\xe7N\xe6\xc7\x85\xad\
\xef,\xfa?\xeddgK~\x1e\xe7c9\x07\xd0\x96\
cC\xda\x86\xe8\xef\xec\x8e\xa9\xa9\xb9\xf88$\x06\xdd\
\xce\x5c\x10\xb5\x0al\x1b\x06\x90\xae\xe7~@\xe1S\xd2\
\xe7\xfd\x9c\xb0D}\x91\xe6\xc1)\xb5\xd4\x05\x8e\x1b\xf8\
\xdc\xe4\xfawMi\xb2\xc9\xb4\xa9\xdc\xac\x13\xdb\x0b\xa7\
\x1a\x84\xd7\x02\x82\x83\xd1\xe6\x9b\xef\xc9\xd6.\x16\xb1\xe6\
\xb6;\xb5E\xec\x87s\xfe\x5c\x1b\xc2v\x9f\xed\xbd\xf0\
\xfdI&\xb9^\x8f\xebP\x19\x13\xb6'L\xd8\x96\xe5\
\x9f\xe4\x93\xfbP\x19+\xb2.8\xee*\x7f\xd6\xd7J\
K1$*Y\xe4\xab\x98\x8f\xf9q\x8c\x19\xb4\x03\xc2\
j\xfdL[\x0e\x1f\x13XC\xc8?-\xb69\x5c\x97\
\xcav~\x08\xf9\xa8#sK0.5]\xac\xc1\x11\
\xc9\xe8\xed\x1b\x81\xd1\xe4#\x1c\xf1\x0d\x14\xbc\xf6\xdc\xe7\
\xff\xcb\xca\x04\x96f\xfc#jt\x19\x03\x11\xb6b?\
\x88\xb1\xfc{\xb3\x7fB\xb3og\x8b\xd5\xc5\xca^`\
#\xd6\x8fw\xaba\x9ek\xc5%\xe8C\xcf\x19\x9cY\
B\xb8\xbe\x18\x83\xd2\xaea_\xae|\x9cu\x9f\x999\
\xa6\xbb\x5c\x91\xc5{\xaaV\x97\xa3\xa71\x90\xfc\xff\xf5\
\xae^8\x1f\x16\x89\x83\x01\xa1\xd0\xf2\x0f\x131\xdb^\
\xdc\xdf\xed\x19\x82\xfe\x811\x22&\xd0N\xeb\x80,\x97\
\xe3\x11,\xde\x9fk\x94X\xfe[\x13v\x1b\xbaZ\x09\
N\xde\xbe\x0f\xf5\xf9\xef\x91\xf5w\x0fMJj\x0a\xd4\
\xcd[\xd4\x98\x176 \xe9y\xc1\x00JZ\xa3\xb7V\
\xff\xec\xdb\x0e}\xd8 \x18\xd3\xc5\xd3\x13\xad\xe6-$\
\xb9_/\xeb\xbd'\x9c\xcf>wO\xb7 \x11sg\
9g\xfe\xe3\x1a\x11\x96\x7f\xae\xd1e<\xc0u\xa9\x9d\
H?\xb4\xdb\xab/\xecE\x17+\x07t\xb5v\x90\xd5\
\xe6\x91}\xf0LV\xec\xc9\x9b}\xc6\x81\xe4\xdf\x14]\
\x8e\xdbT\xe9\x80\x0bH\xbd\xa6\xd8\xab\xca\xfd\xb1\xc2\xf6\
\xff\xf8\xb3\xa8\xf7c\xf9\xe7x\x03\xf7\x13r\x1c\xba\x7f\
B\xb6\xd0\x01coUb\x16=~\xc2\xad{\xd0\x8d\
J\xc4\x9dz\xecAmh\xca\xcb\xcf\x17q\xbd\x16\xa4\
\x03[\x91\xfeeyj\xa7\xa5#\xea*x\xefY\x1f\
\xf2jMg\xc5\xb2\xcf\xf9\xd1N$\xb7\xde\x89\xa9H\
\xc8\xcd\xc3\xb5\xb2rT\x10\x86\x18\xbdy;\x06&\x17\
`\x00\xaf\xa4|\xccL\xc9\x97{\x9f\xa5\xa7OcN\
\x5c\x82\x88\xefT_g2\xe5\xfb5\xd3\xf3\x0b\x84\xee\
f^\xe8{\xfc4\xe9\xf2\x14\x11Ol\xb7\xdf\x08\xcd\
\x7f]\x22\xab\xcb$|0\x8c\xb0\x82\xc1U/$\xa6\
g\xc8\xc5\x00CR\xd2`ZP\xbf5C\x06\x96\xcb\
\x150\x80\xd2\xce\xd1\x03\x9eG\xdb\xef\xe5\xefV\xef<\
\xc6>:\xe3x\x8e\x13\x8d!\xcc\xdc\x950_\xbb*\
L'\xfanH\xc7s\xdd\xad\xb0\xfb\x22\xf6\xb7Z\x86\
\x0f\xc8F\xb0L2?p\xcdO\x9b\xad\xbb\xab\xe2\xc2\
\xf6\xc2\x16\xb1.\xf0HR\x94\xff\xc9\x06\xe6\xb2^\x22\
\xf3\x13\x84+m0\xe1\xec\x85Z\xe7\xd5\x04G\xc7\xca\
j}Y\xfe\xabt@\x8f=z\xc2\xfe\xf5\xf2\x0e\x15\
q)\xee\x09d\x1d\xf0\xd5\xad\xbb\xb8\x92\xfc\xe2\xf5\xff\
\xc6'&\x92\xdf\xb3@\xec\xbf\x98\x89\xa0\xba\x85p\xd6\
^\xb4$<V}\xb1\xcf\xd3\xdb?Z\xc8?\xcb\x1f\
\xf7`\x08\x7f\xfd\xd0IQ3\xc4g)\xf2v\x0e\x97\
Em6\xdb\xef\xa2\xaa\xdc\x1c\xcf\x09\x98\x9d\x94\x84\xdf\
\xe9\xff\xfb\x9b\x1f\x118\x8e\xf3\xad\xea\xd66\xe0i?\
\xe5\xd7+D/\x16SDB\xa28\xfb\xe6?\xccC\
\xcf\xcb\xb2\x5cL\xdf\xc8T\xf4\x8dN\xa7\xffOB7\
\xd2M\xbb<\xfdQ\x5cq\xa3\xd6z\x92\xc5\x1e\xfe\x88\
\xbfV\x5c\xaf{\xc65S\xeaf\xef\xd5\xc0\x00\x83\x12\
\x9e\xf5\xba\xe0\xf5\x9a\x9f\xaekh\xdb\x9f\x96\x9d\x8d\xd6\
KW\xa1\xc5\xc2\xa5hG\xf2\xbf\xc9\xe2\x18<c\xe2\
\xf1\x11\xd9d\xae7e|\xde'<\x19mw\x1d\x10\
\x18t\xc7\xd1\x13\x98\xbbW\x07#5vb\xe01k\
!\xff\x83H\xf6\x1d\xae\xba\xcb\xec\xff\x09[Y<\xe0\
\x94,?\x14\x9a\x99-\xef\xcf\x12&\xefD\xbc(\xea\
\xd75v\x09=\xb0\xec\xbc\x0b\xee\xf0<\x8c\xfb\xbc\xee\
\x8b\xd8\x10\xf3\xe5\x17\x1a\x9a\xe2=\xd9\xf7e\xf9\xef6\
\xefW\x8c\xdb\xb9\x0f\x1d\xf4\xcc\x85\xee\x108\x84\xf0\xc0\
\x10\xc2\x9c\xf1y\x05/\x94\xdc\xdf\xb8q\x03)ii\
P\xdd\xae\x89&\x84\xff\xdf\x9e\xf6\x8d\xa8\x8df\x1d\xcd\
\xb1w\xc6^\xac\x0b\xd8\x1fhO\xfaW\xf8i\xc6\x87\
e9>\xd2\x8f\x22\xaf\xe2\xe2-\xeb\xbf\xe2\xfa*\xfa\
{\x9f\xa0X\x11\x1f\xe0\xbc\x00\xeb\x0b\xfe\xdb\x00z\xdc\
D{\x17\x0c\xf7\xf4\xc3\xf8\xa88\x0c\xbb\xec&\xf2\xb6\
m5\xb4\xa0}\xda\x06\xe1\xb1\xb1\xd8mv\x10\xabv\
\xec\x14\xb9=\xf7\xa0`\x11\xffy\x87\xfc\x0e\xf6\xb5\xb8\
'\x93k\x04X\x07L\x8e\xcbDdaI\x9d\xdf\xc9\
3>\x11\xbbr\x0a\x1bd\xff\x0cN-U\xc0\x00\xeb\
w\x8d~f\xe7\x05\xae]\xab\x18\xf3?\xe3p\xb2\xde\
\xf7\xc9\xd6\xddS\xd8\x16\xc6\x95\xed\x85\x0d\xd7\x82\xc3\xe5\
+p#\xfc\xd8\x93\xfcw\xf6\xed\xf9l;\x91/\xc7\
g\x9eY5\xbf#0+\x17\x83N\x9c\x11}\xa9\x07\
\x9d\x5c\x90B8\xaf\xcd\x96]\xd5f\x04\xc9f\x85e\
\x16\x97\xc8\xf9\x19I\xd99\xb2^\x02\xd2-\x1ckb\
[\xd6\xc3\xc9\x03\xfd\x93\xf2\xd07&]\xf0\xd2\x87\xfe\
Q0r\xb9*|\x0c\xb63\xb2\xf53\xb6\xe8\x1b\xe2\
\xaa\x7f\x80\x88=s\xad\x0b\xf7\x04r.2\xf8\x05\xc9\
\xf1q\x8fmLB\x02\xb6\xec\xd7\xc5\xdbS\xbf\xc1\xdb\
\x93g\xa0\xf9\xcf\xbf\xa1\xdd\xf6}\xc2\x1fk\xad\xbeC\
\xfc\xe4=c\xfb\xdcf\xdbnq^\xbd<CE\xde\
O\xe4\xf8\x08sq\xad\x0f\xd7]r\xdc\xfe\x81\xfc\xb3\
\xac\xf6\x09\x8a#\xf9\x8f'\x9c\x10%r\x80\x5c\x07\xc4\
y\x12\xd6\x17\x1c\xab\xe1s\xe3\x1e\x0f\xf6/\xf8}\xb8\
\xce\xf3\xdd\x9f~\x15y\xc5\xb7\xa7\xce\x14q\x8863\
\xbf\x13\xb1\xa0w\x7f],\xfcB\xc6\x12\xfc\xda_\x91\
\x1f\x90[Qw\xbdulF&~IHCi\xc5\
\x8d\x06\xd9\xcb\x8c\xcc\x0c\x92\xa1\xa6\xf2\xf7\x08j\x0f\x8b\
~V\xeb\x01H7M\x91\x9b\xe1\x7f\xb0\x7f\x83\xecS\
VN.\xba\x91\xef\xd6n\xa7\xb6\x88\xf5r\x9d\xc8\xbb\
?/\xc4!\x1b;\xa8\x07D\x90}>\x81>\xc1q\
\x82\x9f\x9a\xd1\xd9\xbb\xfa\xc8\xe28\xd6\x199\x82\x0ff\
\xad\x5c#\xe6\xf7dde\x0b\x9b.7'\x88tA\
JA\xa1\x98\xf9s\xd9\xcb\x07C\xd7*\xa3\xc3>}\
t48\x84\x0e\x06\x07I\x0f\x98\xa1=\xbd_?\xb2\
I\xfd\xc9'\xed\x1b\x93!fyq\xce\x89gQq\
\x1e\xa99\xe9\x1c\x96\xff\x96d\xffy\xa6\x1d\xeb\x10\x8e\
7p\xbc\xab9\xe9\x1e\xed\xe3\xb5\xebH\xceG\xdf~\
N\xee>bl}9 H\xe8a\xf6\xf3\xdfe?\
z\xee\x02\x11\x87\xe9\xed\x1d\x8e\xe9{t\xb0\xfd\xf01\
|H\xfb\xd7^\xdbH`y\xee\xd9\xe3\x98\x0b\xaf\x1e\
W\xfd\xf1\xeeoKe\xfdP$\xc7\x22\xa7\xca5\x15\
\xae\xbe\x8f\xe4\x9f\xf6\x94k~x\xf5\xf6\x8b\x12\xb1;\
\x96\xdd\xee\xe7I\xfe\xed\x5cD\xdc\xb6\xf3akq\xfe\
\x8c\xff[.Y-\xe2\x0a\xbc\xf7\xcd\xa6\x7f\x8bf3\
\xbe\x13:\x81\xeb\x87X_\xb4Q\xdb&0\x08\xeb\x1c\
\xee=\x0c\xbcV\xbb\xddg\xcc\xef\x13\x97\x80\x99\x91\xc9\
H-\xbc\xd6\xa0\xfb\xaa}\xecG\xc5\xde \xcdq\xcf\
\xdc\xfdA\x0b\x17.\xfc\xef&\x93fr\xf7\xf7\xd88\
\x1di\xb0}2\x0e\x0c\x97\xf5\xf6\x08\x5c}\x1c\xef\x92\
/\xd0\x82x\xb0\xc5\xa2\xe5\xe8u\xc9S`G\xb6\x17\
\xef.\x5c\x82\xfc\xd22!W\xdf\x93\x1f\xf7\xfdze\
\x14\x14\xc9|\xb9\xdc\x82\x82G\xf2_muP\xd3\x10\
s\xfc8\x87\xc8\xf1\xa4a\xde~B\xcf\xc8z\x0a\x0f\
\x0a\xbf\x82m\xd0\x00\xaeU\x8b\xc9\x94\xd5\x9b\xf2\xecI\
\xe25\xc6\xfe\x8c/X\x07\xf0l\x8a\xe5[\xb7\x0b\x1b\
9\xfd\xc79\x22\x0f\xd9b\xc9*$fd\xd6\x1a\xe7\
\xdfM\xf2\xc2\xf1\xb1\xfa\x9c\x8d\xf4$\xa8\xa8\xac\x1c\xd3\
\xb4\xf5d\xf6\x9dso\x9cc!\x9f\x86\xe3\xe7\xac\x17\
u\x09\x83?\x8c\x05\x90\xae\x16}\xd8\x84\x9d\xd8\x97\xe7\
\xfd\xe3\x18+\xe3\x01\x9e\xaf\xca9\x99\x89\xae>2\xf9\
wpE/\x92\xef\xbe,\xff\xe4\x1f\xb1\xcdg\xdb\xcf\
\xf2\xcf\xfb\xcb\xbfc\xff@\xc8\xb3\x9d\xb3\x88\xd5\xb0/\
\xd6~\xaf\x01Z\x11\xbeoQ\xa5\x83\xde\xf9\xeeG\x99\
\xdc\xd3\xeb\x0d\xa0\xc7\x8fs\xf6\x106\x81\xe3\xc1\xed\xe9\
\xfdyFhg\xd2\x19\x87.\xb9\xa2\xac*\x9e\xc0\xc4\
6!\x91>\xef|\x87K\xf8\x90\xf4P`d\x14\xae\
U\xcd i(\xca\xca\xc9$YzC\xbe/@s\
\xd4\xc5g\xce\xf6k\x0f\xe9#_\xeb\xd7\xb6\xc1kV\
\xd6\xf8\x87\x0b\xd9g}\xce\xb8O\xc8?a\xbc\xbe\x17\
\x5ce\xbe#\xc9%\xd7\xf43\x8fu\xdao\x88\xad\xe4\
'\xde\xad&[\xc5%\xa52^`\xfc\xcf\xb6\x9f1\
\x00\xc9?\xe7\x85\x1e\xe4\x12\xba\x1d:I<\xe4&t\
M\xbb=\xba2\x1d\xc03\xe6\xbc\xc2D\x5c\x9ag\xf9\
r\x0c\x89m\x13\xcb7\xf3\x1ecO\xd6\x01\xec\xebs\
\x1f\x5c\xdf\x99\xdf\x22%%\x05M'~%~\xdf\xe2\
\xb7e\xe2\xb57\x1c<\x828\xf2A\xae\xd1\xe7`{\
\xban\xeb61\x0b76)\xf9\x99\x95\xfd\x98\x8c,\
\xd1'\xc5{$rn\x8c\xe7\xb7\xc8\xea\xea>#Y\
\xbd\x9cs\xeda\x1d\x16\xc7D:\xd1~rnM\xcc\
b\xa3s\xe2\xfa&\x96\xcb\xd6\xe4\x03q\xad]\x9fU\
JP\x0f\x89\x11v\x9d\x1f3\xe2\xa85n\xde\xbd\x07\
\xc7\xf4\x1ch\xc5\xa6blH\x9c\x88\x01p\xbf5c\
\x02\xee\x93\xe2\xe7s\x1d\x16\xc7\x0a;\x9a\x1cAk\xda\
3\x81\xfb\x09\x03\xf2\x9es\x0dO\x7f\xd2\x11\xdb}C\
Pt\xe3&\x8e]t\x12\xf6\x81g2t\xd05\x13\
g\xe9\x93\x9a\x01\xfds\xe71\xea\xf8\x19L;x\x1c\
k\xcfT\xe5u\xe9y-Wm@\xd3/&\xe1\xcd\
O\xc6\x88Y\xc6\x17.\xbb6\xe8\x1e\xef96Ya\
F\xc8\xa2\x0d_\xbf\xf3L\xe5\xfc\xf6\x8d*\xae\xfe\x19\
\xf5N.~*uf;\x12\xd3\xd1\xcb\xf4h\x95\xec\
\xd3Z@>\x9e\xd9Q\x0c\xf0\x09\x13>\x00\xe7\x04:\
\xe9\x99\xc2(9C\xe1\xf9\xf9\x84\xed8.%b\x7f\
<G\x92\xebEH\x17p\xbf\x10\xf3T\x9b\xcd\x9a\x18\
\x18\x18\x83\xee\x96v\xc2nq\x8c\x89y\xbf\xa3\x819\
\xfa\x91n\x19\xe1\x1f\x8d\xf1\xe4\xaf\xfet\xf8\x14\xc6\x1b\
[\x08\xdf\xff\x1d\xc2\xf8\x0ft\xc0{\xca\x9b\x05&\xe5\
\x18D\x97/'\xa1\xf9\xe7_\x88\x1a3\xd6Q\xec\x87\
\xb4\xa6\xbf\x8b\x9c\xa4\xdaV\xb4\xdd\xba\x9b~\x92\xcd:\
j%\xeceDn>L<\xfd\x90@>\xca\xfdg\
\xa0\x16\x88?\x81W|\x92\x88\xd7q,\x84k\xe6\xda\
\x93_$\xe6\xa4\x93\xde\xfc\xc1;T\xe4\xefy\x86\xe7\
\xdb\xd3f\xa13\xc9\xd0iO\x1ft>a+\xf2%\
\x0f\xf6\x96\x97qp$\x16\xec9@\xcf7Dx\x5c\
<\xfcs\x0aD~T\xa6'N\x89\x99l\x0f\xe8t\
P\xa8\xc8\xcb\x8a\xb9\xcc\x84\x0b\x16{\x05\xe1\xf7\x0b\x97\
\xd1\x95\x1e7\x92>\x8b\xd0\xef\xa4C\xb8\x8e\x88}\x8f\
\xee\xf6\x97\xf1\xbbG\x002K\x1f\xd5\x9d+\x1b\x9b\x0b\
\xff\x84\xfb@v:\x11v _! -\xf3\xa1\xdd\
O\xa3=\xfeQK[\xe4\x938\xa6\xccq\xdb\xb7\xa7\
\xcc@\x931\xe3\xf0\xe6\xa7\xe3\xa0U\xa3\x1e\xb4\xbe\xc9\
\xc1\xd9Z\xb17Pk\xe4w\xcf\xcc\x5c/\xf5\xaf\xbb\
\xca\x7f\xbe&\xa2\xe7\xebiQd|<\x96\x99\x1dF\
'\xae\xf3!_\x94q\xfb\x10\x17/t'\x9f\xef\xe3\
\x1d{p9Mq\xeewv>\xf1\x1c\xe1G\xb6\xfb\
\x9c\xcb\x17\xf9?\xb2'\x1c\xff\xe3\xd84\xd7\x93\x09\xdd\
@\x18\x95\xe7\x821\x9f\xb3\xadc\x1d\xa0}\xd1\x05\xcb\
\x93\xe5s\xcc\xce\xbe\xfe$\xd3J\xa2\x8e\x9cu\xc0\xa0\
\x9f\x16 (:V\xcc\x9e\x1c\xa1\xb9\x17\xed\xb7j\xa1\
\xc9WSD^\x5c\xcc\x05\xe3\xf8%\xfb\x18\x8c3\xb8\
Wa\xcb.\x91[\xe0\xff\x1f\x92\x94#\xea\x11\x5c\xfd\
\x02\xb1\xc0\xd6\x11.\xa1Ow^ \xcb\x89k|\xb2\
\xc8\x93\xb0\xac3\xe6\xe6\xfa*\x9e\xab\xc0\xff\xfe\xc53\
H<\xa6\x94\xfc\xac\xb7>\x1dK:n\xae\x98\x87,\
\xea$Hv\xb9\x07\x82\xb1\xba\xc8\xafZ\x9e\x13}\x17\
e\xe4C\xb0\x9e\xe5\x98\x07?\xb7\x0f\xc9\xb7\xf0\xbd\xc8\
O(\xbf\xf9(&\x17\x9d\x95+t3\xc7\x05\xb9\x86\
g\x89\xe3\x15\xcc\xd17AVn\x9e\xc0L\x9d\xc8\x9e\
\x7f\x90[!f\xac\x0e\x8cN\xc7\xb60\xc5^\xec\xcf\
\xd4\xb6\x08\xf9\xe78\xa3sl\x224\xb5\xb4\xd0\x8a\xf6\
^\xd3/\x14\x1etF\xadU\xb6\x88\xb3\x13=\x22\x8b\
W\xa1\xc5|\x99\x0f\xc7\x8f\xe1\xfe\xe3\x1f\xce84\xf8\
\x9eo;8T\xfe\xde\x10\xa3\xb6\xb7x\xa6\xd6\xb3a\
\xfb\x87\x7f[\xfd\xb3\xed?9\xf3\x99\xc0\xa6|\x8f\xcb\
I\x87\x0bX|\xd6\x01#\xc2\xe3\xd1\xed\x985|\x02\
\x15\xe7\xfe\xe5\x90\xecs\xdd\xef\x83\x19\x94l\x9b\x18\xa7\
r\x1c\x8a\xf9\xb47\xd9\xb7y\xa7l\xb0--\x1f\x8e\
\xf9%\x02\xdbs\xcc\x9aq.\xc7\xb0=\x13R\xa0\x96\
,\xafS\x96\x1c\xb5$\x1e[J\xf2\xff\xbd\xd0\x01\xbf\
\xabo\x15\xfc\xc9\x9f\x89\xe7\xcdp\xce\xf2\xc3\x8d[\x85\
?\xc0}\xaf<\x1b\x8b\xe7\x8e\xb5\xae.\xff\xf4\x93\xf9\
\xb4\xe9W\x93\xc5=\x1b\xbf\x9fs\xc2\x8e\xfd\x07p\xc9\
\xc7\xef\xa9\xee\xab'aeQ\x1fM\xf8X\xc80\xeb\
\x01\xd2\x9b\xbcg\xbf]\xf6|\xf8\xb8\x83G\x8f\xd2w\
\x9f-0\x0d\xebK\xd1WA\x8bs\xfbb\xf1\xfe\xd2\
^s<d\xd0W\x93\xd0\x95\x9e\xff\xc0\x06\x8f\xf0\x08\
\x12\xd8\x80\xe3&|\xef\xd0\x03*%\xfc\xce\xcf\xe1y\
k\x1c\xcf\x9dw\xfe\xf2C?\x93c:\x5c\xab\xff~\
f\x09\xde\xcf(\x11\xf7*\x1c/\xacP\xf8\xfc\xfdI\
\x97\xb7X\xb8D\xf8m<\xcb%8$\x04o\x0e\x1f\
)0\x1a\xeb\xb2\x81\xd1i\x18\x14\x1c#f4\xf6;\
q\x16\xbdH\xe7\x0e\x88!\x5c\xe9\x11\x22\xea5z\x92\
\x8e\xbb}\xbba\xe3\xb2\xa6\xd6\x9b\x15\xe7\x05\x1f\xf8\xb0\
\xff3\x11\xf73}M>\xe7go\xf9\xcc\xf8\xa7\xcc\
\x1b\xa6)\x19\x98\x14\x9f\x86\xc5;\x15\xef\x9e\xc8\xcc\xcf\
\xc7,\xbfHh\xdb\xd8\xc3\xe2\x94%\xe6o\xdb\x89\xef\
\xf4\xcd\xd0\xcf\xec\x18V\x10N\xdc\xe4./k\x15$\
\xc3\xbd\xc9\xf7d_U\xc8*\xd9\xe8\xbd>\xfe\xf0\xcc\
\xca{\xf8\x18\x8e)0foN\xd8\x9e\xe5\x9bu\x00\
c\x7fQ\xf3\xc2\xb1q\x92w\xc6\x94\xc2/ l\xc0\
\xf7\xe8\x88:\x00euQ\x83\xd6\xfe\x80\x91\xc8\x937\
\xfdz\x9a\xe0\x7f\xeeUf\xff\x83}\xe5\xf7I\x07<\
\xcd\x99@\x89\xd7\x8ae\xfd\xd1\xdc#\xf9@\x96\x05^\
:\x87i\xa7\x1d\x1e\xca/\xe7\xfe\xdf\x9e2S\x96\x1f\
%\x8c\xc4r%\x9eW\xd5W)\x9eow\x09\xdaN\
\xaeh5\xe3;\xbc9\xe2\x13X\x06>\xaa\x9f\xfe\xc6\
;T`\x1e\x96\xc9\x07:\x9b_\x9bk\xaf?\xd05\
\x15\xb5\x82\x8c\xf3\x17[\x9c@Y\xb9l\x8e\x1c\xcf\xeb\
h\xab\xa9-\xfa\xaa\xb9/p`J!l\xf3\x15c\
\xfa\xbdh\x1f\xb9\xb6\x83\xb1}q\xd5\xac\xd1\x09\xdf\xcf\
\xa63\xf9E`0\xceM0\x8e\xe1\xcf\xc8>F/\
\xae\x11\x08\x88\x11\xf9\x07\xe1\x97\xd0\xdf\xdcj\xb1#\xf5\
I\xb9yy\x0a\xb9\xc0u;?\x8f|\xda\xf2\xbf\xd1\
\xb8\xf7\x00\xf9\x9c\xdf\x90gB\xee\x05\xfe\xbc^\x01\xa5\
\xa0H\xf4&\xbe\xfc\x86|\xcc\xfcby^( \xcc\
9\xdb\xd2\xb6\xd6;\x9e~!\x9d\x9f\x95\x9f_\xebk\
O\x0a\x88\x12\xb5)\x5c\xcb\xd6n\xf3\x0eL\x0a\x8cB\
\xd9\xcd[(\xbbu\x1b^q\x09\xe8Dv\x9b\xe3P\
\xcdf|+\xf2\x8d\xac\x03\xb8\xbe\x90s\x07m\x1e\xe4\
\xa4Y\x07\xcc]@\xff\xbfL\x86\xffW+\x8b\x98x\
'\x0b+\xb4\xf8\xf6\x07\xbcK\xfe\xc2{k\x94\x05\xbe\
\xe0\x18#\xbf\x1e\xcbC\xff\xa0\x18\x84]+y*{\
\x9a]v\x1d=\x1c=D\x8d\xbc\xc8\xb9=\x90g;\
g\x8c:v\x1a\x15\xb7d9\x0c\xae\xf7wruE\
3\xfa\x1e\x8c\x918\xa7\xd2\x8dp3\xd7\xf5\x89yJ\
\xfc\xfc\x0bn\x02\xc7s\x0e\x9e\xf1Q\x93q_\xe0\xda\
\x8dG\xfd<\xeb\x83\xa2\x05\xc6x\x87^C\xc7\xe2\xb0\
\xc8\x8f,\xb3\xb2\x133D8\xa6\xc3\xb9|\x9e)\xfc\
\xda\xfbC\x84\xee\x8cMI\x15\xf6\x9f\xfb=\x06$\xe5\
\x89\xc5\xf3U\xfc3\xe4k\xb7\xca\xc8\x97`\x9d%\xfa\
\x80\x08_<\x88\xffn20\x16u\x0a\xfcY;\x1a\
\x1c\x14\xbe\x1f\xe7tD\xde\xd1?\xea\x91\xfc\x93\xef\xc7\
~\x89\xd6\xd1\xe3\x0d\xbe\xffzV?)\xcc\x07Y\xbf\
~J\x93\xa7Z\xf3\xb3mb~\xf5\xcf\xa4o\xf9\xdb\
S\x93\xf72\xb29\x9e\x11Q\x18\xbfu\x17\xc6\x10\x1f\
\xcc\xd9\xb1\x1b\xbf\xacX\x89\xf7=\x02\x10_Cf\xf8\
\xf1\xdb\xbc\x03\x90\x9d\x9bW\xebk\x0d;{\xb1\xce;\
8M\xe2SEn\x9a{\x87Z\xabi\xe0\xd7\x9c\x02\
\x0c#\xbe\xee|\xfc\x8cl\xd6\x98\x96\x8e\xb0\xff\x1c\xf7\
\xe2\xbc3\xf30\xe3R\x8e\x15rN\x8ck\x91\x98?\
\xa7\x10\xce\x5cx\xce\x11\xd3\x0e\x18\x0a\xfc\xdf\x86^\x8b\
\xe7dq\x0e\x8d{\x0by\xae \xcb\x08\xe3\xe4nU\
=\xc6\xfd\xc2\x931'\xbbP\xc4\xb1\x1b\x92\xae\xd1\xfb\
\xf5v\xf6\x12\x98[\xac\x07rLz`\x08}\xc6\xbc\
\xaa\x19\x9a<\xd3u\xc0\xfc\xdfeq3\xf2\xa58\x06\
+\x9b\xa1\xec+\x9b\xa7\xcc\xf3TyV\xca%o\xb4\
;`,\xf2\xef\x1c\x1f\xe0Z\x8a\xea\xfd>\xc6\xd1I\
b\x0f8>2b\xfeB|\xe7\xe4.f\xb7p-\
\xf5[\xa3\xc7\x0a\xbc\xfe\xc6\x90\x8f\xf0\xfa\x80Ah\xdc\
\xb5;:\x12\x0e\xcb\xbbv\x0d\xed\xc9\xff\xef\x1f\x9f#\
f\x07\xf0}k\x11\x89Ir\xdf#\x22+G\xc4!\
\xb8\xe7\xef\xe7\xb3\xe7\xc5\xef\xd2\xb3\xb2\xd0?6S\xf8\
0b\xce\x00\xe1\x03\xc64\x9c[\xe8\xe9\x15*j\x92\
\x85\xfc\xfbF\x8a\xef\xf1>\xc9\x7f@hX\x83\xf3\xb8\
\xa5\x8d\x85\x82\x0f\xa0\xa6=`\xfc\xd3\x9c\xef\xc3w\x97\
U\xff<\xc5\xa5\xc5\x0d\xba'\xac\xf3\xddB\xc20\xfd\
\xaa?V\xf8\x85!,)\xf9a\x9d7SRN.\
V\x87*\xcewL\xc9\xca\x86\x99\xc3\xc5:\xeb=\x06\
\xbb\xfa\xd6\xf9\x9e\x06A\xb2\xdc\x13\xc7\xec\xdb\x12\xdf}\
\x9b\x96#\xea\xd8\xf8\xff9w\xd0\xe9\xe0)Q\xdf\xc7\
6\x8a\xe5\xbf\xdd\xae\x03\x82\x9f\x06z\x87a~d2\
lr\x8bp\xb7Z\x0c\x9f?og\x9e\x87O\xcfg\
\x1f\x81g\xd9\x8b\xfaW\x923\x81?y\xae \xf9\x1c\
\x9c\xf3\xeeM\xef;\xb4\xe0\x16\xe6&\xa6\xcb\xc9K}\
\x93oT\xb4\xe8w\x92\xcdC\xf4\xac\xd2\x01\xb4l\x9d\
\xe0\x14\x1c\xa6\xb0\x7f\xe3\xf6\xe8\xa2\x19\xf9?\xef\x10\x8e\
\xe1<\xbdX\xf4\xd9\x85\xff\xccK\xdc\xab\xe8\x8f\xce\x16\
\x96\x02\x0f\x9d\x88\x95\xcfq\xfag\xe7\x0b[\xcc\x18B\
\xd4u\xe8\x9b\x8b<i\x93\xf1\x13\xc5\x5c\x9e\xa6\x13\xbe\
\x22\xcc0\x11S\xe6\xff\x8a\x9f~_\x84\x1e\xe6'p\
\x88\xce\xb33\xed?\xe7`\xc5\x8a\xc9@l\xba|\x9e\
\xe7\x82\x97\x8f\xc0Z|.\xb6\x8e\xb2\xb9o\xae\x89\xa9\
bN\x00\xcf\x12\xe3\xcf\xc6z@\xf4'\x92\xde\x12s\
\xc3\x02\xa2\xd1\x87\xe4\x7f\x10\xd9\xff\x85a\xf1(*\xbf\
\xfeTl\x1c\xfb\xb2[\x0f\x0e\x96\x9f\x0d\xa07$\xeb\
i\xc9\xbf\xaaa\xeb\xa1r\xd8\xdflx\x83\xed\x05\xd7\
\xe0\x9f\xba\xe2\x8ea\x1eAX\xef\xec^g\x9d\xdc\x99\
\xa88\x5cIV\xbc\xe7\xfb\x92\x7f\xa0\xb8\x13\xbc6\xca\
+*\xc6\xa2\xb0\xf8\xda\xfd0\xf2!\x18;\x8a\xb94\
\xe4+v\xd8\xb5\x1f\x13\x02#\x84\xcdgy`L\xdc\
\x81l?\xf3\x18\xd7\xbe\xb2\x8e\x18fr\x18\xda\x81\xe1\
\xb8\xf7\x98\xbc\x9d\xe6\xd9sBOpo<\xeb\x00\x8e\
1\xf4\xae\xaau\xe7z\x82>\x11\xc9\xe8K<\xca\x18\
\xf4\x93\xd2;\x98v\xf36\xcef\xe75\xe8\x5c\x80\xa8\
\xf8x\x913c\xdf\x99\xe7\x1d\xf1w\xdd{\xde\xa9\xd6\
\xc7\xf2\x9d\xdco\x8d\xfa\xac\xaaN?\x5cV\x7f\xc5\x8b\
t\xa0\x98\x95\xcc\xf7\x1d\xdb^\x12X~\xb9\xb7\xa2/\
]@x\x82sy\xec\x93s\xfe\xbe\xf9\xbc_\xc5\xdd\
@=&M\xc57\x1a;D\x0f'\xd7O\x1f;k\
\x83\xe2\x92\x12\xf4!L\xd1n\xe7\x01\x91[\x94\xf5\xf2\
\xa4\x89^\xc2\xb4\x0ay\x0cg\xc7\xb5\xe2\x8bW\x8a^\
\x84+^\xb2{?v\xb9\xfb\x0a\x1b\xcf}@\xec\xcf\
\xf4\xbc\xec\x83\x11\xa1\x890q\xf3\xc2\x82\xb0X\xfa|\
\xc1\xf0INkP}[\x17\x19Z/R\xb8;t\
\xf9\xba\x99=\x9e\x0a\xf6\xdf5\xbe\xa2\xfag1;\xa3\
R\xef\xdf\x9f}\xf5c\xce\x97\xf1)a3\xd3+\x1e\
\x7fx?\xb3A@\x18\x02\x12\x15\xebgJ\xc9\xf7_\
ndV\xebs\xfc\xc8g<\x95\x9eW\xeb\xdfV\xe8\
\x1b\x0b\x9f\x96\xf9E\xe4\xba\xf7\x1bbt@DU\xbf\
\x8a\x87\xa8[\xe3\x9cx\x1b\x8d\x9dx\xe7\xbb\x1f\xc4c\
l|\x03\xfe\xf0{q\xbc\x8cq)\xe3O\xae+b\
\xec\xda?1W\xf4\xb9\x0ex\xd0\xf3JkHR\xae\
\xc0\xd6}N\xda\xe0\xdb\xc22XD\xc57\x98\x0e\xe0\
:\xc5u.\x1e0\xb0?\x8f\xee\xa4\xa76Y\xdb\xd6\
i\xa7\xa6\xcd\x99\x8b7?\xf9T\xc4\xce\xb8&\x8b\xeb\
uYwq]\xb4\xacv/\x04\xef\x11\xe6a\xdf\xa8\
\xb6:\xb1\xdbt\xae\x1dH\xfe\xbb;\xcb\xfa\xb6\xf9\xfe\
\x00\xc6\x03\xced\xbf\xcf\xbay\x88\xd8\x0b\xc7W\xfa\x92\
\xaf\xd4\xc9\xe4\x08\xfa0\x968d\x89\x96+\xd6\x8b=\
\xe4\x9e\xca\x81\xe1\xf2X\x90\xc9\xdc\xe1\x82\x98\x0d\xc1\xf9\
|\xee\xb1cZh\xeb(\xd3K\xbe\xb2\xfb\x1b\xb8W\
\xd48)\x13\xcf\x22%\xa7\xc7)\xe6\x01\xf4\xfa|\xfe\
t\xb0\x7f#\xb9>\xdf\x9b\xb7\xea\xbf/b\xae\x9e1\
4N\x9d\xc6\xf1s\x0e08i\x89\xc0\xf0\x08\xd1\x1b\
^\x97\x0c8\x86G\xc3<\xa0v;\x7f\x82tzh\
j\xba\x82\xef?\xcb+\x18\x85\xb5\xdc\x0d\xcc\xf1\x806\
\xdf\xfd(\xe2v\xcc/\xdc\xa3\xce\xf5\x82\x13\x08\x8b\x8b\
<\xfdI[L4:$0\xbb\xe8=\xdf\xbeG\xd4\
\x07\x84\xa7\xa4\xfe\xe1\xf7\xfa]u#\xbe0;\xfa\xb0\
\xe7`X\xeeu|\x5crW,\x9e\x09\xca3ny\
M-\xaa\x10yi~\x0c\xd7\xcd\x0f\x08M\xc0\xe9\xe0\
\x084\x84\x068\xe7z\x05VU\xb3P*n\xde\xaa\
s\xcf\x03\x83C\xf0\xd6\xe7_\xa2\xc9\x98\xf1\x18t\xc5\
\x0f?\x85\xc4\xc9\xfc\xe7\x80h\xd9\xf2\x8fB'\xc2K\
\xad\xd6\xab\x89\xba\xba\xba^\xa7;\xe9\x07\xf6\xa7\xf8N\
0\xee\xb7h\xab\xaa!\xf2\xa7W\x82CE\xac\xa4#\
\xf9Y\xbc\xcf\x9f\x91\x0ed<\xc2\xf9HQs9{\
\x9e\x88\xcdLs\xf1TxM\xee\x0d\xe5xk\xc7\xc9\
\xd3\x1f\xea\x9d\xa5\xe7]d\x98\x84\x96\xac\xde\xc3T\xf4\
2\xfce\xdbD~\x0f\xcf\x9b\xcd\xca\xcb\x87\x8e\xb5\x0d\
v\x1f=\x01\x0f\x1f\xdf'\xde\xc3\xb1\xd5\xfc\xa3\x1a>\
\xc0\xfb\xf9\x0d\x8e\xfd\xf5\xbb~\x227\xd3\xdf\xb4a\xb0\
\xff/\xeb\x95\xd1\x85|\xc1\xf1\xf6.\x98@\xbe\xe7\xc4\
\x13g1~\xb7N\x9d\xf5F\x8c\x0f&\x92\x8f\x90R\
\x15\xe7c^c\x9b\xc0\xf35x\x86\xf3\xec\x88\x04\xb9\
{\xa2\xfc\xd2\xb3`\x98\x9e\xaf\xa0\x13\x12R\x09O.\
Y\x89\xe1\xf3\x7fC;\xf2ke\xbd\x06fdsN\
aBz.|H\x0f1?\x95\xd3Y\x8bY\x12\xdc\
\x7f\xca:@s\x1f\xf2\xff\xc4\xfd2s\xd7)\x89y\
x\xdd\xc5}`\x8e\x98\x9e[\x88_\xe9\xf7\x0b\xaa-\
\x9eq\xfb\xed\xb52\x91S\x10w\x8c\xae\xdf(\xf4\x00\
\xe7\x05}\x13\xeb\xbfF8\x91\xf4\x98\xc6\xb1\xc7\xcfq\
\xe2\x1aj\xae\xff\x1f\xbb}7\x0a\x8bK\xc4\xde\xdd\xbd\
_I\xbeL\x5c\xd5\x8a\xc5\xf0#\xd60>k+b\
\x22_\xff0\xa7\xce\xd7\xea\xcfs\x026l\x14\xb1\xd3\
\x05\xd6\xe7\xf0\xe5\xea\xf5\x22\xb6\xe0\x11\x1a!\xcb\x95\x98\
\x1e\xc7\x07g\xcfc\xa8\x9b\x9f\xac\x0f\x80\xb0;\xd7!\
s\xbe\xb4\xfd~c\x81\x93\xc2c\xe4c?S\x89W\
\xb8'\xc8\xa8Z\xfc\xfe\x80\x87\x9f\x88O\xb0\xfcsL\
\x93\xb1EH\x5c\xfc\x9f\xde\x97[d\x17\xb8\xbe\xe3\xe3\
=:\x98\xa6\xb9\x17\xe7\xaf\xb8\xa1\xb0\xa8\x88|\xa0B\
\x98\x1f>\x8c\xa9J\xaaO\xf4\x1c\x8c\xcf\xd4\xec\x0b~\
\x19K\x96\xcc\xe8\xd4\xa0s\xfd5&\xc6\xc9\xcd\xf5\xb6\
Y\xde \xf2\xcf\xfb\xaaim\xf3\x97\x9e\x13\x92\x9c\x82\
\x11d\x832\xf3\xf2\xf0\xcd1k\xb4\xd76\x10\xb5\xbc\
|\x0f\xe5`\xc2\x8e\x86aqBv3\xe8\xbcF\x91\
]\xaf\x8e\x19\x99\x7f\xf7\x1f;\x81\xe5{\xb4\x1f\xf6\xe1\
\xf0c\xc7l\xd3\xc2\x5c\x8b\x93\x18D8\xbc\xbf{ \
r\xab\xf2\xc8w\xe8o\xbd\xaa\xe6G\xf1\xcc\xf1\x0e\xa4\
\x03\xfe\xc8Ga\xfaB\xcfT\xc44\xbes\x95\xc5\xc7\
GE'b.d\xb3ly\xcd\xab\xfa\xf9It\x12\
\x9a\xff\xef'Q3 \xbbkp\x83l6\xb6\x8e\x09\
\x92\xf2\xf2\xebu\xef\xf9\xfb\x8fR\xdf\x81\xe2\xd2\xd2:\
s0\xcb\xf7\xe9`\x8e\x9a\xba\xc2\xdf>!\x7f\x9a\xfb\
\x22\xfb\xfa\x84\xe3:\xe1\xb5\xbc\xfc\x02\xb4\xdf\xad\xf7X\
\xdfe0\xe7W\xf7\x19\x08=\x9b\x9c\x9f\x8f)\xeb6\
\x88\xcf\x10\x14%\xcb\x0d\xb6\x22}<\xd67D\xc8\xec\
\x10\xb7\x00\xf4v\x0b\x14\xf9\x04\xce\x07r\x1e\x95\xfbA\
\xfb\xd3\xfe\x9cq8\xff\xf0\xfe\x9e\x01t6\xfc\x9aW\
\xc3\x1e\xf5[\xf3=P\xfd\xb8\x8f\xf0\xa2\xbb\xac\xffx\
\xad\x0an\xfc\x85\xfb\x80\x95v\xec\x84O\x1dx\x81m\
\x7fO\xa3\xc3O\xd4G\x8b\x8e\x0fU\xf0\x01\xd4\x0d[\
\x8ci\xc8\x9a\x9f\x9a\xef\x9f\x9e\x91\xde`>P'\x95\
-\x7f\xb9'\xce36\x1e\xa3\xc9\xae\xb7'L\xce1\
'\xae\xa7{\x87\xechK\x92#\xce\xb1\x0dN\xcc\xc2\
\xf7\xbe\xe1(\xa86\xbf\x97q\xc1\x9c\xdd\xda8zF\
^\xdf\x14\x92\x8d[\x1d\x12\xfb\x90\xe7\xa3\xf3\xafa[\
\xe4\xa3\xfbD\x97\x05E\x09<\xca\xf1+\xae\xf3\x8dM\
\xcbx\xecg\xe3\x9a\xf7\xb1U\xb3C\x8db\x92\x85o\
1((F\xcc\x02g\xfc\xcfw\x82\xf0\xac`\xaei\
\xe5\xda7\xc6\xaf,\xef\xdck\xcb5l\xa2\x7f\xf5\x92\
7\xfa\x91\xce\xb9~\xb3~\xf3\x82\x9ck1\xba\xaa\x88\
\xaby\xc6\xe7\x82\xd5k\xb0Z\xdf\xa8V\x7f\xde\xefZ\
\xa9\x88\xa1\xbbGD\x89\xd8`\xc7I\xd3\xf0\xe1\x84/\
\x1e\xfb^\xc3\x08\xe3s\xce\x94\xeb\x82\xb9\xb6\xe0\x0bU\
\xd9\x9d\xaa\xd6\xde~bv\xfb\xf7q)\xe2\xee\x85\xde\
\xbb\x0e\x88;y\xde'} \xeeuY\xbcB\xc4R\
8\xa7\xc8>X3\xee\xbd\x22L0\x80\xf0@k\x0d\
-\xb4#\xbd\x93U ?k\xe5RB\x8a\xa8\x0fo\
\xf1\xfb\x0a\xac y~\x18\xcb\xa0\xf3\x15\xf5\xc9\xf4\xfa\
w\xab\xe6\xba\xd4$S\xc22\xe6~\xb5\xdf\xfb\xb0\xd8\
\xec\x08\xf6\x07=\xd9\xd9\x0e|\x9f\xb2\xbaY\x0f\xf9\xf9\
\xa0\x9a\x9fg6\x94\xfc\xaf\xde\xf5\xe5p9\xeco\xf6\
A\x83\xc6@\x0c\xfcC`\x15\x19\xfb\x97\xf6k\xfc\xd9\
\x0b\xa2\xe7\xab\x0b\xe1\xc6i\xa9\xd9\x98\x96\x96\x8b\x19!\
\xd1\xd8\xe1\x15\x00C\xe7+hA\xfc\xd4[y3\xbe\
\xd2\xda\x8f\xfd\x96\xa7\xa1j~\x18\x9d7m#\xbd\x1e\
\xa8(\xaf9y0\xa9v\xa6e7nbf\xc6\xa3\
\x990N\x199\xe8A~\xaf\xec\x8e\xeb\x1d0s\xbc\
T\xe7g3\xbdx\x09\xb3\xf2\x8b\x1f\xd6\xa10\x7f\xf5\
\xe1\xd9\xa0\x01Qb>(\xdf_\xc3y)\xceg\xf1\
|\xaa6\xdc'\xcb}\x89\xc7\xcf\x88\xfe\x03\xaeO\xe6\
\x1a!\xbe/\x84\xe3\xeb\x9a\x87\xea\xb7\xe7\x9a\xf3\xa9\xdb\
\x02\x15\xf99,<\x1c\x1d\xc9Ow\x8d\x8cV\x88E\
\xb0\x8e\xcc\xaf\xb8\x81.[v\xa2\xf9\x8f\xf3\xc4]\xa8\
-HF\xff\xc8&\x0e\xd3\xdcW\x15G\xd9\x8b\x22\xc2\
\x1c\x8b\xf6\xeb\x8b\xdf\xab\x99\x1eB\xf7\xc3V\xe8\x7f\xda\
^\xf4\xf0E\xc5\xc5!\xbf\xb0P\xd4\xf4\x8a\xda*\xd2\
\x8f\xec[p,\x8f\xb1\x03\xc7\x04\xd7\xa8m\xc2\xc4]\
\xda\xa2\xb6\x82{\xb2m/\xb9(\xda\x08\xd2\x01\xed\xd5\
5E\xdeF\xdf\xd4\x0csu\x0c\xc5\xe39\x87\xc3q\
H\xce\x07v>z\x06'\xbc\xfd\x15\xbe\x9f\xf9U\x0f\
\xa8\xfa\xc9\xc7\x99\x94\xcf\x9c\xc3\xba\xa8\xa4z9\x07S\
\x9be\x0a=\x81\x0d%\xffj\x86]'\xc9\xc5\xfdm\
\x97\xa3\xa1i[V>\xc2\xb2r\xff\xd4c\xcd\xc3b\
d3\xff\x09\x0b\x0eZ\xa7\xaa\x10+\xf0\x0e\x8f\x14u\
9\xcd\xa6\xceD[\xf2\x0bV\xee\xde\x87\xac\xec\xec:\
_\xef\x9b\x0bW\x1e\xd6\xba= \xdd\x90H\x5cJ\x94\
\xc5\xf9x\x86\x0c\xe7\x91\xf9=\xfb\xab\xef\xa8\xf55\x9c\
=<\xd1\x8fp\xfe\xf6\xab\xde\x0ar0\x9fsW\x5c\
s\xcas.\xd8g\xe6\x1c\x1a\xc7\xcd\x09\x17p\x9e\xb1\
+\xd7\xaf\x98\x1c\x15\xaf\xdf\xe9\xb0\xb5\xa8A\xe2Z\xe1\
\x96\xab\x95EoM`\x5cB\xbd\xed\xbbC`0\x0e\
\x85F\xd7\xfa\xb7C\x11\xb1\xb2\xdc\x19\xf9S}]\xb9\
o\xdf\x0f]\xf5\xcd\xd1Ni\x13\xfay\x04\x0a\xf9\xe4\
z^\x9e\xc1\xc39\xc4?\x92\xffO\x1c\x5cD\xed0\
\xf7\xe3\xac24EB\x8e\xec\xbcW\x1b\x9b\xe3\xa3\xd0\
\x18!\xfb\xcdg\xcf\x13qYG\xdaO\xf6\xf7y\xf1\
<1\xce-r,\x95\xf7\xe9*a\x0ea\xe3\xbd}\
E.\x82u\x0a\xc7Of\xeb\x19\xc3#8D!w\
\x11I\xfb\xd7d\xe2$\xbc\xf5\xe98Q\xa3\xcdx\xa2\
;\x9d9\xc7u\x19op\xcc\xe5\xdb\xcb\xde\x22\xee\x5c\
\x9d\x8e]r\xc5)\x0f\x19\x8e3wr\xc1\xfa\xb8\xfa\
\xc3\xc4V\x0eG\x14{\x02\xf7}\xde w\x06\xab\xe8\
\x0e\xb9_\xfd}O\xd9\x9cjp\xf9g\xdeQ\xca\xcc\
CTn\xde\xe3m?\xf9_\x03\xec\x9ces)h\
\xf9\xd5\xc8\xf9\xdb\x87G\x8b\x99\x81\x5c7\xc29\xe1\xa6\
\xa4\x03Z\xce\xfa\x01\xef\xadRB\xa7\xc9\xd3\xb1e\xb7\
|\xcf\xc0u\xb2\xf5\x0b\x03\x14\xef\xf8\xe1\xba\xd2\xe99\
E\xe2sq\x8f\x00\xc7\x93XV\xbf!\x7f\xb8\xfag\
\xde\xaco\x88\xde\xe4\xaf\x7fH\xf2\xa0\xe9\xea\x05\xcf\xd0\
p\x85;\x91\xce\xe6\x16\xa1\x17\xe9\x0f1\xdb\x86\xfc\x08\
\xf6o9\xb6\xd5\xd1\xec\x84\xc8-\xb2\xfcs\x0dz\xc7\
C\xa7d\xbd\xc2\x9a{\xd1n\xaf\x81\xf0_\xb9V\xa0\
?}\x97\x8a\xbf\xe0\xbf\xfe\x15\xff\x7f\xb4\x93\x07\xb2j\
\x99\x81\x13\x92\x90(fsX%\xa4\x8a\xfa\x98O\xc9\
\xeeu\xe6\xf9\x89\xe4[\xb1O\xfei\x5c\xaa\xa8\x05d\
y\xeaC\xdf\xe1Gm=D\xfdA^d\x84W(\
>\xb3wD;\x15u|HX\xecA\x9cv\x85\xf1\
!\x0c9j)t\xc9\x8as\xb2\xfa\x03\xcd\x83\x16B\
\xbfp]u_\x8f \xb1G\x9c;\xe0^\x1d~\x9e\
oX8\xfa\x1c:)\xf0\x12\xc7l\xb9\xb6\x90g\xaf\
\xbc1r4\xfa\xaan\x11\xfdXr\xb2lg/\xfa\
\x0b\xb8w\x94\xe7\x89\xf1Y\x08\xf9w\xf2\x94\xdd\x0bC\
\xdf\xad3}\x8fA\xa7\xec\xf0\xad\xf91,\xd8\xb5\x17\
=\x7f^Hv\xe1\x16r\x08\x8b\xfc\x1c\x9dZ\xaf\xfc\
_RZ\xa2 \xff\x9b\xcc^\x1bW\xffy\xbf1\xaf\
\xd5|\xdf;w\x9f\xce\x8c*>\xd7\xefS\xb2PX\
Zw|=23\x1b]\xc9gf\x1b\xf2\xa3\x92|\
}B\xc9\xf5\x0a\xf4\xb0q\x123\x03{\x9cw\x15\xbc\
y\x8c\xb0:\xcb\xe97\xfbt\x85/\xc9\xbf[\xa7\xb9\
\x0b+\xf7\xeb\xc2\xd8\xcaZ\xe4\x11\xb6\xd7\xd2S*p\
\x7fb\x0av\xc4$\xd1\xe7\xaa\xac\xaa#;\x83\x90\xf8\
\x84\x87q\xcb~\xba\xa6\x18\x16\x91\x8cP\xaeU'\x1d\
a\xee\xe1\x8b\xaev.\xa2\xd6\xbc\x1b\xf1\xe0 \x92\x93\
I\x84\x17\xf4OZ\x89{Ex\x1eN'\x8bS\xa2\
\xe6\x9d{\x00~\xf0\x0a\x11\xb1I\x96\xc3\x84\xa4d\xac\
 \x1c|\x88\xf8\x94k^:U\xcd,\xe39\xa7\x5c\
\xc7r\xc2\xdd\xeb\x89\xef\xb7Sx\x14\xd4\xb3\x15g\x94\
\x96\x90\xfej\xc33\xb6\xa6~\x83\x8e$\x93JFf\
b\x0fC\x92SE\x9f\xee\xd8\xd8TQ\xdf\xdc\xe2\xb7\
\xa5\x18J\xdf\xf3\xce\x1d\xd9w\xf8\xeaZ\xf9csc\
\xfd\xc9\xf7\xe7\xbe\xdb\x8f\xe2\xd2\xd0u\xd9\x9a\x87>\x92\
\xda\xc5\xcb\x18L\xe7\xc3=\xba\x1an2{\xbbd\x8f\
\xb6\xac.\xe2\xb4\x03\xfa:^\x15\xb3\xc0X\xd6w\xf9\
\x86\xc05(\x18]x\x16\x1b\xe1\xf8n|\x07\x98\x8d\
l&\xe4\x8aSg\xb0\xd1\xe4\xa0\x0c/\x10\x96z\x9f\
\xf4\x8c\xdeY;\xf1\xd9D}\xb8\xedy\xa1CX\xff\
\x8a9d\x5c\xc7\xec\xe8.\x9b5x\xfa<\xed\xb7\xd5\
\xc3Y\x83f\x0e\x17\x1e\xc6\x06\x0e\xda_\xc0\xc5\x88\xe8\
z\xe7\xff-\xa6#j\xd4\x01\x0c\xbeQ\xdf\xf2\xaf\xac\
3t\x94|\xde\xef\x93\xa7Z\x0f\x11\x9d\x9a\x8e\x9da\
Qu\xfe\xdd9\xa7\x00\x1d\x0e\x18\x09\xde8buZ\
\xeeo<\x07\x80sg=\x8f\x9dF\xaf\x13g\xc5\x9c\
\xc8\xdcB\x99\x1fo\x13\x12.z|\x99oy~\xdc\
\x1b\x1f\x0d\xc7\x9b\xa3\xc6\xa0\xdd\xc6\xad\x18as\x11G\
O\x9c\x10y\x9f\x07v\x91\xef\xe8d}4?\x22\x1e\
\x17c\x121\xc7'\x14_]\xbc*\x8b\x8d\xdd\xbe\x8d\
\x9e&G0\xef\xc2e\x85\xf8QjV6:\x99\x1e\
\x15\xd8\x84cZ\xfc9;\x93>`{\xce\xb5\x05|\
O]\xbf\xc0h\x8c\x8aH\x80aB:\x0a\xaa\xe6O\
q<{\xd1nm\x98_t\xc2%\x92I\x96{\x9e\
e\xf3\xe0N\xec^W\xfdE\xbd\xce\x93\x22\xaeaX\
\x94\x91\x8b\x1b5\xe6\x941^\x9e\xeb\x17.f\xa7\xf3\
\x1cD\x9f\xf4l\xd2\x93g\xb0\xd7Q\xe6_otp\
\x84AT\x02\x92RSq\xe3\x86|\x9d\x06\xcf\xda\xea\
G\xb2\xa5ck/\xe6j\xd5\xf4\x07\xba\x91/\xce3\
\xfb\x9aM\x9f\x85\x0fI\x9f\x9e\x0d\x8d\x14\x8fQsq\
G/\xcd=\xa2Oo\x91\x9d\x93\xf8\xddP\x8d]\x18\
\xeb\xe6\x8b\x0f\xc9g\x10=\x13\xa7\xcf\x0b\x1d\x10_X\
\x8c~$\xef\xac?\xdfS\xd1@7\xee[\x22,\xc5\
\xb5\x02\x5c\xbf\xf1\xce\xff\xe6\x88\x1a\x84\x96\xe4\x1br\xde\
\xef\x8d\x11\x9f`\xf46-1\xa7\x91\xbf\xdbI\x9f@\
\xd9\x1cR\xbe\xdf\xd9\xd5W\x86\xc5\xce\xc9f\x0dr,\
\xb6'\x9d]T\xaa\xfc\xcc\xf6\xdd\xc7N\xc2;:\xa6\
\xdey\xff\xa0\xdd\x9a\x1a\x18\xe0\x95z\x8f\x01l4\xec\
\x22\xd7\xeboa\xbf\x0eO\x9b\xd6\x92\x1c\xd7\x15\xf7\xbe\
\x9aW\x88N\xbb\xb4E\x1f\x89E\x8d8\xdc\xf1\xe4L\
\xe1C\x8f\xbb\xea#\xeaF\xa6o\xd9\xfe\xf0oZ\xe4\
\x973\xcfpM~\x8b\x05\x8bd5\xe7\xb4\x9a\x13\xc6\
\xe3\xdc\x1e\xc7\x94?\x98\xfe\x0d\x5c\xc9\x1f\xeeN\xb2\xcb\
ul=\xc9\xbe\xf5X\xb4\x1c\x93c\x92\xd1\x9b\xec\xf6\
i\xdf\x00\xa4dd\xa0\xdb\x8f?c\xf8\xc1\x93u\xce\
C\x0b\x8a\x88\x94\xf5\xfa/X,\xf0\x06\xf7\xa6\xb0\xcf\
9$\xb5\x10\xc3\x8a\xee\xa27\xf9\x9e\x1f\xc7\xa6a\xcc\
\xcd\xfb\x0a\xf2'\xfc\x0aZ\x8b\xe23E\xdd\x1a\xc7\xbb\
{\xb8\x07\x8b9\xa43\xcf\x9c\x7f\x22y\xa7\xf0\xa4\x14\
LH\xcaDQ\x85b/\xfd%\xfa\xfe\x8c=\xb8\x1f\
\x97e\xea'Wo\xa1\x0f\xbf8l\x89\x82\x92\x12\xcc\
/(ylm\x12?646\x16j\x87\x8eb\x08\
\xe9\xdb\x91\xc6\x160w\xbe\x8c3\x17\x1d\xd1\xe2\xa7\x05\
\xa2\x87\xe2\xedI\xd3\x85\xee\xf8U\xc7\x10\xe3B\xe31\
\x88\xfc\xa7\x9e\x87O\x8a\xb9,=\x08\xd3\xff\x1c\x12\x8d\
\x89\xa4w\xbb\x93.\xe7\x98\x1f\xfb\xe7\xdc+\xe9I|\
q\xd27H\x9c\x17\xf7\x22wwt\xab\xba\xdbY\xd6\
\xb7\xd8e\xbf1l\xcf\x9f\x17\xba\xc7=2F\xf4\x18\
\xf0\xb96\xee\xd6\x03\x0b\x0dL\x1f\xee]1\xf93[\
\x88\x1fd\xbd\x0b\x01B\x0f\xf4\xa5\xd72\xa3\xd7.\xbb\
\xae\xb8'|\x97\xe9\xc6\xe0\xa8z\xe7\xfb\xd3\xe7N(\
\xde\x13\xa6=\xa6^\xfb\x81\x94\xb4G\xde\xae\xfe~\xd6\
\xb6'\x9e\xba\xfc\x9b\x16\x16!\xaf\xa4\xf6\x9e\xd8\xb4\x9c\
\x1c\x11\x13f\xec7\x7f\xef\x01\xb9\xbf\xe9_p\xc6`\
\xb3#\x18|\xea\xac\x98\xcd\x19\x10\x1b\xff\xd0\xa6\xf5\xb2\
\xbb$j\xce\xd8\xc6\x88\x1e~\xee\xe5\xa55j\xd12\
Y?\x0f\xf9\x0d\xdc\x8b\xc6~\x05\xd7\xb1\xbe5v\x82\
\x88k\xb7[\xab\x826\x84\xe3\xfby\x87\x8a~\xb9\x81\
b\xce\xd5Y\xec01\x13\xb5ku\x9e%\xf1;\xcf\
\x04\xe8|\xc0X\xcc\xf8\x1a}\xbd\x12\xfdI\x96\x86\xc6\
&\xa1\xc71k\x0c\xf4\x0b\xc5\xe7\xf7*\xeb\x9c\xfd\x95\
^q\x0b\x03\xa2\xd3E\xcc\x8b\xe7\x14-\xa7\xe7\x14\xdd\
\xba\xf3Dd\xff\xb3\xc8d\x5c\xab\x85\xcf\x19\xf7w\xd6\
\xdc'z\x16\x9b\x11\xee\x17}\x8a\xe4w\xf3\xacd\xf7\
\xf8$\x8c\xb4\xb4CHF\xf6_z?\x9e\xffs\xf0\
\xa23z\x12\xcef\x7f\xfe\xedI\xd30\xe6\xa7\xf9B\
\x16YW\xfc\xb0x\xa9\x98\xdf\xd8\xed\xa8\xb5\x98\x91\xc0\
\xb1O\xd6\xd1\xdc\x97\xc0\xf8\x87\xb1\x14\xd7Ct49\
\x86\xf0\xf4Ll\x0b\x89\x11\xaf\xd1\xd7\xea\x1c\xfa^\xf5\
\x13\xfd\x8a\x0f\xeek\xbdVm\x8e\xf7\xd5\xb8D\x11+\
\x9c\xb5\xdf@\xccf\xec\xb7|\x0d2\xaf\xc9\xcf\xfad\
\xff\xe3N\xd5z\xdclK\xc6f}i\x1fn\xd6s\
.\xb6\xd6\x18\x80\xc9+\x13\xebm\xce\xd7\xbeY\xaf\xd7\
\xec=\xb8\xf3\x0c\xcc\xa7^\x96\x92\x89\x1b\xb7\xea\xbe'\
ogb\xba\xc0\xf1-\xc9\x8e\x17\x16?\xeaO<\xea\
\xed\x87\xb1>A\x22O\xdf\x9ap7\xd7\xe03\xc5\xe7\
\xe6\x8b\xd9\xb3\xecws-\xb9\x98\xdfI\xf6\x9d\x7f\xc6\
\x13\xd6c?\x81q:\xf3\x0b\xc7\xe78.\xcf\xf8\xf0\
kg\x0f\xd1+\xc2\xbd\xed,\x0b\xcc\x97\xcd\xe7-\x14\
3|\xdf#\x1e\x9c\xab\xb6\x19\xc3~]\x84\x99?\xfd\
\x5c\xab]\xe6\x1e\xf7\x07\xb5B\x97\x09\xbbs\x8c\x8a\x17\
\xcf\x02\xe4\x1c\xbf\x96\xd3\xe5\xc7\xee\xc3\xd1\xec\x22,\x8f\
HDHL\x0cV\x1e\xd0\xfb\xc7\xfb\x9aNvl\x84\
\x7f$\xf2K\xeb\xbe\xb3\x9dm'\xd7\xfa\xb3\x9f\xdez\
\xd3\x0eQ\x97gx\xca\x1a\x0en\xee\xf8m\xff\xdf\xff\
\x0c\x0f|\xef\xb7g~\x07o\xff\x009\x7f\xe3\xe89\
{\xf4s\xf5\x91\xdd)$f\xa3l\x11\xe7\xd4\xc5\xf8\
(T\xacm\xd1b\xc9J\xd1Ge\xee\xe6\x85OH\
G\x8c!\xbfk\xc4\x15_q\xa6\xdc\xd3\xcf\xcb\xae\xc6\
\xfc\xc7}\xde\x81\xa2\xef\x7f\x1a\xf9i|6\x8e\xe4\xbf\
[{\xfa\xfc\xed\xcf\x9f\x96\x99\x85\xaf\xb4\xf5\xebu\x06\
.\x7fN\x0d\xb3\xd1\xf29\x80]\xe3J\xeaK\xfeW\
l\x9c:L\xce\xf77\x1f\xf6T\xe5\x9e{x\x8e\x5c\
r\xc5\xd0sNX\xec\x1b\x82\x95\x09iX\x19\x97\x82\
\xc5^\x81\xb0\x22\xec]X5\xd7\xbb\xe4\xe6-|J\
\xbe!\xf7|\xbaT\xf5|y\xa4ga\x9a\x7f\x98\xc0\
\xddl\xd79\xf6\xcf>*\xc7\xe5\xbe\xf3\x0e\x11\x18\x9c\
\xe5\x9fkO;\x90\x9c\xb3m^\xbb{\x1fB\xb3\xf3\
D\xbc\x8e\xed\xac\x98\xfd\xad\xa1%\x9e\xcb5\xb9\x5c\xd7\
\xc2\xb9\xa8\xceGN\x0by\xe5\xfbH\x987y\x86\xdc\
\xde\x83\xb2\x1a\xb0\x09\xfb\x0d\x85\xac|<\xe3\x9b?\xc4\
\xe6J\xe6\x87\xabf\x8fn\x11\x98#\xfa\x0f\xea\x88\xc4\
\x9dC\x0f\xeaN\xb4ua\xe4\xee\x8d\x1fI'm\xb7\
\xb1\xff[5\xe8\xf3\x9d\xdd\xe1\x95\x9a\xf1\x87\x8fKH\
K\x13u3\xcd\xbe\x9f+\xe2\x00\x83\xe6\xfe\x8c\x9eN\
\xee\x08\xcd\xfd\xfb\xf7\x19-9f%\xe4\x9f\xf3\x7f%\
5\xe2\xbb\xc6\xd6g\xf1q|\x1a\xf9\xe8\xe5\x98\xe6A\
\xfa\x9bd\xdd\xd5\xc7\x07K\xa3\xe2\xc4\x1e|w\xc0P\
\xecW\x0f\xf2\x85\xbe\x8a\x8cG/+{\xe1\xafw;\
wY\xc8\xfe\x22\x9f\x10\xb9\x9a\xefD\x92\xd5\xfe.\xde\
\x02\xff\x9b\xb9\xc9\xf8c\x8d\x93\x1b\xe6\xef\xd6\xfeG\xfc\
\x19\x9b\x98\x84a;\xf6 -+\xab\xded\xe0\xd0\xb9\
\xf550\xc0\x7fQ_\xf7\x83(\xeb\xf4\xfb\xa6\xfa{\
q\xfc\xa1\xa1\x89\xeb<\x968\xbb\xe1\x8b\x90x\xf4%\
\xbb;\x8et{\x18\xd9\xcab\xb2\xff\xe5w\xee\x8aU\
@X\xd51*\x16\xdfz\x04b&\xc9\xf2\x19o_\
8G\xc7\xa1\x8b\x85\x15\xc6(o\xc2\xaa\x94,\x1c\x0c\
\x8f\x11\xf3\x80:\xadQ\x16>&\xf7\xf2Z^t\xc2\
O\xc4/\x5c3\xc2s$X\x07p\x1d)\xf7\x9er\
^i\xa3\xab\x17Fy\x06\xcbfWr\xfe\x87sp\
\xa4#\x9a\xcd\xfa\x1fz\xcf\x91\xd9t\xaf\xf8\x04\x0c$\
\x1b\xccqE\xce1\xf3L\x5c\x8e1|\xab\xac&\xc3\
\x16\xa4c8\xaf\xc4\xb3\xa9/\xb8{\xfeq\xbe\x8d\xe4\
\x89\xeb|\xb8\xe7\xa7\xb0\xf4\xcf\xcdT\x8d\xa3\xfd\x18\x1d\
\x1c'\xe6\xe8\x96\xd3\xbe8\xfb\x07B\xd7\xf9\xaf\xcd\xac\
\xe6\xd8\xe1\xfa\xf8\x8cZuT\xf9\xf5\xebp&=\xaa\
ks\x0e\x9b\xec\x9d0\x80|\x16\xeesh\xad\xa2!\
|r\xceQ\xb2\xbfU|\xbd\xe2o\x9f\xf3\x17\xe7/\
\x8bX\x1b\xdf\xe7Q\xb3~\xda/$\x04\x93\x133D\
\xce\x95\xf3!>\x09I\x98J>9\xcff\x9e\x17\x95\
\x8a\xcfh\x0d\x89N&\xbf\xe9\xb4\x88\xcfs\xbe\x8f}\
\x02\x9eW\xb6\xc4/\x0c\xb7\xab\xd5\x8e\xf2|\x80\x89!\
\xb1\x02\xcb\xb1\xaeO'\xcc\x9f\x9d\x97\x8f\xf6\xe4\xd3\x0d\
\xff\xdf\x9c\x7f\xcc\xaf\x8c\x8f\xb8G\xd1?\xfc\xd1\xcc\xd6\
4\xd2\x97J\x9b6\x93\xff~\xee\x1f\xe3\x83S\x8e\xbb\
\x14|\x80\xdf\x97O\xaf\x97\xb9\x80\xca\xba}\xd6W\x7f\
\x9fc\x1766\xa8\xec\x87\xc7\xc6a\xf09\x17q\x87\
\xc4&\xbf\x10,\x8fMV\xa8\xc3\xa9\x89\x8f\xf8\xae&\
\xbb\xc0\x10\xac\xbb\xe4\x0e\xe5\xcb\x9e\xf8\x92\xf4\xfc\xca\xa3\
\xa7\x1e\xda\xc3\xd3^\xbeb\xbe\xeb\x07\x96\xb6\xf8*0\
\x1c\xed5\xf7\x12\xae\xfcU\xc4\xf9:\x93\xec\x8bz1\
\x92\x7f\xf65{\xd89\xcbf\xddYU\xdd\x0dJ:\
\xa0\xcd\xb6=\xc27\xf8\xe8\x97\x85\x84\xbb\xe9\xf3\xd9\x5c\
@Wz\x1c\xe7\x97\xde[\xa3\x22\xea\xff\xb8~\xed\x93\
\x0d\x9b\x1eb|\xbe\x9f\x82{w\xc6*o\xfa\xc3\xef\
\x1c\x15\x1b\x8b\xf6\x22\xde\xe0\xa8\xd0\xcbZk}NX\
$F\x92n\xd4>c\xf7\xf0w\xdc\x1f\xff\xf3i\xfb\
\xbf\xb4\xd7>\x84\x8f\x8e\xa5\xe5(\xfc\x9e\xe7\xd0\xcdX\
\xb5\x96\xb0R\x1aB\xab\xee\xda\xe5\xfe\xbc\xa6\xe4\xdf\xb0\
\x1ee=\xc5\xbdw\xfc\x9d?\xd31BvN\xce\xdf\
:\xebq\x9e\xb2\x99!\x5c\xe7\x5c3\xe6\xc1\xf5~3\
#\xe2q\xadZ\x8d\x03\xcb\xd1\xf2\xb3\x0e\xe8\xc4w*\
\xcd\x99/j\xa3\x19\xdbq\xfc\x86c\x02\xdd\x08K\xfc\
di\x83\x88\xaa~ \xb6\xff\x87\xc2\xa31\xd1\xd3_\
\xc8=\xeb,]\x17Y\xbe\xe6\xa4\x8b\xab\x889n\xda\
\xbd\xf7\x89\xf0mEE\x05>\xa2\xcf\xe3x\xd5M\xd4\
\x955\x1d:\x02M\xbf\x9c$\xe6C\x8d:b\x85\xeb\
\xff@\x05\x5cq\xbf\xa4 \xff\xca\x86\xfd'\xd5\x87\xfc\
o\xd8?\xe2N\xf5\xf79ko\xdb\xa0\xf5>SI\
\xf6\xe2Iw\xfe\x94\x94\x01\xcf\xac\x1c9\x0c\xf7\xa7\xe3\
K\xf7\xee#.7\x0f\xe3\xce\x9c\xc7\xac\xd08\xcc\x8a\
MA?\x92\xd9\x1e;\xf7\x89Z\x1a\xc6\xf9l\xb3{\
\xcf\xfe\x09\x16W<\xc4\x1c\x0f\xce\xcd}J\x98\xa3\xef\
\xb9K\xa2?\x94\xe5\x9e\xe7\xdds\xdd\xad\xb8[j\xd6\
l\xb4%{\xf7Cj6\xf6\x92\x1f\xf9\xe0\xfe`1\
\xcbC\xeb\x80\xb8\x0fk\xf0nY\x1dPvA\xa1\xc8\
+poP7\xc2\x05\x7f\x86v\x1a\x18\xa1\x8f\x7f4\
n>f\xe6,\xcf\xa3\xdd\xe8\x1d\x04\x1d\xfa>\xa7\x9c\
/\xcb\xdd\x19\x12\x18\x15\x8d#\x81\x7fmf\xb8U\x5c\
\x12\xdc\xd3\x15qk|r2\xce\x9e\xbf b|c\
6o\x13w\xfb\xf0\xac\x92\x9eW\x02\xc4l/\xaeA\
\xea\xe6pE\xc4\xd7\x07\x1e\xb6\xfc\xdb\xf1\xa1\xe9>\xa1\
\xe2\x9e\x8fo\xf5M\x15\xfe\xc6\xf7\x89\x7f@\xbe[\xc1\
\x0d\xf9\x1a'\xedS\xd6\x88NIE*\xe1y]\xf2\
y6\x9f\xb6\xc3\x16\xbb\x8b\xe8\xeb\x1e\x84ng.b\
\xe9\xa9\xb3P:C\x98%8\x12s\xc8W\xec\xa5c\
,\xfa\x05;\x92\x1f\xb7\x9a\xefo%\x5c\x10\x93\x9c\x82\
\x8e\xcb\xd7\xa0\xef\x94\x19\xc8+xr\xf7\xb1r,\xb0\
\xd7\x0f?\xa1\xebg\xe3\x85\x9e\xecL\x18shV\x19\
>.\xbe\x07\x97\x1b\x7f_\x01p\xccJ1\x06\xd8d\
\xfa\x13\xef\xf9Q\x9f\xfc\x86\xfc\xfb4\x16z\xad\xa1\xe8\
&\xd9\xf9A\xbb\x0f\xe0\x13\x8d]H\xce\xc9\xfd\xc7\xaf\
\xc7v\xd878\x04_,])\xe2s<\x7f\x9f\xe7\
L\xb4X\xbe\x16\xa6g\xed\xc4y1F\x98z\xe24\
\xc6D\xc4\xa1\x8f\xc5)\xd9]\xdf\xc7\xce\xa0\xcbq\x1b\
\x0c\x9e=\x07\xee\xf4|1\xf7\xc3\xd6I\xdc\xe5\x1dM\
:iDd\x92\xec\xdeP\xd2\x11\xec\x0b\xf3\x1c@\xce\
\xe3\x7f@\xfe\x00\xeb\xb0\x19\xee\x81\xc2\xd6p\x5co\xe4\
\x1e\xdd?\xf5Y\xd9\xb6}s\xd9\x1b\xc9%eu\xe0\
\xa2X|A\x98#,'O\xd8J\xbe\xdf\xb8z\x8f\
\xde\x11\x9f\x00\x84d\xe7\xfd\xa5\xfd9\x12\x9bP\xab\xff\
\xce21Se3\xbe\xdd\xa0&\xfa*2\xc9\x07\xff\
(9O\xd6\xa7P\xd5\xa3\xc0\xf3w\xf8\xae%\xbd\xab\
\x7f\xbf\x06im\x5c\xba\xe8\x15\xeeI\xf8\xa2\xa6\x0f\xc2\
\xfb\xc1\xf5\x005\xef\xe7\xce\x22\xac\xb1\xa2\x96\x99.<\
3x$\xe9\x0b\xce\xf1\xb3\xef\xd5j\xf9\x1aQ\xdb\xd5\
V}'\xe6\x9f\xb2AXf\xb6\xb0%\xdeI)\x98\
z\xe9*\x9a\x8d\x19\x8f\x98\xf8\xf8'\xce\xc3\xdf/^\
*\xee\x8d\xeeB<1<\xaf\x02\x86\xc5\xb7P~\xff\
\x9f\xe7g5\xccF\xca\xe7\x00w\x8cK|\xe2=?\
\xdb&t\xa8\xfe\x1e[\xcc\xdb5(\xf6\xe73\xff\xe0\
\xf4yD\xc5?\xd9\xdav\xe6-\xee\xf5\xe4\xba\xcd\x82\
\x1b7q\x82d\xfd3\xabs\x98\xb1W\x07},\xed\
\xd0q\x9f\x9e\xc0\x91\x8c\x0d\xc4\x9db\xa4#\x96\x9eq\
@\xcf\xef~@lb\xa2\x90c\xce5\xf7!\x0c9\
=>\x0d3\xd3\xf20&$\x06\x93Ss0\xfa*\
\xdfae)\xfa\x8d\xc7\x9e\xb2ChZ\x86\x88\x0d\xf2\
\x5cO\x8e5\x1d\xad\xd1GR\xd3\xf7\xaf\xce\xf7J\x07\
\x8f\xe0G\x9f`\x05Y\xf0\x09\x08\xc0\xd7\xf4\xfaE\xd5\
\xe6\x95\xac\x22\x19\xa8\x1e\xef[\xe5\xea\x8d\xbc\xe2\xbf6\
3\xd87\xaf\x10g\xe2j\xef]1\xb3\xb2\xc6J-\
\x196\xf6\xcc\xc8\xc2\xb0\xbc\xeb\x18^t\x07\x1f\x15\xc8\
z\x14\x07g\x96bLl\xc6?\xba\xb7\xf0\xc7\xb8L\
\x81'x\xe6gM\xdc\xc3:\xa8\x8f\x93G\xad1\xcd\
m\xc7N\xd5Z\xf7\x94[Z\x8e\xd9t\xb6\xfd\x8eX\
\xe2\xff\xdc\xbd\x05x\x95\xe7\xb6-\xdc}\xce\x7f\xcf\xfd\
\xcf\xdd\xbb\xbb^Z\x8a\x15wi\xa1H\x8bC)\xc5\
\x8b\x14\xa7\xb8Kp\x87\xe0\x9e\x00\xc1\x82\x87\x10%\x10\
wwwww\x81\x84 \xa5t\xdc9\xe7JBV\
\x8c\x04\x82\x9c\xfb\xf6\xf9\x9e4$Y\x9f\xbd\xd3\xc7\x1c\
s\xfe\x81#\xf0\x8b\x88\x12{\xcf\xd7\x18B6\x7f\x05\
\xf9M\x1d\xe8g\x1c?\x04\x844>\xb7\xe7\x15WO\
\xf4I)D?zF[4.`\xc2\x9d\xc6\x9b!\
r\xe5\x9eJ\x15\xfb\xffE\xa3\xe7\x007\x1e\x1f>\xa2\
\xf29\x0e\x5c\x1e\xf5V\xe5\x9f\xed5\xf3\xdd\x8c\xa0\xf7\
\xbe\x83\xe2\xb2\x9c\x8277\x87\x95\xf7\x04\xc7\xad;N\
\xaa\xa1\xc5\xbcEhA\xbe=c\x01y>5\xf3Q\
\x0e\x9a=\x0fN^^\xd8p\xf5&\x9c#\xa3\xd1\x9a\
b\xb8\xb1\xe1\xb1\x82\xf1\xe3\xfa\x17\xe3\xc2F\xdd\xb3\x82\
;\xf9\x07R\xbf;t\x0a\xf6\x911\x18\x10\x14)\xb3\
i\xd9\xfe\xb7:\x7f\xad\xc6\xf8\xe5\x8a\x855f\x84\xc4\
\xa3_d\x12f\xa5eaWv!T]\xbdq\xc1\
\xe0\x8e\xe0\xd0J*\xf9\x5c\x12\x13m\xd8\x82\xec<\xe5\
y\xf4<c\xa8<g\xce|\x1c\x0b\x1c\x1an\x87\xb9\
\xd7\xe6\xb0\xb9u\xcd\xf5mz>[\xd4\xce\xc0\xde\xcd\
\x1d\xb7\x22\xe30\xe4\xf1\xdf\x18\xfa\x14\x18\xf6\xa7\xe2\x18\
\xfa\xf4o\xecO\xca~\xa9>OM\xab\xbd\xb60!\
<I\xe2(~~\xbe\xd1\xcaxku-m\x8ct\
\xf6\xaaqf*\xf7R\x8c\xa3X\x8e\xb9\x1d\xab\xeaJ\
~\xafQ\x99\xd9\xf8\x96q\xfb\xa4\xb3G\x91/\xd6\x8b\
b\xbaf\xcci\xb8i\x07.\x98Z\x08\x8e\xf3U\x16\
\xe7f\xa2\x92k\xc6\xfc\xb3\x16\x1cD~\xfe\x9a\xf4\x22\
d\x91\xcf\xc21QO\x03\xb3F\xdb\xaf\xb7-\xab\xcf\
\x06i\xec\xd9@\xdbNw\x9dS\xf9\xf3o[\xee}\
\xab\xf2\xaf\xeb\xe0,90\x8e\x9d\xb9\x07\x8bc\xf2U\
'\xd4\xe0K\xba\xfaM\xf2\xdf\xf1>e9-|X\
\x8a\x15\xea\x1a\xd2\xd3\xf2\xe1\xe8\xb1\xc2Cy\x9c\xf6\xa1\
j\x1c\xf9\xa9\x86f\xc2\xeb\xcf\xd8\xbb\xe6t}S\x8d\
,\xf0\xb0,/\x99[T\x84\xaea\x89\x18K\xf17\
\xe7\xca\x18+\xdeq\xf9\x1a\x14\x14U\xe7I\xf6\x08\x09\
\xc34\x1bW\xc9\xf3\xf3^\xe5\xfd\x9dCv=\x82\xe4\
{\xa9w0\xa6\xa5f\xa1\x8f{ 6\x9b\xd9b\xb7\
\x8d\x13f\x92\x7fb\xecV\xbd\x7f\xd0\xda\xd3\x1b\xbe\x11\
\x0a\xfc\xf9=\xbf \xb8\xa45,\x07\x17K~\xcd\xc4\
-;\xd1\xee\xb26\x0eZ\xda\xc154L\xf4N\xe5\
<\xdc#\x8a\x8fF\xadX\x8d\xd1f\xf62k\xe7\xbb\
L\x8a\x03r\x1f\x89\x1f0\xb0\xf89\x823^\x9c\x93\
{\xf3\xb9f\x10M>\xf5\xfeSj\xd8|R\x1d?\
\xb1\xcc\xdd4\x80\xaa\xb1\x05\xf4\x1d]p\x89\xf4^P\
T\xb4|.\xaf\xdf\x02\xa3\x85g\x95\xeb\x7fye\xbe\
\x0b\xdfgbr\x0a\xfa\xd2\xdfN\x8eIR\x9a\xddZ\
5&\xbez\xd7\x18\xd3O_\xc0\xde[\xba\xb0u\xf3\
\x90\xd8\xc0\xd3?\x00\xeb\xc97Z``\x82#Q\x09\
\xc8\xcc\xce\x16\xeeo\x9e\xfb\xfc\xe8\xc9\xab\xf5Kq\xed\
p\xc7\x0dmtU=\x8c\xb6{\x0e\x22*\xa5\xe6\x9e\
\xbf\xc2\xbf\x94\xdfQ/\xf2\x01\x8b\x1b)~\xbegw\
\xb5\x9a\xfc\xafR\x99\xdc\xbbQq\xbf\x17\xdb\xae\xa8\xfc\
\xf9:\x96\xfb\xde\xaa\xfc\x17\x94<\x84\x96\xbb7\x9a\xae\
T\x91|\x1a\xe7\xd7x^&s\xc7O\x9a\xbf\x10\x1a\
\x9a\x97\xa1ck\xdf\xe8\x5ckUW\x11\xbd\xb3t\xda\
/\x91\xf9\x85\x88\xc8-\x80\x83\x8f/\xf6_\xb8\x045\
\x1d=\x1c\xa2\xbd\xdc\xc93\x18\xddI7\x9d\xb3\xb0\xc1\
\xa1\xe8\x14,\x8aL\x94\x19\x96\xcc5\xf4\xe9\xc4\xa9\xb8\
\xa4u\xabF\xbb\xc5k\x98\xad\x1b\x9e\xd4\x91\xe37\xb3\
w\xc4%+[$\x17\x97btL2\x92\xaa\xd8\xfd\
\xca\xb6h\xe5\xe5\x1b\xd23\xaf\xe2\x17V\xc1\xcd_\xdf\
\xc5\x1c\xfe_S\x9c3\x84|\x19\xd5\xa888\xc6\xc4\
c\xa9\x8d3F8z\xe3\x98\xbd+\x1e\x94\xd9H\x96\
\xeb\x85N^\x14\xf3\xa7\x09G\x81\xf0\x15D\xa4\xa0\x15\
\xf9A\xaan>\xd8I\xf7>\xca+\x04\xdf\x93~d\
y\x9f\xb4}7\x5c\xbc}\xd0y\xdeb\xe1Gom\
d\xad\x98\x01N\xc7\x09\x0f_L\xf3\x08@\xff\xd84\
\xfc\x14\x14\x8b.n\x812\xd3\xb7\xd9\xe1S8\xa0u\
\x1b\xaa&\x96\x18\xacm\x88\x09Wn\xc1\xc9?\x10+\
<|p\xd1\xd2\x16z\xa4\xffj\xab\xa1=$\x9d\xcd\
\x5c|!1\xb1\xd0$\xff\xc9;8\x04\xb9e~\xa3\
w\x5c\x02\xb6\x91\xee~\xfc\xe7\xb3W\xda\x07\x8c\xe5\x5c\
\xb4w\xbfbV\x1b\xe3\x0fI\xaf\xcf\xbep\xb5\xde1\
\xcf\xcc\x8b\xd7\xaa\xe1\x0b_u\x19\x9b\xdf\xab&\xff[\
N\x0d\x9c\xd0\xa8\xf3\xbd\x8f\x0c\x8c\xad\xfc\xf9\x16\x0ew\
\xf0.\xd6A\x9f`\x89\x03x\xffpL\xce\xb8\x1b\xe6\
\x99\xfe\xe7\x8f\x83d\x86\xd4\x98Y\xb3\xe1\x1b\x10\x80w\
\xb58\x8f\x90^R\x8a\xb4\xe2\x87\x88IJ\x86\x89\xad\
-\x1c<<\xd0/1\x13S\x0f\x1d\xaf#\xbf\xf9\x04\
#\xcd\xeb\xae\xd1_\xd6\xd3\xc7\xe7\xa4C\xce]\xb9\x8a\
p\xb2\x83\xab\x12\xd2\xf1\xa4\x96\xfd\x9bC>\xc4<;\
w\xac\x08\x8a~\xa5\xfb\x18\xbej\x1dz\x90~\x1d\xec\
\xe6\x8f\xcc2\xdc\x01\xe7\xfb\xa2\xe2\xe20\x82~\x96\x94\
\xaa\xb0sKm\x5c\xa4\xc7\xaf\xed=\x1bL\x88O\xc3\
\xc4\xb84\x8c\xb0t@4?\x03:\xf2\xabp-\xb0\
\xdf\xf3\xf9\x0a\x15\xe1\xffg\xcc$\xf7\xe90G\xf2>\
\xf53\x15\x18_\xb6\xf7\x87u\x0da\x1f\x1e\x85>\xe4\
\xeb\xfczC\x0fS\x932\xb08>\x15\x87r\xf21\
\x81t\xdf\x01\xbfP\xc4\x14\x15c\x9f\xee\x1d\xa4\xe5\xd7\
?\x16t\xf7\xf4\x84\x99\xb5\xb5\xe4\xae\x8b\x1e=\xc6\x89\
\xb8$\xe8\xf9\xf8W\xe8\x10\xe1+,\xc3\xf8rO\xc9\
3\xc1\xfaV\xf7/\xb9\x8e\xc7\xbd\x1a\x1c\x172\x8f\xe9\
\xa7s\x17\x0a/\xf4P\xf5\x0bp\xf0\xf5\x7f\xe9u\xac\
=\xaf\x89\x98\xdc\xfcF\x8a\x8d\x9fT\x93\xff]\x17\x9a\
Lo\xd4\x9e\x7f\x8d\x9e\xca3\xfe\xee\xdd{'\xf2u\
%6\x05\x1d\x5c\x03\x84\xe3\x8d\xf3q\x5c{c\x9e\x06\
\xe6\x9a\xfe\xe7\x80\x81\xa2\x03\xfeO\xdf\x01X\xbey\x0b\
B#\x22\xf0\xbe\xac\xc4\xec\x1c\xccI\xaf\x9d\xaf\xdf\xc9\
\xcb\x07F\xbeu\xeb\xad~\x07\x8fK\x0f-\xf7\x091\
\xc7\x0d\xc7B*$\x7f\x85\xb5\xf4>\xe8\xf9\x07c\xaa\
w \xd2\xb3\x1b^/\xf1\x08\x08B3\x8d+hA\
\xfb\xfbtdB\x95\xbd\x9f\x85}g4\x84\xdfs\xac\
\x85#:\xf9G\xa2\xb7\xab\xaf\xcc(\xe3>\xaa\x81d\
\x0f+\xfc%\xf2=\xb8Fx\xe4\xae)\xa6\x1cS\xc3\
\xd7\xdb\xf7\xa2gd2\xba&\xe4H\xbf\x12\xf3\x96q\
\x9c\xcf\xf8\xa1\x89\x14O\x94\xfbo\x13\xd5\xce\x8b\x9fd\
\xea\xe0\x84\xed\xb7\xf4Q@z$\x9d\xe4|\xa6\x937\
\x9c3_\xf0\x1c\xae\xb9|\xb3^\xfc\xaa\xe5\xb2\xfd\x05\
\xed\x8f/\xc9?\xfb|\xe6<h\xe8\x1aH\xbca\x1c\
\x14\x86\x81\xd6\xae\x98e\xef\x81\x9f(\x9eYM\xf7r\
=6\x19\xc6\xa9\x99\xd8fa\x8b\xa1&\xd6\x98\x97\x9c\
\x85\xed\xe9\xf98\x16\x9f\x8e\x93!\xd1\xd8\xa4yMj\
\xf8\x8c\xcd\xfcj\xf7\x01\xe1)+\xe7*k~\xea|\
\xb5\x9e\xc0\xaaK\xe5\xccy\xf8\xa44N\x7f&\xf7\xa1\
V\xaf\x01~>\xab\xd1r\x7f\x1b\xe7\xfcS\xf9\xf3\xff\
\xf9\xce\xe4\xe8~\xe9#\x9c\xa7\xd8\xee\x82\x899\xbea\
|=\xe9\xdd\x7f\x0d\x1a\xaa\x98\x09\xc5>\x00\xeb\x80~\
?\xca\xf7\x1f\x0e\x1d\x89\xf5;w#11\xf1\xbd\xd0\
\x01S\xb4t\xb1>6\xa9\xc6\x9f\xad<{A\xf6w\
]k\xf3\xd9\xf3\x0a\xde\xdfM;\x15\xc7\xe6]2\x8b\
'4\xa1\xe6\xfb\xdb\xa1c\x88\xf0\xf8\x04\xcc?s\x01\
\x05\x0d\x8c\x01X\xf6\x06\xb9\xf8\xa2\xcf\xa2\xe5\x18L\xb1\
\xaaR\xdf.\xf9\xff\x83\x8e\xaa\xe1'm#Xr\xdf\
\xdc\xa5\x9bhqUG\xf41\xeb\xe5\x8e;Tq\xd4\
\xf0\x1e\xfa\x91.\xf8\x9a|\xb4\xaf\xe8{\xe6\xee\xefd\
j\x87i\xa5O\x84\xd7\xf4\x87\xfc'\x123\xf0|\x00\
\x9e\x9b\xd0J\xe7\xae\xf8\x01\x92\xa3\x8b\x8dE\x0b\xf2=\
\xd4L,p\xd8\xc8\x14\xdf\xae\xdf\x8a\xa9\x07\x8fb:\
\xc9zB\xa5\x1a(\xff\x9e\xca]\xf3Z{\xa2jZ\
\xdc\xffq\x90t\xe2\xf8\xb8d\xb9\xa6\xcbvNJ\xb9\
\x9e\xba\x16\xeb&\xbe\xf7<\x8a!\x0e\x91\xfe\xe3\xde\x0e\
\xc6v2\xcf \xd7s\xf8\xfa9_\xb9\xfa\x96\xfeK\
\xf5\x10\xe7\xffJ\x9f4\x1eG\xcb\xbe\xab?)\xc9\xff\
\x86\x83\x83}\x1aK\xfe\xd7\xed\x9d\xf8\xb1\xb2\xfc\x7f\xf4\
\xced\x88\xf1\xb3\xfe\x950\x5c\xa9\xe9\xe9\x88\x8c\x8e\xc6\
\xbe\x13'\xf01\xc9\xfb\xbf\x86\x8cP\xc8\xfe\xcf\xa3\xa5\
O\x8c\xbf\x1f\xbef=\x02j\x99\xf5\xf3Z\xb9\x00\xda\
KY\xf5\xb4\xad\xfc\xce{\xef\xdc\x87\xcb\xa1Q\xd8\x19\
T\xbd7\xfc\x97+\xda\x14\x8b\xfe\x89\xdb\x06\x06\xe2g\
\xd7\xb4\x5c\xbc\xbc\x15\x9c\x82<w\xb8\xec`\x9b\xc3\xf6\
\xabZ\xbe\x841\x7f\xea\xe7\xe4\xbc\x8ci9g\xe7\xdc\
p\x1f 9\x1d\xc7Bc\x10]E\x7f\xf2\xf55]\
\xb2\x0aKN\x9eFZF\x06\x16\xa8k\xe0\x8b5\x1b\
\xa5?Jf\x9a2\x0f\xd7\x8au\x0a\xec\xd4\x96\xdd\xd2\
_\xf5{\x5c\x0a\x06\x16<\xc1\xef\xf4\xf7\xcb\xe9\x18O\
\x22\xdb3\xb5H\xb0\x02\xcc\x97\xcc\xf3\x0d\x83S\xc9\xb6\
\x92\xde\xf8z\xe3v\xb9\xe6\x5c\xd2\x87l\x9f\xf9\xb0p\
v\xc1\xf4C\xc7`lc+:\x82q\xb5\xe3\xae\xe9\
 \xbb\xf0\xd5\xe6\xcd%\xe4\xe6a\xbc\xbb\xafp\xf8$\
g\xe74\xf8\xef\x17o\xda\x82\xef6l\xc3V\xbd\xbb\
\x92\xa3dNa\xee/\xea\xaek\x82\xe2\xd2\xba\xe7`\
\xc4%%\xe1\x97\xc4\x9cF\xdd\x8b\xaa\x97FV\x89\xff\
\x7f\xfa\xab\xd1\xb8\xbe\x0f\x0ch\xa94\xe7\xebz\xcfw\
&\xff\x9co\x8b\xab\x85\xd7\x82\xf7:\xcft\x89\x8a\x89\
\xc5U\xff\x10\x8c\xf3\x08\x94\x1c/\xef\x9fq\x8b\x964\
z\x9d\xc0\xc2\xd1\x09;\xc9&\xd7\xaf\xa6\xf8\x1c?\x90\
\x9f\xc8\xd7p\xd8\xdd\x0f+\xfd#\xe0J:\x89{\x8e\
n\x1a\x9b\xa0\xd5\x85\x1b\xe87}\x16>\x99:\x0bk\
O\x9d\xae\xf1Z\xd9>u\xe1>{C\x0b\x89;e\
\xb6\xee\xde\xc3\x98\xa3oR\xed\xf75\xee\x99\xc2;4\
\xac\xe2\xef\xa6\xdf6jp=\x9e\xed\xdd\xda\x88x$\
\xd6\xc0+n\xe2B6\x9btV\xdbKZ\xb8\xe5\xe6\
\x85\x8d\xa7I\x07\x90<p\x0f\xf4\xc7<\xd3\x9c\xfc\x06\
\xcey2oV\xb7\xb0\x04\xc1\x06}\x97Q\x8cQt\
\x09\x0b\xa0\x98g0\xe8\xd1\xdf\x12\x070/\xf8|\xaf\
`\xac\xb7s\x15;\x1a\x18Us\xce\x22/?\x1fv\
\x1e\x9e\xe8\xb3|\x0d6\xdd\xd2\x13\xbe\xf6\xd7Y\x8f\x1f\
?\xc1u\x1b\x07\x8cs\xf1\x81c\xc2\x8b\xda]\x16\xdd\
\xef\x9a#\xc7\xb0\xfc\xe0\x11\xc4\xd4R\xd3c\x9f\x9bm\
\xd16\xba\x8e=\xbaw\xc4\xefg\xac\xc2n[\x17\x8c\
\x0b\x8d\x87yX\xcd\xfc\x1f\x19Y\xd9\xe8\xed\xe4\x8b\xac\
\xe2\x92F\xdd\x8b:V{\xab\xf0\x81~\x84\xbd{\xf7\
\xfeG\xa3`\x7fT\xc7\x0c\xad\xfc\xd9\x87\xaf\x8d\x7fg\
\xf2\xafgc\x8f\x84\x8c\xccz\xd8[\xe0a\xa5\xdc\xd8\
\xf4\xcd\xdb\x1a]\xfe\xfd#\xa3d\x1f\xd6gq\x8d\xfe\
\xf8\x8d\x17\xdc\xbc1Y9\xb8A:\x8a}\xe7\xa6G\
yf\xc5z\xe1\xf2\xffj\xcb\x1e\xe1'\xf7\xa8e\xbe\
\xfc\x0cKG\x91%\xe6\xa2\xe0>\x7f\x96\x7f\xc6\xda\xfb\
\x94\xcd\xa3\xe5\x9e\xc8\xb3wM\x84\xc3\xb8\xdc\x9f\xd5\xb7\
\xb1\xc3\xa73\xe6\xd6\xc9?Pk}\xab\xa0\x10s\x0a\
\x8a\xa1\x95\x9eE\x7f\xff\xc2\xaeq^\xcc\x8a|\x7f\xf6\
\xdd\x7f \xdb}\xda\xce\x11\xfd\xf6\x1f\xc5\x17*[$\
\x96\xe7^\xda\x96\xd7t\xa5\x0f\x9as}\xccK\xd8-\
1Wf\x18M\xa1\xbf_\xc6\xf1\x10\x1d\xbdsJ1\
$*Ml}{[7\xe8\xda9T\xbc'3+\
+\x5c\xb8v\xbdbNWe=\xdfX+\x93\xe4\x91\
\xfb\x02\x97\xf8\x87b'\xf9(6\xae\xee\xe81\xfb\x0f\
\xc1\x84\x8eR?_k_9\xd7\xf07\xecU\x95\x18\
l\xd95m\xc4\xa4g\x22 N\x91'\xc9 =u\
  \x14\xbf\xc5\xa7\xe3DN>\xd42\xf2\xa0\x1e\x9f\
\x86\xdf\x5c\xfc0\xd5\xde\x1d\x09\x05Eo@.\x0e\xd6\
\x80\x01\x98\xfa_\x8d\xc2\xf9qb\xd8h%\xfb\xaf9\
\xfa\x9d\xc9\x7f\x09\xd9r\xfd\x98\x86q*\xa7ffB\
\xed\xa6v\xa3_KZ^\x01\xd6\x99Z\xd7\xebw\x8d\
\x1c\x9c\x90S\xc5\x8e\xea\x1b\xdd\x95\xdea\xc6\x05p.\
\xaf\x05\xd9>\xaei\xf2l\xcboh_\xb1\xcfPu\
\x1d\x89IE\xd7\xb8l\x99\x0d\xd8\xc1\xd5_\x81M\xdc\
\xbe\x17\x9b/_G\xd7-\xbb\xa0\xae\xab\x8f\xf0\xb8\xf8\
\x8a\x98\xd8\x99\xfc\xa5\x03\xb7\xf5\xd0_\xedB\x83\xe2\xe4\
\xca\xebpt\x22\xfa\xe6?\xc6\x8f\xc99\xb8\x90\x92%\
\xb1E\x85\x1ex\xf6\x17fZ8\x22:3\x1bi\xf4\
\x9c\x13\xc9&N^\xb1F\xb8\xf9\xb8\x07\x97\xfb\xa0\xb8\
\xe7\x96\xe3|\xe6$\xea\x95~\x1f#\xfeT\xcc2Y\
L\xd7\xf3cb6\xbe_\xb3\x01\x83\xf6\x1d\x81{D\
d\x85l\xdb\xb9\xb8\xe2\x8b\x91\xa3\xf1\xdf=\xbf\xc7\xd7\
s\x16@\xed\x92\xa6\xf8\xfcob\x8d7w@<\xc5\
\x03\x86\xbe\x81\x82\xdb\xe6\xb8\x85\xb1\x1c\xad)\xb6*\xe7\
\x0e\xae\xc9\x17\x0b\x8b\x8c\xa4\xbd\x95U\xab>b\xde\xb7\
\xcc\xa2\xfbH.\xbc\x8f\x14:\x1e\xbd\xc1\xda\xb4\x9e\xcd\
\x81j\xf2\xbf\xfa\xcc\xe8\xff\xdd\x18\xf2\xbf\xfbb\x8bq\
\xca}\x7f\xbb\xf1.\xd7\xee\xec\x02\xdc\x7fT?n\x95\
X\x8a\xb5f\x9a\xd9\xd5;G\xdc\x90\xc5\xb1g\x1f#\
\xcb\x8ax\x9d\xf7\x811\xf9\xc5\xbf\xde1\xc7P{\x0f\
\x5c\x8fI\xaa\xd8\x1bK\xcf^\xac\xb6O\xee\x93\x1c}\
4j\x8c\xc8>\xdbI\x8e\xe5\xd9\x9e\xc8A\xb2|\xbf\
\x86\x99fWC\xa3\xd0-.KQk\xa7\xa3%\xf9\
\xd8C\xf7\x1c\x94\xcf\xae\xfa\xf9\x91qqPQ;\x03\
\x0b/\x1f\xa8;{\xbe\xf2}\xa6\x92\xbd\xe2Y\xda]\
b\x14\xb3\x08\xfa\x04\xc5\xc0\x8a>S\xec\xe0\xb3g\x18\
\xe9\x13\xaatn\xb6\x8d\xba\xf7L\xc4\x9f\xe1Z-\xf7\
\xf1s\x8d\x90\xf9\x81\xbb\x91\xde\xea[\xf0\x14#\x8aJ\
\xd1?9\x17wc\x93\xe4\xf7G:\xfbJ\xcd\xad\xdc\
\xcfo\xc3\xdc_c'\xe2\xc3_\xc6\x0a\xcf\x02?\xa3\
o~\x9b&\xbc\xfcY\xaf\xd8SX\xdb\xd2\xf2\x0b\x86\
Ef\x9e\xe4J\xf9\xb9\xb3?\xc5|B\xec\xd3\xb7>\
\xa3\x09\xcb\xc0\x10\xbc\xef\xeb\x8e\xdd\x89\xea\x18\x80##\
>j\x14\xec\x9fz\x97\xc5\x95?W\xdf\xe6\xf0;\xbd\
\xd7x\xd2\xa5\x1b\xc3b\x84\x97\xad\xb6\xf5\xe0\xc1\x03\x9c\
76\xc3\xb6KW\x853\xe0e\x8b\xf7`]\x9c\xff\
\xe5+\x94lTPH(\xd232\xc4\xdeq\xfd\xfa\
\x90\x89%\xfc\x82\x82\xb0\x99b\x81\xeb\xae\x9e\x82\x8fa\
\xde\xbf\xa5:w\xb046\x15\xdb\xf6\xed\xc7'\x03\x87\
b\xc2\xd2\x15\xd5d\xb4\xf7*\x15|I\xf2\xde\x8e\xb9\
\xa5\xe9\x10.\x22\xb2\xe7|\xe4\xd6\x90\xdb\xbai\xef\x8c\
\xd6\xccow\xc7R0'\x8c\x838y\xbbz\x0c\x92\
N2\xc2xE\xae\xb7/\xbfm\x80\x94\xd7\x98\x0d\xc6\
\xd7<\xdf-@\xecw\x97\xa8t\x99C\xdeNS\x0b\
f\xd9y(\xa0xccva\x8d\x7f\xc3}\xfaC\
w\xef\x17N\x00\x89\x03\xc8_\xe1\xd9\x9f\xccO\xdc9\
<EtJyO\xf3\x80\xd0\xb8\x0a\xffd\xe6\x91\x13\
\xc2\xed\xc3\xbd\x95\x9cG`\xee]\xaes4?\x7f\x1d\
\x9f\xcc\x9a\x87\xde\xbf\xcf|\xad\xde\x82\xaa\xcb=:\x0e\
\xfaE%\x08\x89\x89C\x13\xee]\xa68Fjy\xa4\
s\x98\x0b\xa2%\xf9e\x87,lQ\xf8\x06lHc\
-3\x07\x83\xea\xf6\x7f\xfd\xb8~\x8d\x22\xffj\xdf\xad\
S\x96\xff#o\xfd\xfe\xb8\xe7\xb3\xfc\x9ds\x0f\x1d\xe7\
\x5c\xdb\xec\xdc\x8f\x0d\x9a\xd7p\xcb\xdaN\xfc\x5c\xe6\xc4\
\x0e\x8d\x8d\x83NB\x0a\x16\xda\xb9\xc8\x9c\xb8\xca\xfb\x84\
y$L-,``l\x0cGO\xaf\x0a^\x09\xe6\
\xb9\x1aB\xfe'\xf3\x00\xf4\xdb\xba\x0b\xd37m\x85\xea\
\xe1#8s\xfe\x02b\xe2\xe3+\xfe\xde\x98|\xf8\x8f\
\xc7OV\xec\xcb\x05K\xf19\xedE\x8eq\x9bl\xde\
\x89\xb1\x07\x8e\x22\xb2\xac\xe6\xabq\xe3&\xfe5d\xb8\
\xfc^\x87\xb29=\x8c\x15a^\x81\x03\x06FJ\xf7\
\x95\x95\x93\x83&k7\xa1\xbd\x93\x8f\xcc\xef\xf9\xd6\xc8\
J8\x07\xf8`N\xcc\xaax\xc6\x13w\x8c\xa5wM\
z\x15\xcb\x8e\xca\xf9y\x8eu\xce\x99Z\xa2\xf3\xa1\x13\
\x82?2\xb3\xb3\xc7Y\xdd\xea\xf5(\xbew\x7f\x92O\
\xdd;w0\x7f\xcdZ\x0c\x9a>\x0b\xda\xf7Lj}\
\xfe\xceq\x89/f\x92S\x1c\xcf\xdc'\xbf\xc5\xa5\x0b\
\xcf\x8aAV\xed}\xb2\x89\xa9\xa98zCK\xe6\x11\
0OZ{\xf7 \xc5\xacm\x9fp\xb460\xaf\xf0\
[\xdan\xdfS\x96\xbf(Fs\x8a\x7f\xf8\x1e\xb9\xc7\
\x9a9@x\x06\x0a\xff\x0d\xff?\xf7`2\xe6\x93\xeb\
p\xfcw\xdcC\x90L\xe7x\x9d\x9c\x807\xed\x93\xeb\
yEp\x09\x08\x14\xce\x86\xa6G\xd4\xa4\x8e\xd7\xfc\xcc\
e\x91\x7f\xe1\x07\xd0\xbc\x85\xfeWo\xcb,\xf7\xc6\xd4\
=\x8d\xb5\xccmL\xaa\xc9\xff\xba\xed\xbf\x8di\x14\xec\
\xcf\x99^\x1b\x94\xe6}X\xbf]\xf9g\xdb\xda\xff\x8f\
E\xf8i\xa7*\x8e\x9f;\x8f1\xa7/H\xbd\x99c\
e\x99\xeb\xb1u\x8f\xcct\xfd\xf7\xaf\x13\xa4\xb7\xba\xf9\
\xda\x8d8x\xf5\x06\xcc\x9d]\xe0\x15\x14L6\xf0>\
\xd2\xd2\xd3\xb1f\xdbv\xfc{\xd4X\x89\xb9\x99\x83k\
\xce\xa1\xe3\xc8\x22\xbd2\xfb\xb2\x96\xf0E\xfc\xfb\xd7q\
\xf8\xe7OCd.\xc4\xe7KW\xcb\x8c\xf8\x9e\x13'\
#61I\xechs\xf2\x07\xb9\x9e\xc8\xf3kx\x8f\
p\xfd\xad\x99\xc6e\xa9{\xf7\x9f\xbfX\xb1\x97\xe9z\
\xbbQ<\xfb\xe1\xb0\x9f\x05\xa7\xd3B\xed<\xa6P\x1c\
\xc0\x5c\xa1<\xb3\xb3\xe5\xcau\xd5\xeeo\xfd\xd9\xf3h\
g\xe7Q1\x1b\xfb\xab\x9d\x07\x84\x8b\x9a\xefm\xee\xa9\
3(\xac\xc4\xfb\xf3\x87\x9a\x06>\xa5x\xf8\xd3\xd9\x0b\
\x84\xab\x80\xb1\xc7\x1c\x8b\xc6Q\xfc}:=\x0b\x03\x02\
#\xc8^]\x13|\x04c\xee\xfb\xd2\xf9R+\xf1O\
y\xd2\x1e_\xb0\xef\x10\xba\xf2\xac,\xd6\x1ft\xed\xac\
\x9b\xe4\xa0g\xe2\x15\x1b_\xe3;H\xc9\xcd\x17\xff\xbd\
Gj\xa1\xe0\xfd\xbb\x85'\xa3\xed\xe9\x8b\xe8|\xec4\
\x0a\xeb\xe8-\xe4\xfe\x87=^\x0a<\xdc\xe8\x1bz\xc2\
\x11\xcc=\xd3\xcc\xc1\xdbt\xad\x82;\xfa\x8c\xb6.\xa2\
\xca\xf4\xac\xea\x8d[\x8ay[V\xae\xe8\xec\xe6\x8f\xce\
\xa1\x89\xe2o0V\xa8\x83[\x90p\xf8\xf0\xbb\xf1\x0f\
\x09\xc1\xe4Uk\x05\xfb\xc5x/\xfe\x7f\xdd\xbb\xf7\xa4\
\x16\xdcPN\x1d\xee\xcd\xbaw\xbf\x04'nj\x0b\x07\
\xbb\xd4\xf1Ok*f<\x9f\xbf&\xb8&\x9e\x1b\xd4\
\xf2\xba\xae\xe8\xbd\x9fo\xdf\x81\xa1\x87\xb7\xe0\x00\xde\x97\
elf\x5cM\xfeU\x0e\x8cm\x14\x1e\x80\x1d\xe7:\
o\xac\xfc\xb9\xbaVo\xd7\xffg\x9cyo\xd2\xbf,\
\x83Q11\xb0\xa0x\xac\x1d\xed\x83\xaf\xf7\x1f/\xb3\
\x95{d\x9e\xe7Gc&J\xfd\x89s\xb7\xcc\x0b)\
\xfd\xba\x8bi\x9fO\x9f\x83/H\x96Yfx\xcf\x7f\
\xb9v\xb3\xe8y\x8e\xb3\xc7\x9f\xbf\x226\xe5\xf3e$\
\xefc&\x08G\xe073\xe7J-\x8716\xacW\
\xa6l\xda&\x9cC\xec\x932\x170\xcbJS\xf2\xbd\
e\x06\xf5u=4=\xac&|^yt}\xac\x03\
\x98\x1f\x94?\x87\xe5\x89\xf7\xcd\x80\x94\x1c\xb4\xa2\xbd\xc3\
|b\x1cS\x06U\xe9gc[\xfcch\x02:\x05\
\xc6\xd2\x11#\xb9'\xf6)x\x1f2\x97\x0e\xcf\xbe\xb8\
eb\x86\xc00\xb2\x99\xe4\x0f3\x975\xf3\xd3\xa8\xec\
; \xcf\xc6\xcc\xdd\x93tL<\x98\xadj\x0c)\xa0\
\xe19\xf7\x91A\xbe*\xfbL\x06\xa6/\xfa\xcc\xe2S\
R\xd0\xea\xd0I\x05n\xe0\xe8i|<e:N\x93\
?\xd2\xe2\xece\x85O\xb1d\x15\x8e\xe9\xd5\x8c\xeb\xe6\
\x1e\xfa\xaed\xff{\xa6\x15\x89\x0e\xe0\xa3\x93w\x18\xd6\
\xb9\xfb\xd4\xf9\xee\xb8\x97io\x86\x22\xfeJ\xa3\x98\xa4\
\xc9\x0e\xc5LO\x96\xe1/\xe8|\xd1qq\x18|\xe0\
X\x85\xcc\xf6'\xbf\x85\xfb~G\x93\x1e\xeb\x19\x9d&\
\xfe\x06\xc7\x1d\x5c?`\xdd\xc8s\xf88\xc79j\xed\
\x06\xd2\xe5c\xf0\xe1\xc8_\xf0\xe1\xf0\x9f\xf1\xd1\xb8\x89\
R\xe3`\xfd?d\xc6l\xf84\x00\x03~\xd4\xc5\x1b\
\x8e\x99\xb9\xf0\x0c\x0c\x82\x81\x8d\x1d\x02\x22\xa3\xf0\x03\xf7\
%\x90\xdf\xcf\xbd\x9a\xcc)\xce~\x1e\xe72\x99\xff\xa1\
\xd5\xed\xbb\xc2\x03\xd3\x83\xbe\xee7\xb7\x81\x0f\xbd\x97\xfa\
\xccx~\xa3u1\x03\xdd\xea\xf3\xc0N\x0e\x9d\xdc(\
\xbd?\x9a-\x95\xe4\xdf\xc8\xfe\xd4[\xbf?-\x8a\xab\
/\xd98\xe0jh4.\xd3\xc1<`\xdfP|V\
\xee+3\x0e\x90\xf3E\xac\x03\x98\x83\x8a\x0f\x05\xef\xf7\
\x16\x05V\x98\xf67\xcf\xa1\x12\xfc\xcc\x9e\xc3h\xbaW\
q\x08G\xcfQu\x99\x0f\xc0\xfb\x87m\xea\x82\xdd\xaa\
\xe8B\xbeg\xb3\x13\x8a\xde\x7f\xe6\x069L1\xb6\xcc\
\x9b\x9b\xb3\x90\xe4{\x91\xf0~}\xcb{\xe1\x96\x82\xeb\
\x93\xf5Jp\xa2\xa2V<c\xefA\xb1\xd1\x1cO|\
M\xf2\xd6\x99d\x9a\xed\x16\xcf\xf4a\xae\x80\x19VN\
\xd5pCc\xd2\x0b\xc4\xcfe\xf9ok\xe6(q=\
\xef=\xfe\x5c>/\xcb<\xdf\xc7\xbfh\xafoU\xdd\
\x077OO\xc9YX{x\xc9=\xb0L\x8d\xf6\x0d\
\xc0|\xfa\xac%\xe4\x8f\xd7d\x03O\xda:)\xe2Y\
\xda\xcf\x8c[\xe3k\xe4\xda\x1as\x12\xf5 \xbb\xc6\xcf\
l\xf5\xb9K5\xcb1\xe9\x93\x81\xa9y\xe4\xfb\xd3\x91\
\x90KG\x0e:z\x06C'\xbbn\x1b\xc8\xbc\x04\xb3\
\x5c\xfd\xb0\xcd\xc6\x19\xdd\x0d-$_\xc2\xfe\x0d\xf7Q\
s|\xd4\x9c\x9e\xef\xe3J8\xb8\xde&6\xe8\x17@\
\xb2\x1f\x91\x22\xe7\xe0X\xa3kl\xa6\xcc4\xe9\x14\x14\
\x87\x89\xf4|n\xdb\xd8\xd23\x99\xaf\x88\xa9\x18sD\
\xc7\x11\xf2\x83>#]\xcf\x9f\xf9\xc9\x94\x19h1u\
\x86\xd4;s(\xbe*}T7\x1eg\xac\xbd;\xd2\
\xab\xc4\xf6\xf9t\xdd{I\xb69\xbf\xca\xef\x97g\x08\
\xf0<'\x91}\xe1w1\x11\x0e8~\x9f\xcc\x097\
\x94\xf4\x81ux\xf4;\x93\xff\xf0\x88\xd0j\xf2\xbf\xf5\
l\xef\xc6\x91\xff+\x9f*\xc9\xbf\xa9\xb3\xc6[\xbd7\
\x9e\x17u\xcc\x97bG\xb2\x0b7\xfd\x82\x11\x94\x9e\x89\
{q)\x18\xe1\x11$>\x99\xf8\xeed\x0f\x19\x7f\xc6\
\xbe\xe3W\xe4;\xb3\xbf\xcd\x984\x8e\x0d8\xa7\xfb\x09\
\xc9\xf5'3\xe7)\xb8\xb7X^\x18\xb3U~\x9c\xd4\
\x10\xb9f\xec\x1as\xfd\xad9s\x1e\xfd.\xdd\x90\x1a\
6\xf3\xc7}s\xf0$\xc6k\xde\xc4\x17\xcb\xd7\x88\x9f\
\xc1\xfe\xc5\xd7\x87N)8e\xefY\x0b\x1e\x87ye\
|\x12\x92\xe4z\x1d\xbd|\xc4\x96\xb2\xbc2\x070s\
\xcds\xfe\x9b}|\x9e\x1f\xd5\xc7\xd6\x1d\x0bw\xec\xc2\
mSs\xe1\x0c\xe6\xf5{j\x96\xc2\xff\x97\x18 R\
\xf4\xd6\xd7\xe4\x07\xb0\xec\x7f2}6Z\xd0\xe7lU\
;-\xf3\x04.[\x93\x8dJN\x13\x8c\xee\x98\xa3\xa7\
$_\xcd\xf1\x08\xfb,3\xc8\xde^J\xcf\xae1\x1f\
7H\xf7\x1e\xc5\xdcf\xb2w9\x7f\xc1u\xfa\xb04\
El\xe0\x17\x1a&s\x87\xf6k^\xadE\x8e\x8b1\
:%\x17\x9d\x98\xdb\x87\xfc\xf1N\xe4\xaf\xb4\xb9g\x83\
\xf4:8I9w\xa1\xed\x13\x80>.~\x08HI\
\xc7C\x92C\xe6!aYf_\x8a\xdf\x97\x9d\xbb\x07\
\xa2\x93\x93\xe1Nq\xc7\x0e\xbfpt\x0d\x8c\x16\xde\x1f\
\xc6\x05v\x89\xcd\x12\xf9g=\xc0\x98\x87>\xe4\x0f\xe4\
\x95>\xc2\x92\xd3\xe7E\xdf\xf3\xc1\xb1\xdaV\x0bz\x1e\
\xe1\xe1\xf2\xbe\xb9/\x82\xf5\x1a\x7f\xf6\xe8\x95k\xc57\
\xe8D\xbe\x81\xce=c\x8aS\xaa\xe7S\xb9^9\x88\
\xae\xaf\xa6^b\xc6\x97\xbaD\xc7b\xa0\xf6\x1d\xd1\xf3\
,\xfb<kM8\xe0\x98\xe3\xcd\xc0\x5c\xf6\x80\xe8u\
\xfa\xaa\x13\x14\xfe\xce\xe4\xff\xd1\xe3\x87\xd5\xe4\x7f\x87f\
\xcbF\x91\xff\xbdW\xfe?%\xf97s9\xf7\xd6\xee\
\x8b9\xbcg\xdb\xb9\xc1:.\x09\x19\xe4\xcf\xfe``\
*q-/\xdeO\xdb\xe2\xd3a\x1c\x10\x82\xa8\xd44\
\xd8\x85\x84\xe1\x8e\xbb7\xceX\xd9c\xce\xf5\xdb\xe8~\
\xe2\xac\xc4n_\x97\xf5\x09p~\x809\xeaY\x9fK\
n\xe7\x0c\xc5xd\xe7\x99\xab\x97\xfdw>\x183\xcc\
\xef\xb6%\xf3\xf4\x5c\xbc!3@\xf8w\xce\xb9x\xa0\
\x15\xe9\x11\xc6\xe6pL\xc1\xf6V\xb8\xbf\xca\xb8\xeeX\
\xc7$d+r\xec,\x97\xaden\xf4\x16\xc5\xbcn\
\xf2\x13\x18\xdf\xda\xc1=Hr\xe03\xfd\x22\x14\xf3\xf1\
\xc8o<t\xf9*\xd6\x1cWC\x7f7?\xe1\xbb\x94\
\xc35\x00\xcb\xd4\xcf\xe1\xbc\xb3\x07\xfa\x91o\xc2=\xf2\
%e\xf5\xce'$S\x5cs\xb6\xcc\xc8\xc1\x12\xef \
|M\xfa\x8dm\xb9`\x01\x0f\x1cG\xef\x88x\xd8\xd7\
\xc0\xdb\xc5\xfe)_/s'pm\x8b\xfd\xfdv\xf6\
\x9e\x18\x14\x10\x05?\xf2[\xd8_X}\xfc\x14.\xd4\
2\xdb\xf7\x01=\xf3\x09I\x99\x92\xa3\x94y\x07\xa4\x8b\
\xa7\x99\xd9\xd7Z\x1b\xe7<\xc2\xcc\xe0hh%f`\
\xe5m\x038{\xfb\xc8=\xb3\xcf\xd2\xd1\xd9O\xe6\xfc\
|2\xf9w|B\xb2\xfa\x0d\xbd\x07\xee\xf5\xff\x96\xf4\
(\xe3\x05\x19+\xc0\x98\xc0\xce\x95\xf2\x8dC\x13\xb3\x90\
J6\x99?\xbb\xc7\xe6\x1d\x12\x97qm\x80\x9fkf\
\xf1C\x1c\xb7\xb2\x13\x1d,q\x0c\xbd#\x9e\x1b\xc6\xfe\
\x01\xeb\xff\xcf\xc9>\xb0\xden>i*\x0e\x9eRS\
\xf2\xbdn:\xbbC?>\xf5%\x98\x93'0\x0b\x8b\
\xc4\x10\x96y\x1d\x05\xff\xa3\xc2\xf6[H>C\x0e}\
3\xe8;\xb9\xbc3\xf9\x7f\xfag\x0d=@W\xff\xbb\
\x91\xe4\xff\x83w\x22\xff\x1c\xef\x8f\xd5\xb9\x8b\xa8J\x5c\
\x12\x06\x1e\xde\xb8`\xfc\x82;\x89kd\xe3\x83\x22k\
\xcc\xc9\xb2\xfe^\xe1\x11 \xf14\xdbw\x96\xff\xd5\xa7\
\xce`\xbe\xb5\xb3pp\xb5d~o\xcd[\x15\x5c\xfd\
\x9c\x03`\xdb\xc8\xfe\x5c\x07\xda\xa3\xcc\x1d-1>\xc5\
~+\xcfkb\xa2\xeaAE\xdcJ>y\xcb2\x5c\
\x0b\xe7\xa4\xf9kS\x92\xf7\xca\xf3\xa0#\xa4\x96\xbc[\
\xf2\x94\xdc\xc7\xce\xdc%<\x9b\x8fe\xe7\xa8w\xa0r\
m\x83\xfc\xef\xb6\xe4\x17\xb3\x9f \x07}\xe6\xec\xf3\x97\
\xb1\xca\xc4\x0a\xd7h\x7f>\xa9\x85\xf7\x93s\xe5m\x98\
\xd3\x8e{\x82\xe8\x5c<\xc7\xb2\x19\xe95\xb7Z\xf0\xb3\
k\xad\x1c\x05\xa7\xceuy\xde\xc3\x1d\xfd\xc9\xce\x86%\
\xa2gx\x22\xe6\x99\xda`\xd2\xbc?\xd0\x89\xec[M\
\xb9\xf4l\xb2\xdb\xa3\xa2\x92D\xdeX\xdf\xb1N\xdb`\
dV\xcd\xde\xbbE\xc7a\x05\xc9\xfd\xf1\xb4l$\x15\
=\xa8\xc0\x08\x98Sl\xb2\xc6\xd1\x033\xcc\xec\xd0\xc9\
\xcaY\xde\x17\xe3\x1f\x8e\x9c:\x85\x0f\x87\x0c\x97\x5c\x09\
\xf3\xa9\xb2\x8d\xe5:\xa8\xd4\x09C\x15\xb8a\xe6Sk\
\xb5i\x87\xe4\xfc\x99\xfbKf\x89\x92\x7f\xf5\xad\xf6]\
\x0c \x9d\xca~\xfep\xfa}\xfe\xbbf\xe5\xb9\x8c\xa5\
\xab$7\xb3\xe1\xb6!\xcc\xfc\x021E\xdfX\xf2\xf8\
\xfc\x9c:\xcf] \xf5Y\xe6E\xfd\xc1\xdcA\xe6\x15\
\xd7+\x0fEz\xdd#!\x19\xabl\x9c\xaa\xd9\xfe\x96\
\xa4\xc3\xfc\xc3\xdf]\xbf\xe9\x9f\xcf\x9e\xd6 \xff\xff\xd9\
H\xfe\xff?\xdf\x89\xff\xbf\xf3\xe2e\x5c56\xab\x96\
[\xe9\xb7y\xa7R\x8f\xcc\xae\xb4\xacZ\xb1\xe0\xee\xf4\
\xb3v$\xd3\x1f\x93-\xf8\xf7\x98\x09\x18\xbe`\x09t\
\xc9O\x13\xfe~\xce\xe7\x94\x1d\xcc\xf7\xcf\xf5\xa6oI\
\x0e;\xd2\x9e\xe0\x18\x8fm?\xeb\x00\x15[\x17\xa9\xa7\
'\xa4g\x88\x8f\xf9\xe5\xda\x8d\xe8\x1d\x1a+|\x5c\xe5\
\xc7\xaf\xe7\x95y'Y\x828/\xd734^\xd1\x1f\
\xcf3$i\x7fv\xa2\x98\x85g\x88\x9a9\xbe\xe8\xc7\
9O>K\x1b\xb2-\xec[\xf2\xac\xb0\x0b\xa4\x1f\xea\
[cZQ6\xf7\x96\xf7\xbc\xcc8\x22\x9f\xc3\xc1\xbb\
f^A\x0b\x177\xd9\xffRk(\xaf\xc3\xb3/O\
qu'\x9fp|I\x9f\xc1\xfa\xca7)Ezb\
\x18K\x5c\xae\x0b\xc2\xf2\x0b\xd1\x99\x9e\x0b\xeb\xca\x19\xb7\
\x0c\xe1\x18\x14\x82e\x1a\x8a\x5c\x01_\xabKp(&\
\x91\x5c_\x88MABa\xdd\x5c\x83]\x9d\x95s\x86\
6v\xf6h2\xeaW\xe1\xc3\xe6\xfc\x0b\xc7\xf1\x5co\
c\x8c\xf3D#s|G\xfa\xaa\xfb\xbc\x85\xd2\xe7\xcc\
\xf2\xff\xe5\x9aM\x92\xbfeL\x00\xf7R]\x0b\x0cE\
\x97\x10E\xfe\xb4\xa3_\x94\xf89\xdf\x90O\xc45\xde\
\xa9\xde\xa1\xb8\x13\x19\x0bs{\x07\xe1\x8cb\xfd\xd0\xc6\
\xccQ\xe6\xa7o\xb1wCl\xce\xabq\xfcr~\xd5\
<*\x0e\xf3\xcaf\x0d\xef\xf2\x0a|\xa7\xf9\xbf'O\
j\xe2\x01\xfe\xb2\x91\xf2\x7f_)\xc9\xbf\xc9[\x92\x7f\
\xc6\x9b\x9f0\xb7\xc1\xc8\xdbF8`\xe7\x02m/?\
\xe8\xbbz` \xc9\x7f\xe5x\xedzJ&\x02\xb2k\
\xc6\xb7\xf0\xdeT\x8dI\xc4\xa7\x14\xfbsm\x80kw\
\x8bN\x9d\x15\x19\xe0ZN\xf9\xd1F8\xbbMeN\
\xf4P\xdf`E\xfd\x97\xf6\xca\xcf\xb4\xd7\xf3\xcb\xec\x83\
\xcc\xba\xa5\xd8\xb3\xfb\x0d]t\xb5qU\xd8\x7f\xb6\xd7\
$\xdb\xa7\x03\xab\xf7\xe0Eed\xa2\xbb\x83\xa7\x22G\
H\x9f\xdb\xf2\x9a\x1e:\xd9\xba\x89\x0f\xf1\xe9\xcc?0\
v\xf5:\x18YZ\xe3{\xf7\x00|C\xf1\xfb\xd8\xb3\
\x97`\x1b\x12\xde \x9cn\x02\xc5=\x1d\x96\xac\x94\x19\
\x04\x1c\xf7\xb2_\xec\x1d\x5c3^\x8d\xeb\x80\x9c\x7f\xe8\
\xc8\xfeu`\x8c\xd8~\x9e\x1b\xcc\xb55\xb6\xe9\xff\xec\
?P\xfc\x14\x8e\x998F\xf8r\xd9\x1a\x0c_\xad\x82\
e;w\x0b\xcfW\x1f\xbaFk\x1fE\xac\xcc\xfc\x19\
]\xa6\xcdDDT\x14\xd6_\xb9\x89}\x0en\xc8\xa8\
G/\x1e?\xc3\x1f\xa2\xab\xfb\xdb<\xa3\xc0\xc6\x89\xfc\
\xb2\x95\xeb\xf1\xdd\xa6\xed\xe2\xaf\x0b\xceb\xd6|\x8c[\
\xb7\x01m\xc9w\xe7\xb8\x8fy\x99[\xac\xdf\xa6\xf0\xbf\
\xc8\x17\xe1\x5c\xea\xc0\xf0\x84\xb2\xdci\xac\xe2\xa0\xff\xb7\
\x0cU\xc41\x8c\xd9Q\xf1\x0eA7\xf2\xd5?_\xbc\
\x82\xde\xb19\xc5\x17\xe1\x82)\x9c{\xf0(\xfc\x22\xa3\
^+w\x9f]P\x80I\x14\x13\x95\xbe\xe1Y\x7f/\
[%\x0f\x8b\xab\xc7\xff\x17\xba4\x8a\xfc\xef\xb8\xd8\xae\
J\xfd\xef\xd0[\xbe\xb7R$de# 9\x15A\
t<\xac\x92\xcf\xbd\x1b\x12\x01\x8b:8\xeex\x0e\xed\
\xd8\xfdGdF\x05\xcfz\xe6\xdcP\x07G\x1f\xb4\xe2\
\x9cn\xd9\xa1\x12\x18\x81\x0e\xe4\x9b\x8e\x22\xdb\xcb\xb5\xb1\
o\x0e\x9dB\x0b\xd2\x01\xa1U8\x1abI\xa6\xc7\x04\
G\x09v\x85\xf3_mIn\xda\x90\xfe\xf7\xad\xe2\xfb\
1\xffv\x8f\x0b\xd7$O\xf0\xe5\xa6\x9d\xa2+8W\
\xc9\xf6\x97gNs\xed\xed\xa3\x09S\xd0\x89b\x83\xdb\
\x96V\x88KNye\x0c\xcb\x98[\x06\xd2w\xc3x\
\x03\xaey\x9c7\xbc+s\x89\x0d]\xdcq>:\x09\
;\xc8W\x99\xe5\x1f\x86A\xe4\x97\x8f\xf0\xf2G;\xb2\
\x9b\xe2\xc7\x9b;\x8a\xed\xe2\xd8\x9bm.\xeb\xc7\x1e\xfe\
\x11R\xf7\xe2\xde\x22\xc6+p\x1c\xcd\xf3\x8f&\xd9\xba\
#)U\x99\xaf\xd3\x9d\xec\xeb\xda\x03\x87\xe1\x1f\x15\xd3\
\x80\x5c\xee\x9f\x98]TZk<3\xed\x8e)\x22\xe2\
\xc8g\x22\x1d\xcf\xdcN\x1f\xf3L\x11\x8a\xdfM\xac\xac\
*j\x1a#\x0e\x9d\x90\x1c\x5cw\x13\x1b\x8c\x0aal\
P\xa8\x22oZ\xa6\x03\xba9xH\xfe\xbe|\xdd6\
'\xff\xfc\x96\x91\xf8v\x5c?d]\xc7\xbc\xff\xa2\xe3\
I\x0fL\xd56\x84[L<\x1e=m\x18>\x9f\xf3\
<\xcb\x9d\xbd\x10\xfd\x06\xfay\x1a\xban\xdd\xd6\xaa\x9e\
\xffW\x1f\xd88\xf2\x7f\xae\xebFe\xfc\xcfa\xbcO\
+;7\x0f\xe3|\x82\xeb\xc4}\xc4\xa7\xa4\xa2\x19\xf9\
\x91\x5c#\xfc\x98\xfc\xcc\xceN^\x8a\xba\xae\xd4vu\
\x10\x92\x91\x8d\xc5$#]44\x05\x17\xc0\xb5B\xd6\
\x13\xcbw\xec\x92\x1eb\x89\xd3\x8b\x8a0= \x0c-\
/iIl\xc910\xc7\x0c\xccA\xd4a\xea\x0c\xd8\
\xbb\xba\xcb5d\xe6\xe6\xe2\xe7}\x87\xc5\x163?\x0c\
\xe3\xdf{\x9a\xd8\xc28 \x18+\xce]B\xcf\x03\xc7\
1\xf7\xf2Ml7\xb3\xc6\xc4{V\xd8B\xbe\xa3{\
b\x8a\x12\xb7oCV\x7f\xf7@\xf4!\x1b\xb4q\xdf\
\x01|8r\xb4\xc4\xd2|n\x8e\x09\x04kcb'\
\xf1*\xc7\xd62{\xe0\xb4\xa6\xf4\x1c6U=\x22\xb2\
\xc5\xf7\xf9\xd1\xb8I\xe8~\xf9\x06\xda\x1b\xdb\xc8=\xf1\
\xfd\x0b\xceh\xc1R\xccu\xf4DA=g\x8f\xd5G\
f\xe6\x95\xd6\xdcS\xa7B\xb2\x7f\xd9\xd3\x0f7\xc2c\
\xb0V\xff\x9e\xc4\x1a\x9f\x92\xfd\xffp\xf8(\xc4&$\
\x94\xf9\xb9O\xb0\xf8\xecE\xf4\xa2\x98\xac7\xc99\xe7\
J8N\xe0\x9c!\xfb1\xbdI\x7f\x8d\xbc\xfc\xa2\xcf\
2\x95b6\xe6#l/\x1c\x03\xce\x92\x8ba\xdc4\
c+\x84\x8b\xf9\xe2My\xff\x5c\xdf\x9bu\xcf\x12\xae\
\xf1\x89xF\xef\xf01\xf9\x04\x8f\xea\xe0\x06d]\xad\
\xed\xed\x0f\xfd\x8c\xdc\xf7B\x06\x8c\x8c\x8d\xaa\xc9\xff\x86\
\xa3\xbf\xfc\xd6(\xf2\x7f\xba\xd7z%\xfc\xaf\xf5\xd1\xf7\
\x0e\xff\xb8:)\xa3V>E\x9eY\xb5\xf7\xdc\x05y\
\xef\xcc\xd5\xf4\x05\xd9\xba\xef\x5c|d\xee\x0b\xc7\xf8\xed\
\xc8\xc7\x9f\xe2\xe9\x8f\x8edW\xf6_\xb9\x86-\x96\x0e\
\xc2}\xc5s\xad\x85\xe3\x85dD\x9dd\xb4\x9b\xbd\xbb\
\xd4\x02\xd9Wo~R\x03\xbd\x19\xa7C\xf2\xcduE\
\xc6\x0a~4i\x1a\xa6\xee\xd9\x87\xa6d\x8b\x99\x93\x88\
m}k\xb5\x0b8b\xed\x80\xdcJ\xbc5U\xed|\
2\xe9/\xbd\xac<\xcc'[\xad\x91\x90\x02\x17\xf29\
\x0a\xeb\xd9\x1f\xce>q\x17\xf2\xe1\xb9Fv.9\x13\
wMM\xd1\x82\xb1N\xf3\x16\x91\xbd\xb3\x94\xde[\x99\
u\xcf5\x0d\xda\xe3\x9c\xcf\x94\xd9E\xe4\xdf3\xfe\x81\
\xf1E\x9f\x0a\xaea\x01\x06y\x07\x89\xcc\xb1\xef\xcfy\
\xf3\xb6\xf4\xbb\xa7\x82#\xf1\xa0\x11}[\xce\x11N-\
\xae\xce{\xc3=\xf7\x1dM\xedp*!\x1d\x1e\xf4,\
\xce%\xa6\xe1\x87\xbc\xc7\x18\x98S\x80\x0e\xd7n\xa2;\
\xcfo?\xae\x8e6\xec\xe7\xd0\xfb\x13\xfe3\xba\x0f\x9e\
\xc3\xce\xb1\x1c\xe3\x8a\xbbz\x04\xe2+\x95\xcdX\xaa\xf3\
\x02c}\xce\xca\x0e\x9d\xb9fA>?\xdb~\xc6t\
\xb0\x7f'u\x1f\xeeQ\xe6\x1c\xf05\x05\xae\xaf\xbc\xb6\
?\xd7\xd4\x16'\xdc}\xd1\x9db\x9e\xdaz\xf6\x12\xc9\
\x0f\x5c\x1b\x99\xf4\xde\xec\x7f3\x1b\x8b\xea\xf8?\xd5q\
\x8d\xc2\x01\xba]\xad\xe7\xcaw\x8d\xff\x7f\xd9rOJ\
\xc5\xb1\xd8$\xe9\xb9\xac\x5c\xf3rtsG\x8f\xed{\
\x15\xf6\x9abF\xde\xdf\xed\xc8\x0f\x1fl\xef*{\x81\
}@\xb6\x01_\xac\xdd(2\xc3r<|\xc1b|\
\xbbu7z\x90}Xjn\x87\xbb\x91qp\x0d\x0a\
\x81\x93\x977\xa6\xef\xd9/=~q\x89IR\x8b\xf3\
J\xcd\xc4\xbd\xf8T\xe8\xd2\xb9M\xe3\x92aM1,\
\xf3\xe2\xdb98\xc2;,\x1c9\x14\x13\x87$D\xc2\
<\xd8\xb9N[R\xae\x13br\xf2`\x9aW\x88E\
\xc1\xb18\x1d\x14\x89\x0c\xf2-9\xd7Y[>\x90\xb9\
\xfdz&\xe7\xcb\xec\x8d\xc1\x0f\x9e!\xb0\xe0>\xdd\xb3\
\x9b\xf8&l\x13\xb9\xe6\xd8\x8e|w\xaeQ\xf1\x1eo\
~\xf1\xa6B\xfe\x8f\xa8+\xb0M\xcc\xd1\xb3q;\xe6\
\x06E`\x8e{\x00f[8`\x8b\xa3\x07\xee\xc4&\
#\xed\x0d\xf8\xb5\xec\x1fu%\x1f\xbdr\xfe\xc694\
\x1c]\xdc\x83\xe1\x95\xae\x1c\xc3\x99\xe4\x14b\x22\xbdC\
\xee6_\xe7\x19\x80\x1e\x13\x15\xb8\xc7O\xe7-\x14\xec\
\x1f\xc7O_\xac\xdd\x8c\xb6$\xb7\xd6)\x19\x82\xc3c\
\x9d\xfb\xfb\xa9\xb3\xa2gl\xc8\xa7\x1aI~ak\xf2\
\x7f\xb8^\xc9\xbaO\xfa\xfa\xd8\xefg\x5c?c\xfb\x18\
\xdb\xc3{\x83\xeb\xfb$\xfb\x15\xf5}\xc6\xf7\x90\xdff\
\x18\x10\x02\x9b\xa0P\x98\xb8y\x220>Aj\x19|\
\xedKh_\xa4\x14\xde\x7fo\xf6\xbf\x85}u\x0e\xe0\
5\x9b'\x0eo\x94\xfc\x9fF\xab\xe9J\xfe\xbf\xcd\x01\
\xbc\x8f\xeb\x0e\xbd\xef\xa3\x11q0\x0e\x0c\xc1^kG\
\xfc\xae\xa6!{]0\x9b\xac\xdfY\xfe\xe9]\x0fq\
\xf5A3\xde\xff\xdck\xb7\xe7\x90\xf8\x98<\x03\xfc\xe3\
IS\x05g\xc7\xfep9\x1eXpD\xe4\x07\xec\xb9\
x\x19\xee\xfe\x01\xb8\xa4gP\x11\x0fT\xdd\xd7\x09I\
5\xdb\x83\xcc\xdc,\x84\xa6\xd4\x8e\x0d\x8bNI\xc1A\
\x17\xefj\xff\xbe\xea\x96\x1eF;\xfb\x08\x0e\xa89\xc9\
\xa9\xaaO \xdc\x92\xd3$\xb7P\xae/\x82\xc9_\x1d\
X\xfc\x14#H\x9c~\xa6\x7f\x9a\xe2\x1f\x8cS\x14\xff\
\xb7w\xf6U\xf4\xd9\x90\x0eh\xef\x16$\xf9\x07\xa9i\
h\xde\x12L\x13c\x7fX\x0e\x06\x92\xcd\xbd\x92\x92\xf5\
\xca<\xd8\xaf\xb2\x9c#c0\xde;\x14NqI\xd8\
h\xed$\xd7\xe9\x9f\x90$9E\xc6\xe8\x94\xeb:\xbe\
\xc7\xa5\xf6n8\xf0\xf8/\xe9\x19nO~\x0c\xfb)\
\xcc\x81\xb8\xf7\xba\x16\xcc]\x5c1z\x97\x22N\xf3\x0e\
\x08\x14\x1c\xe1\x5c\xf5s\xe8p\xee\x0a\xc6\x93\x7f\xd7\xcd\
\xd8Zf\xb5I\x9e\x86\xe2\x84\xaet\x9e\xf0\xec\x5c8\
\x87Ga\x95\x81q\x85\xed\x17l\x1f\xcfu+\x97\x7f\
\x96}>\xe8\xfb\x1f)\x1erM\xcf\x86oH(\xb4\
l\xec0\xef\x9a\xb6\xf0\x8f\xd7\xc4\xe1\xf6.\xd7=\xfb\
\x0b\xd5g\x00l\x1c\xf7m\xa3\xd8\xff\xb3\xbd\x95\xf8?\
\xce\xe8,x\xaf\xee\x9d\xf7IDj\x1aV\xb9\xfab\
\xab\xbb\x1f&8z\xe1\x94\xa9\x85\xbc\xa7Q'\xcf*\
\xf4{\x99\xfc\xf3l\x9e\x9ef\xb6\x22\xd3\xdc#\xc0\xb8\
_\xc6\xf4\x0b^\x84\xf1\xbf\xb4\xbf\xd8\xc60V\x80k\
\x86\x5cgb>\x0e\xae\xf93f\x8e\xf1\x81\xe7t\xf4\
\x94\xcf\x9d\x90\x88?\x0e\x1d\xc3\xd2\x1d5\xcfC~\xf8\
\x929\xd8\x0b\xcc\xc8\x96T\xe9\xa1\xf1&]cJ>\
\x04\xeb\x95Q\x1eA\xc2U9\x84\xe2\x9b\x1fs\x1e\x08\
\xde\x8fg\xfcD\x90\x0fb\x1e\x9b\x80\x11\x8f\x9ea\xf0\
\xa3\xe7\x18P\xf4\x14-\xc8\xae\xb1mg^]\x89\x8b\
\x19s@\xfe/\xfb\xc72\xb3\x98l\x1a\xd7\xac\xd9'\
\xe8\xe4\x16\x80An\xfe\xd8\x13\x10\x81\xbb\xee\x9e\x08H\
\xcf\x949'orq\xfe>\x86b\xf9\x13:\xfar\
=K\x8c\xad\x84G\x81\xe7-MX\xb1\x1a+\x0f\x1d\
F\x17\x95\xf9\xb8nt\x0f\xab/^\xc5\xad\xa0pE\
\xacM:\x8eg\x8bu\xa0\xebf\xfc\x02s\xa6\xf0\xcc\
5\x8b\xe0p\xe17\xd8{C\x1b\xad\x19\xff\xc3\x98+\
\xc6B\xed?&\xb9=~\xef\xdc{\xccu\x1d\xf3\xb2\
>~\xc6;Oq\xf1%_\xe8\x06\xf9\x01W\xd1\x81\
\xf7G9\xaeWGY\xfe\xf9\xdfS*\xc5\x95\x8c\xd5\
\x98z\xf4\x14.\xd5\x82\x93zWK\xdf\xf6\xd0\x1b\xe3\
\xff\xd8tx\xf4\xcf\x95?\xf7\xd0\xd5q\xef\xcd}\xb3\
\xff\xbb\x8dl\xc8\xde\xd0\x18$\x94\xf5\xb8\xdf/)\xc1\
\x1e\xd2\x03\xd2w;{\x81\xf4\xfbq\x8e\x8e{\x00x\
\xff|\xbe|\x8d\x02'>m\x96\xc8?\xc7\x93\x8c'\
\xe7}\xc3x`\xc6\xd3\x09\x07G\x19\xcf.c\x8aY\
W\x08\xd7\xf0\xb0\x91\xe8\xb3h\x99\xf0Z\x07\x86\x87c\
\xcb\xa5\xab\xe8D\xfb\xe8\x96\x99y\x8d>\xfa\xe3\xc7O\
\xd1\xab\xcfI\xf8\xfb+\xd7\x07\x997\xc7\xdd#A\xbe\
\xceN\xc9\x96|S\xe5\xb5\xeb\xf4Y\xe4\x95\xf1\xdd\xec\
\xa3XeTH\x14\x86?c\xde\xdc\xa7\x82[\xe4{\
\xe3>\x9e\xc1\x0en\xe8\x95R \xf1?\xcb\xf9\xe7\x82\
\x03\xd8@\xbe\xad\x16Z\x91\x1f\xdb\xc6\xd2E|\x01\x96\
\xffn\x8e>\x18\xa4zH\xea\xe0\xac\x13\xb9\x06\xc0X\
C\xf6\x11\xbe5\xb0@k=S\xf4M\xca\xc6.\xf2\
\xa1\x22)\x8eh,\x9e-\xf6\x99y\x06\xc7Y#c\
\xfcJ\xe7\xbfx\xe7.l\x5c\xdd\x10_\xa9o\xf9\xd0\
\xf9\x8b\xc2w\xe2\x13\xec\x8f[\xa16\xc8\xa4wYu\
N\x8a\xfe\xfd'\xe8\x93]\x8a\xb6\xe4\xcf\xf3\xfd\xb3\xec\
\xb2\xfd\xeeJ\xb2j\x17\x9b\x88h\xd2\x87\xc6\xf4\x1e\xce\
\x5c\xd2\xc4\xc6\xbd\xfb\xf0\xd5\xf6}\xc2?\xc2y\xd0/\
\xe9\x1d\xa7ee\xc3\x89|\xc4\xbe\x9e\x81\x82\xe3c\xdd\
\xa0\xee\xe1'\xb3\x8c\x0f\xdc5E{z&/|\x7f\
\xe32\xbc\xef]\x1cw\xf1R\xba\x0e\xe6=\xefL\xba\
A\xdf\xd6^\xf2\x91\xef\xc3\xaa\x89\xffk\xf5\xea\xc6\x91\
\xff\xf5\xbbF\xf4\xaa\xfc\xb9\x07\xaf\x0f}\xe7\xf7\xcb\xdc\
\xfe\xf7\xac\xac1V\xf3&\xfc\xe3k\xe6\xbf\xf6OL\
\xc6n\xd2\x0d?\x92\xbf\xfb\xcb\xd5\xdb\xe8C\xfb\x86\xfd\
\xdfc\x86\xf7``j\x0a}\x13Sh\x1a\x1a\xe1\xb8\
\x9e!v\x1f;\x81);\xf7b\xccqut\xe3\xb9\
\xf1\xdbU\x15\xbd\x03tp\x8e\x8ce\x8ak\xd2\xff\xfa\
i\x08\xfe5p\x88\xf8\x06\x9d(\xb6\xd8I\xfeij\
~\xdd\xbcT\xce.\x11\xe81X\x0bfV\xee\x22S\
\xc1a\x89\xf8e\xbc'\xa6.\xc9\xc2P\x03+\xac+\
,A\xd7\xed{p/6I\xf8\xcdy\x99\xda\xda!\
\xa9\x8c\xe7\xf4\xdc=S\xa8\xf9\x85\xe2\xa7\x82'\xd2w\
\xc76\x9c\xfd\x01\xd6Q\x9dI\xb6\x19+\xcb\xf5/\xd6\
[\xec\x9ft\x10\xee\xdd\xad\x14\xc3\xac\x15L\xacp\xf0\
\xee\xdc\x8f\x0b\xc6\xa60rv\x15\x0c \xefo\xc6.\
p^\x9csc\x1c#s\xfc\xdb%:\x03\xddI\x97\
\x8c\xcc+\xc6\x81\xe8\xc4Zgl\xbd\xcc\x1f\xcb'\xdd\
\x15\x10\x1b\x07\xb3\xf8dL\xb2\xb4\xc3Yc3\x9c\xbf\
~\x13\x0e\xe4\xb3;{x\xc2\xc7\xcf\x1f\x81\xc1\xc1\x15\
\xb5\xf7[Fw+\xf4]\x9du\xae\xc2G\xe8\x9e\x9c\
/\xfa\x8d\xf3\xf7,\xff|/l\xe3;\x92>\xb3J\
JG)\xc52\xec7m\xd8\xb6]\xf0\xc5\xfc,\x18\
\x9f=\xcc\xd6\x09\xddu\x8c\x14\xfe>\xc9\xf5l\x13\xdb\
\x8a9m\x92\xd3\xa38LU\xc7\x10\xdf\xde\xd0\xab\x90\
\xff6t\xfcfd\x89\xb3\xfe\xa1\xc8\xac\xd4#\x94\x90\
\x91\x85\xb5\x14\xb3u\xbcx\x13\xf6~\x01\xef\x81\xfc\x1f\
xc3\x00\xf7\xaa\x0d\xf9Xy\xf6o\xd3w~\xbf\
\x87\xcfj`\xfdIu\x99{_\xdf\x95\x95_\x80\x9b\
\x0e\xce5\xf2\xd9V\xdd\xbf\xcc\x19\x1cN~=\xe7\xfa\
4\xcd,1GM\x03\xed\x16\xaf\x10\xd9\xe7\xe3\x87\xc9\
S\xeb\xac\xd7\xfd]\xe9\xb3x\x8f\xbb\x90\xfd\xfd`\x9e\
\x15\x06\xcc9\x8f\x7f\xee\xce@\xbf\x1d^\x92\x87\xe6\xbe\
\xa4^\xae~hB\xfe\x05\xe7\xb4;:xI\x1e,\
??\x1fzf\x0a\x9c\xb3\xaa\xa3;\xe2\x8b\x1e@-\
6E\xe6k1F\x9e\xf9\x01\x18\x8b\xc8\xb9}\xf6\xf3\
\xb9\xa7\x89{\xea&.[!\xb1\x03\xd7 \xb8\xafA\
\xe6\xd3\xac\xdd\x8c~\xaa\x87%\xb6f\x9b\xba\xde\xccF\
\xf2\x81\x8c\x9f\x13\xf9\xf7\x09\xc7\xb7\xdc\xc7fh!x\
\xdb\x81$c3\xe9\xbc\xcb\x9f\xfc\x89;\xc9\x19\x0dz\
/\x5co[\xb2\xef\x00TNk@/1\x1d^\x14\
\x97'&%a\xf0\xdc\x05r\xbd\x5c\x83]\xa7\xae\x81\
\xad\x17\xaf\xa0\x8f\xcaf\xc9\xe1E\x92o\xc0\xd7\xa6c\
aU\xafs,M\xcc\x11}\xc72\xca\xb5\xbbr\xf9\
\xe7\x1c\x07\xfb:\xdfQ\x9c\xef\x92\x99\x87\xf8\xf4t\xfc\
{\xfco\x82k\xfa\xd7\xe0aR\x1b\x95\xfc\xe1\xf49\
P\xd1\xd2\xc5\x83\xc7\xd5m\xf7_\xf4\xbe\x06S\xcc\xcf\
\xf9\x80E\x14'\x06\xa4(0\x0f\x11\x99\xd9\xd8\x91\x94\
\x85k\xc9\xe9\xc8\xab\x84\x17fL\xe2\xbb\xc6\xfe\xf0\xd2\
\xd0]\xa2\x8c\xfd9\xd7\x0d\x8d\xc5\xff\xbdz\xef\xac\x7f\
\xbf/\xfc\xff\x95\xf3m\xdfo\xde\xf1Fg\x7fV\xdb\
\x1bd\x0b\xed\x9d\x9c\xa1y\xe3&\xce_\xb9Z+n\
\x8c\xfb\x0ev\xd1\xfe\x1f\xb2b\x0dZ\xcf\x9c\x8b\xcf&\
\xcd\xc5\xc0\xe1^\xf8\xea\xbbe\xf8`\xd2\x15\xb2\xbb\x9e\
\x22\x93{/^\xc6\xf7Z\x06\x18\xe5\xe6\x8b\xd1\xe4\x9f\
4S\xbfD\xf2zT09\x16)\x99\x98\xb1c\x0f\
\xb2\xf2\xf2\xa4\xef\xa6\x9c'\xeb\xb0\x87?\xda\xd0~g\
\xcc?\xd7\xf8y\x9e8\xe78G-X\x04\x1b{\xfb\
\x8a\xe7\xb1y\xe7.\xc9\x8b\x89\x0d3w\xc2\x09G7\
dQ\x9c\xcd\xcf\xed)\xd9\xc7+\x81a\xf8^\xfa\x17\
\x5cE\x17p\xec\xc3\xd8\x99\xfe\x89\x99\xf8\x83\xfe~\x03\
\xe7\xdc\xe9\x18\x97\x96\x8dG\xb5\xcc#\xa8\xba\x98gm\
\xea\xf6\xddJ<\x9d\x8c\xb3g\xbfd\xf2\xa5\xeb\xb8\xe6\
\xe6\x8dI\xfa\xc6\xd8ndV\x86w\x02t\xadl\xd0\
d\xd1r\xb8\xfa\xf8\xa0\xf5\xc1\x13\x82\x0fz\x19\x1e/\
\xb6\xe4\x11\xe9\x964ts\xf2\x95g\xa5$\xff\x95r\
\x1e\xddI\x0fp\x8c\xcf\xb9\x9d\x15\xbb\xf7B\xcb\xc0\x10\
\xfa\xe6\x16\x88\x89\xaf\x9d?\xb6\x94\xec\x89VP8\xe6\
\xd9\xb8\xd68\x9f9,;\x17{2r\xe0\x96W\x88\
\xbf\xf1\xfe\xac\xfdW~Q\xee\xfd?<,\xbf\xb1\xe4\
\x7f\xea\xd4\xa9\xff\xb9[\xb3I\xa5\xcf\xffG\xa3s0\
\xbe\xca\xea{\xe2l\x85\x5c4\xd6\x8a\x8e\x8c\x84\x85\x89\
q\xc3c\x5c\xd2\x0d\xcc\x01m\x17\x14\x8a\x96d\x8bY\
\xbe\x05\xc3\xca\x18\x9a\xdf\xe7\xa0\xd3hut\xda\xa8\x85\
\x0fW\xdd\xc4\xc7\x0b\x0f\xc0\xca\xd3Kf\xce\xfe\x9e\x96\
'8\x1c\xe6\xfd\x16\xfb8\xeb\x0f|\xf1\xeb\x04\xc9]\
}Gr\xfdGL2r\xaa\xe0\x1dc(\xce]r\
\xf4$>%\xdb\xf9=\xe9\x0b\xbd;F\xd5d\xc6\xc3\
\xcbKp\x86\xec\x170V\x969\xae\x19\x1f\xd3\x89d\
b\x87o0L\xd32\xe1\x96\x93\x87\xdf\x0d\x8c\xa5\xfe\
\xd9\x96{\x93\xed\xbd062\x0a*$\x98\xcc\xcf=\
\x836\xf8\xd0\xe2'\xb0\x89\x8a\xab\xd73\xb8\xa4\xa7/\
\xfc\x88\xe5~\x8f{x\xa4\xf0\x83\xabU\xe1'4\xf1\
\xf4F\x0f\xf2[6\xe8\x19K\x9d\xce\xdd\xc7\x17\x9f\x91\
\x1f\xd4\xf1\xf2\x0dt\x1dt\x00\x86\x86\xb6\xf5:_H\
v\x1e\xc6\xda\xba)\xfa\xefX\xfe\x19\x0b\xc4\xf9\x0c\xae\
{\x94\xf5)\xcaA\xfa`\xa5\xee]\xd4\xd7T\xb8\x84\
\x86\xc3 )\xa3N\xdb\xa3\x19\x15\x0f\x8d\xf0\xb8\xf7B\
\xf6\xf9z\xf6\x5c\xf9TI\xfe\xb7\xa9w\xdb\xdd\x98\xf3\
\xff\xb6\x9c\x1cT\xaa4\xff\xd3\xce\xea\x9d\xdf\xf7*C\
S\x99\xe7\xd4\x98+\x8a\xe4\xbf\xcf\xec\x81/\xcd\xeb\xf0\
3O\xcf\xce\x81_x\x04Vj\x5c\x14\xcc,\xe7\xe5\
\x84/\xe0\xf8Y\xc1\x08q\xff/\xe3q[S\xbc\xde\
\xde\xd9\x1f-\x0c=\xd1\xec\x80::n\xba\x81\xf6d\
\xab:\x1a\xdbaRQ\x09\x9a\x92\x8f\xaer\xf9:4\
n\xde\xc2\xa2\x83G\x10\x1c\x15\x8d>\xcbW\xa3\xb7\x95\
#\xee\x86\xd7\x9eg\xe6\xfe\xc8\xda\xe2s\xf6U\xfa-\
V\xcc\x08\xe4\xb8\xbe\xad\xad\xbb\xf4\xd53\xff\xee\xa0\x87\
\x7fa\x05\xfd\xce\x0d\x12\x88C\xe4\x0b\xfc\x94_\x22\xfc\
:\xed]\xfc\xa4\x0e>\x83\xfem\xd4\x9f\x7f\xe3\x87\x5c\
\x8a\xb5\x13s\xa1\x15V?|/c,O\xea\x1a(\
ltF&:\x92\x0c\xfeJ\xfey\xcd\xcf\xefol\
7\xb1\x11y\x0d\xa7X\xba\x0bs\x12\x91\xbe\xe3\xe7h\
\xe3\xe0Q\xffz\x02\xe9\x8f]\xf6n\xf8\x96\xae\x9b\xfd\
\x1c\x89g*\xe4?\xb4\xe2\xff\xb9\xdfi~P\x0c\xa2\
\x0a\x1f\xd4\xea3\xf2\xbfs\xcdh\x09\xf9(\xa5\x8f_\
\xfe\xfeW\xdf1{\xe9\x9c\xbf\xb7\xb1j\x9a\xff\xb7\xeb\
R\xd3\x99\x8d)\xff\xdbN\xf6\xd0\xa8\xfc\xf9w\xecN\
\xbd\xf3\xfb>\xeb\xea\x85\xe8*\x98\xf4W\xceQ\xd3>\
J\x88\x8d\xc59\xf5\xa3\x18pj\x22\x86h\xfe\x0eC\
\xe7{HJO\x16\xfcMn~\x1e\x12\xe2b\x11\x1c\
\x1a\x86?\xc8nI\xfdPz\x017)\xbe\x92\xac7\
;u\xe1\x85\x0e8v\x06-O\x9dC\xdf\xa8d\x8c\
8r\x0a?.X\x82\x0f\xc6\x9eA\xab\x8ek\xb1J\
\xc5\x0b\x97\x9d\x5c\xa5F\xd7%(\x0e&\xf6/\xe6\xfe\
\x16\x17\x17\xc3\xdd\xd7\x17\xcb\x8c\xadp<*\x11\xcdN\
\x9e\xafu^\xf8\xcb\xd6V\xb53\xd2\xf3\xca\xb1=\xcf\
\xda\xe5<a\xf7\xa4<\x0c}\xfc7T\xe8\xe7,\x99\
<\xc5\xfd\xc7\xfbO\xd09\x22\x19\xed\xdd\x03EW\xf4\
\x08\x8eE\x8f\xe4|\xe1\xe7\xedD\xb2\x93ZO\x1c\x10\
\xeb\x1c\xe6+\xe4<\xde\x007?\xa9\xa5w\x9b\xb7\x08\
\xc6\x16\x96\xb5\xfe\xcdu\xfa\x9d\xb6\x0e>\xf8\x9at&\
\xfb'\x1d\x03c$o\xc1\xbc\x8c\x0dY\xd6!a\xf8\
\xee\xcc%\xc1\x02*\xe4\xbe\x92\xfc36\x98\xe4_\xf0\
P\xe4\x0bl\x08\x8aFlQ1\x9e\x92\xcf\xc4\xdc@\
\x1999\x88LK\xc7R\x8a\xc3\xeee\xe6\xbc4\xa6\
\xe4\x1a\xa6\x8d\xbd\x03zM\x9d\x8e\xe8\xf4\x8cw.\x07\
i\x19\xa95\xf4\xfe\xb4\x9e\xdc\xa8\xf2\x7f\xa6\xc7\xd2\xca\
\x9f\xafc\xb5\xef\x9d\xdf\xb7\xa1\xa7/<\x12\x1bG\xff\
\xba\xbb\xb8`L\x97\x16X3i\x1c,=\xc9g\xb5\
4\xc2\xc0\xab\x8b0\xf8\xcatt\x5c\xd8\x17#t\xe7\
\xe2\xe0\xd0^\x18\xdf\xb1\x1d\x06\x8f\xee\x8f&\xab\xd6\x09\
\xaf\x08c\x08\x99S\x8cu\x00\xd7\x08\x19\x9b\xc2|\x5c\
\xcd\x8f\x9f\xc1\xc2\xb4\x1c\x18y*z]\x8d-\xbd\xf0\
\xdf\xaa\x05\x18\xbd\xd9\x11\x1f\xaf\x08Go\x0d\x07|J\
\xf1A{\x07o,\xbbrS\xa9wa\xad\x96\xae\xe4\
\xf5Fl\xdc&\xbc\x05\xd1\x09\x09\xaftO\xa7nj\
\x97\xf1\x0f(\xec\xac\xf4\xfa\xa7\x16\xe1\xe7?\x81m\x9c\
3f\x1d\xc1qT\xde#\xe9\x03f\xdb\xd9\x8a\xfb\xa2\
\xc9\x96\xb2\xae`\xae\x92k\xbe\x0d\xebk\xcd\xc9/@\
\x17\xd2w\x93\xbc\x02\xd0\x9d\xe4\xd9\xd6\xc9\x19G._\
\xad=_\x98\x9a\x8a\x96k\x0eW\xc8>s\x8crO\
\x22\xcbmf^\xc3zs\x8b\x8aK\xb0G\x8b\xeeW\
\xdf\xb4\xcc\x0fP\xe8\x00\xeew\xec\xe8C\xf2\xef\xa5\x90\
\x7f\xc6D\x96\xe7\x08Ff\x17\xe2\xa7\xd8\x14\xcc=t\
\x1cI\xf5\xc0\xf3\xb1\xad\x1d\xbfk\x1f\x0c\x1c\x9c\xf1\xbe\
,\x13\xeb\xea\xdc\xdf*{'\xfd\xd2\xa8\xf3\xbf/t\
\x1cU\xf9\xf35\x8d\xd6\xbc\xf3\xfb\xe6>\xc0\x9f\xc9\x8f\
\xaeI_\xf3\xbf<!{TH~\x5cN\xe9#\xa4\
\x15?D\xf2\x83\x12$\x14=@HN>nD\xc4\
a\x01c\xc46lC\x1b\x9e\xb7\xb3p1\xda\xcd\xea\
\x8d&K\x97K\xcf\x0e\xcb\x1f\xe3\xc6Z]\xb9\x85V\
\x13\xbb\x09o\x16\x7f\xdfF\xdf\x0cmW\xcdF\xfb\xb9\
?\xe0[-\x03\xc9=\x95\xdb{\xf1\x09H\xa6W\xef\
?\x88\xee\xb7\x0ca\xe8\xef#\x9c\x15\xe9\xe9y\x187\
5\x13c\xcd\x03`db\x8a\x94\x94l\xfc\xf4\x8b;\
>\x1d0\x1e\x1d\xad]q\x94\xe4t\xf8\xcau\xe2g\
pL\xc1vs\xc9\xce=\x88LJ\xc6\xb7\x14G\xb4\
\x5c\xbe\x16\xc9\xaf\xe0\xe78x\xfb(b\x7fsG\xda\
\xeb!\xe8\x1c\x99\x82^\x19\xc5\x18C!\x83*\xfd\x5c\
\x97\x8e\xd5t|\x9fU\x22<\xbb\xac#\xbe\xa5\xfb\xe3\
\x99d\x8c\x95\xefx]\xf7\x95z\x92\xee\xf9\x05\x08o\
\x11s\x1f\xa4\xa4\xa5a\x9e\xfa9y\x0e5\xadA\xb3\
\xb7\xbd\x90}\xee\xdd\x0dM\x10~0\x9em\xd2\x93b\
\x8f\xdcz\xe6\xd6+c/\xe2H\xa7\xccW;\x8b6\
<w\x88}\x7f\x9fp9$&(\x97\xff*9\x02\
\xd7\xac<\xe4?~\xb9\x9f\xa5k\xe7\x04\xc3\xe0\xf7g\
\xae\xbc\x5c\x93\xf5\xfe7\x86\xfd)_*;\xc6\xfeP\
\xf9\xf3\x0f\x5c\x1b\xfc^\xdc\xfb\xaa\xd84\x99\xbb\xa6\x1d\
\x95\x805\xbe\xa1\x18Nz\xbf/\x1d=\xdd\x02\xd0\xc1\
\xc5_\xfa_\x04\xff\xc2\xf35\xc8\x07\xe6\xda\x99\x82\x8b\
\xcfS|E\xee\xcf\x15\xb9]\xb1\x16\x83.\xcf\xc1\x88\
\xdbs\xb0\xf0\x97~\x18A~\xf30\xb2\xe1\xe3\xe7\x0f\
\xc1\xd0\xab3\xf0\x8b\xc1B,]0\x06\x13T\x0f\xa3\
\x7f\xbbv\xf8q\xd6h\xb4;~\x10\xad\xb7\x91\xcd_\
\xb6\x02\xbfn\xdb\x0d5\x077<x\xf4\x18\x09\xc9I\
X\x98\x9e\x83\xdfu\x96c\xc0\xb2K\x180\xd8\x02\x06\
w\x12\x10F\xf2\xbcY[_jF\xff\x1a>\x0a\xdd\
~\x1d\x8b\x9eW\xb4q\xdb\xd6\x1e\xd3\xe83\x9a\x8f\x9d\
\x88EZzXw\xe9\x1aV\xdd6\xc4\x5c:\x98\xaf\
L\xed\x96\x8e\xcc$x\xf4\x12\x1e\xcb\x9a\xd6]\xf2?\
z\x93\xfcw\xf4\x8b@\x97\x98t\xf4\xcey\x84\xdfH\
9\x1e)\xf3\xff\x17\xf2\x1c\xde\xb4\x22E\xfc\xef\xec/\
}B<{\x84\xfb\x22/\xd41\x0f\xa0\xaeu\xce\xc3\
\x07\x9f-Y\x89\x1e^\xc1\xb8\xa1}\x1bmO\x9e\x83\
JX\x02F\xea\x9b\xc0\x89\xfc\xf44\xe1\x16)\x96\x98\
K\xfd\xb4!\xbaxD)d?\xe4\x85\xec\xf7\xcax\
\x80!\x14\xa7\xfc\xc6\xb5\xf6\x97\xd5u33p\xe8\xd7\
\x918>e\x22\xa2c#\xc9\x9f\xcfD`t0\xc6\
\x9cY\x8d\x0e'\x8f)r\x82,\xff,\xeb,\xfb5\
\xc8\xbf\xfc?\xf9\x09\xdb\xc3\x13\x90\xf6\xf0\x11\xfe\xac!\
\xf7\xcf\x98\x86\x19\x96No\xb5\xe6T\x9f\xa5m\xb9\xab\
\x9a\xfcs\xce\xbe1\xe5\x7f\xc5\xde!\xffR>\xc7\xff\
~/\xee\xdd6!\x05]\xefZ\x08&\xa6=\xc97\
\xd7\x7f\xd8o\xe5w\xde\xbe\xaa\xfc;U\x92\x7f{\x85\
\xfc\xb3\xaf[\x8e\x05f\x9cX\x8b\x95+\xb0z\xe4p\
\x9c\x9f8\x1a;\xa7L\xc6\x8c-\x1b\xd1F\x8fb\xd4\
\xcbW\xb0~\xd92\xec\x9e\xbe\x09\x03\x87\x99\xe0\x87\xb1\
Z\x18\xa21\x0d\x8b,\xb7\xd0\xbe\x9e\x87_\xd4f\xe0\
\x86\xbe\x96pZ\x0d\xdd\xb4\x18\xdb\xcb88KJ\x1e\
\xc2\xda\xdaI\xfe\x9f1\x05\x93\x133d\xef\xf3\x5c\xab\
\x8fg\xcc\x93\xdaX\x1b\xe6\x1e\xda\xa1\x8as\xda:J\
{k\x15\xe9\xb3&\x9bv \x9a\xf4\xc6\xa9+W\x11\
\x14\xf2js\xa8\x82b\xe3\x84\xf3\xa6Sp<\xbeO\
\xbf\x8fI\x7f\xfe\x85C\xcf\xff\x86&\x1d\xbf?\xfb\x1b\
\xdd\x93\xf2\x85\x03\x88\x9f\x13\xdb\x7f\xc6\x07\xf6\xb5qD\
\xc1+\xce\xd6\xb6#}\xfc9\xe9\xd3\xaf\xd6o\xc5\xcf\
s\xfe@7C\x05\x8e\x81s\x95\xc1\xc9)\xe8\xabv\
\xae\x0cW\xb5\x1d-\xe6\xefFs\x95\x83\xf8\xde/\xf2\
\x85\xddO\x7f\x80\x81\x0f\xff\xc6D\xfa\x1b\xe64_\xcb\
\xf5w\xce\xb9\xd5\x90\xaf\xb3q\xb2\xc5\x9e\xf1}`\xa7\
\xad\x05\xf3\xeb\xd7\xb0Yo\x03&Z\xaf\xc4\x89\xd8k\
\xd0\xf5\xbb\x8b\x87\x8fKaha\x81^\xa4\xcf\x84[\
\xb0\x92\xef_!\xfb\xe5\xf2_\xe6'\xf0\xf1\x9d_\x14\
\xac3\xf2\x90C\xfec9\x1f\x8b\xb1o\x00\xacS\xb3\
\xf0\xbe\xad}\x9a\xc3\xab\xce\xfe\xfe\xf3\x83F^\xacO\
vi~\xa5t\x1e\xee\xab}\xd7\x8b\xf7\xd4\xc2\x844\
4%\x9f\xbd\xc5\xd5\xdb2G\xa7\xba\xfc\xfb\x89\xfc\xf3\
\xcfx\x96\x94\xe8\x00{\x05\x1f/\xd7\xbf%\x87WI\
\x07\xc8\xec\x19\xf5\x8b\xd2;\xcfXy\xae\xa1\x0f\xd23\
\xc1\x16S\x1b\x1c\xb9\xa6\x87}'n\xa1\xfd\x9c~\xd8\
tS1\x07\xb1\xf4Q)\x8c\x9c\x8c\xd1qa?\xb4\
\x1a\xdb\x15=Ol\xc6\x8d\x98\xa4\x1a\xf3\xcb\x13\xd7o\
\xc64K\x07\xe1\xad\xe58\x83\xeb\xee\x9c?x\xf8P\
\x99\x83.\x85\xe2\xe8V\xd7t\xf1\xd5\xc6\x1dR\x7fW\
\xbfz\x1d\xeb\x8f\x9ex\xa5g\xb4\xcb\xd8Rb\x00\xe6\
\xc7\xe8\x16\x9f\x83\x01\x85\x8f1\xa1\xa4\x14S3s1\
(1\x1d]9\xde\xf6\x08\x11< \xe7\xff\x98\xfb\xe3\
s\x8ac\x1a:G\xa3\xa2>\x9f\x93\x87\x9e\x97\xb50\
u\xfd&\xfc@\xf7\xc7}\xd1I))\xf2\xaeN\xe8\
\x1a\xc8\xbc\xec\x07\xa4\x17\xd9gg\x9d\xb8\xef\xba\x16\xba\
\x86\xc4\xcbl\xc1\x9e\xa4\x9f~,y\x0e\x9e0=\x8b\
u \x1d\xdcm\xc6w~\x81so\x95\xe3\x1bW\xd2\
iK\xfa#>\xe9\x85\x87p\xe2\xa6:\xce\xdah*\
]\x0f\xfbM+\xba\xb5\xc3y\x0d\x0d\xac\xb6\xb0\x17\xdd\
_\x93\xfcw\xac\x90\xff\x08\x05\x9f\x08\xc7%\xf4\xccF\
\x87\xc4\xc1=;\x1fC\xadk\xc6\x04\xbc\xcb\xc5\xcfp\
\xcf\x95\xffR\x96\xff\x13\xbd\xb6~\xf0\x06\xd6\xa6#\x83\
\x02\x94j\x00\xd6W\xde\xe9\xbdg\xe7\xe7c\x0a\xc5\xe7\
k\x1d\xdc\xd1\x9fby\xe1\xc1\xdds\xa8\x02\x07\x22z\
\xa0\x5c\xfe+b\x80\xca\xf2_)\x06X\xb2\x0a\xa36\
o\xc7\xd2\xc3\xc7\xb1\xf1\x84:\xf6^\xba\x02=;\x07\
\xc1\xdfp\xfe\xbd\xb2]\xe6g\xbe\xf9\xc2.\x8c\xd6Y\
\x80\xc5\xda\xaa\x08\x0cLAdd\x22z\xf6\xbf\x8c\x11\
\xdbg`\x9e\x96&\x1c\x13\xaa\xe7%\x1f\xfe\xf5\x1c\xcb\
#\x92\xd0j\xe9\x0a\xb4\xa5\x18\x9b\xb1\x7f\x82\xe3'y\
\xab<\xa3\x8b\xe7v\xb59xR|\x84\x98T\x05\x06\
x\xfa\xe1\x13hFz\xa9\xa1\xbe'\xe7\xaa97\xc1\
|E\xdc\x03\xc0\xb34x\xe6\xf6\xd8\xe7\xec\xfb\xff\x8d\
_s\x8b\xe4y0\xefW;\x1b7\xc1\xca\xb2\xfe\xdb\
\xa0v\xe6\xb5t\xf2\x82\xc8x4_\xb0\x0c\x9e~\xfe\
h{L\x1d\x9b\x8e\x9d\xc4\xb0\xa3j\x08\xaa\xc2\x15\xc4\
\xdc\x9d3\xef\x91\xffv]\x0f}(\x16Z]\xf0\x18\
c\x19{@\xc7J:\xf6\xd0q\x92\x8e\x83tp\xc6\
\x89\xe3\x81\xe8g\x0a_\xa0\xb8\xa4\x18=\xa6\xf7CB\
B<\xf2rs\x10\x1c\x1e\x8c\xfe\xfb\xc7!)+Y\
\xa9NwE\xef\x1aNo^\xf9\xa2\xc6K\xfe\xd0\xc6\
\xbbf\xf8\x81\xfc\xc5\x17\xf2\x1fV\xab\xfcW\xe4&\xc8\
\x7f\x9a\x10\x9e\x04\xaf\xfc\xfb(|\xfa\xe7{\x81\xff\xc9\
\xcb\xcf\xa9\xce\xfbw\xb1\xc9\x847!\xff\xdb\xcfu\x99\
[\xf9<\xb7,v\xbc\xb3\xbc\xdf\xd1\xbb\xa6X~\xc7\
\x94\xfc\xbb\xc7\x22\x13\xfd(\xbe\xe5<7\xe3\xbd\x18\x17\
\xff%\xf9\xcd\xac\x0f:\x1c>\x85\xa17\xf51\xcb\xd9\
\x1bk=\x83\xb0\xc9\xc6\x19[\x0dM\xa0e\xef\x84\xe0\
\x98X\xe4\x16\x14\xca\x1e\xfc\xf3\x15f3\x97\x94\x96\xe0\
\x86\xa9#v\xee\xbd\x8f\xa93|\xf0]\xdf\xeb\x08\x0f\
O\x94y\x92\x9513\xbcO\xd2\x1f\xff\x89\x1e\x09\xb9\
2\xb7\x97\xf9\x02?\x9d9\x17\xd3\xe2\x92\xd0\xf5\xd2u\
\x99_\xc2\xb3\x00\x12\x0b\x8a0\xdd\xd6Uz\xd3?\x9e\
:\x03\xfa\xc6\x8a\xf8\xfb\xae\x97\x0f\x9a\x93?2\xfa\xe0\
\xb1\x06\xcb\xff\xfd\x07\x0f\xa4\xcf\x9f\xb9\xc7\xa4\xe7\x8f\xfc\
\xfc>\xa9\x05\x98\x9c\xfb\x00=\x1d=\x05\x03\xcc\xf39\
\xbf\xa2\xf8\xa3\x99\xdaE\xf1\x83z\xaal\x86_H\xe8\
k\xbd\xa3\x07\xf4\x8e6\xa6e\xa3\xf5j\x15\xa8\xa8\x9f\
\xc5\xe4\x80P\x0c_\xb7Qf\xf5\x15\x14\x14\xc8a\xeb\
\xe0\x806\x87\x8ec\x84\xbb?\x92\xef\x17K^d\xae\
\xfay\xe8\xd2\xdf.\xa7\xfb\xdcYf\xf7\x99mf3\
\x1d\x8cI\x1e\xfa\x14\xe8[\xf0'\x8e\xe6=\xc4\x83?\
\x9fa\xe3\xb2\xa5\x98\xda\xba\x19VN\x1e\x8b\xf5j[\
0c\xd3<\x8cY6\x11\x19ii\xb0\xb8c\x80\xa9\
\xb7\x96a\x9c\xceB$dU\xf7\xc7\xd8\xf78|\xe3\
\x16~w\xf1\x13\xddX!\xff\xbe\xe5\xf2\x1f\xfdB\xfe\
\xb9.A>\x0a\xe7(\xe4\xa0\xef\xb5\x92\xdf},p\
\xd7J\xbb\x86\xdc\xff\x84\x11oB\xfe\xb7\xaa\xfd4\xa4\
\xf2y\xf6i6^\x0e\x90\xeb\xb0\x05\x0fK\xe5(\xa2\
\xe3i\x0d\xf2\xc8v\x97\xb1\xfb\xd3\xec\xdc\x11\x95\xa9\xdc\
\x83\xbf_\xef\x0e~$\xbb\xafOr\x9d\x9c\x9e\x81\x5c\
\xf2\x9f\x1f\x95\xe9\x86\xb7\xb1\xf8<z\xfaa(,|\
(|\xd2cM\xed\x90w\xff\x01\xc2\x12\x12\xb1H\xdb\
@\xb8\xed\xcb9\xf7\x98[\x88}m\xee\xcb\xf9X\xe6\
\x82.\x12\xf9\x96\xb9%k6\xe2\x8f3\x17\x90\x90\xad\
\x88\xad\x12\xf3\xf2\xd1\x81b\xf2\xa6\xfb\x8f\xc3\xbc\x16^\
\xdf:\xfdC\xb2\x7f\xadw\xee\x13L\x12\xe7Hxf\
O{\x13[\xb9\x0e\xd6\x07\x8a|\x88\xb7|\xcf\xfa\x92\
\xb9\x84m\xdc\xdc\x1b)6{\x8e\xc5\xee\xbe\xf8\xc9\xca\
\x09\xad\x97\xad\xc2G\xd3f\xe1\xb3\xa5\xab\xd0d\xcd\x06\
t\xdd\x7f\x18\x7f\x04EB;:Q\xe9\x1d\x8d;\xa5\
Q\xc6\xdd\x91\x88\xa3t\xed,\xff\xac\x07\x16\xd1\xf1+\
\xfd\xda\x8f%\x7f\xe3\xfb\xecR\xc11\xf0<\xf2a\xa4\
\xef\xb9\xe6X\xf9=\x5c\xbdt\x11\xf3\x07\x0f\xc4\x09\x95\
\xb5\x08\x88\x0e\xa0\xebx9F442\x0a\xab\xf4\xef\
\xe1'\xb7\x00t\xf4\x0e\x17\x1e\xe1\xda\xe5?^\xfc\x01\
\xeb\xcc\xbcw.\xff7\xcd\xb6U\x93\x7f\xfa\xef\x1fo\
D\xfe\x0f\xff\xf4\x89\xf2\xb9\xfe\xe3\xb5\xe5\x8b}E}\
\x0f/\x8c!_kmH,\xd6\x07Dbud2\
\xa6\x05\xc7a\x86{\x00\x8e\xb8yC/ \x04\xea\xee\
\xde\x98\xe8\x1b\x86\x9d\xa1q\x15s\xe2\xab\xaep\xf2\x9b\
\x7f\xd47A\xd2;\xc6d\xf0=9\x05\x85\xa0\x0d\xf9\
#\xccQ\xdb\x89l\x09ci\xd8\xf63>\x88k\xed\
\x8c\x8b\xe5\xe3\x86\xa55\xc6\x85\xc7\xc0:<\x0a\xf1\x14\
73_\xd0}\xd2[I\xf4U\xc5\xd5Gzry\
~\x01c\x9d\x1f?\xfd\xf3\x95\xae\xe7\x17\x95M\xf8r\
\xe3v\x8c\xa2\xaf\xea\xce\x1eXG\xcfp\x8d_\x18\x16\
\x05\xd2\x1e\x17\xdc\xaf\xc2\x0f\xe0\xdeH\x9eQ|\xcb\xe8\
^\xa3=\x8ba\xb3\xe7\x0a\x1eh\xd4\x8d\xdb\xd0$\x7f\
\xe0:\xc9\x8ck~\x11\xf2j\xc1\xd7\xed\xbfr\xbd\xa2\
\x0f0\x9f\xfc\x81]\xe4'0Vq2\xdb\xfe'\x0a\
\xdb\xcf9\x82\xae\xf1\x8a\x99@\x8c[\x1a\x1c\x9e\x8c\xa0\
\xa2\x12\xe9\xddy\xedw\xf7\xec\x19\xee\xd8\xd8b\x01\xe9\
,\xee#b\xccd'\x91\xff\xb8\x17\xb6?X!\xff\
\xdeY\xf9\xef\x5c\xfe\x8f\x5c\x1f_\x05\xf7\xd3\xfe\xf9\x07\
ohq?\xe1n\xcd\xcf\x94\xce\xe7\xe4\xec\xf8\xca\xd7\
.\xf3\xab(\x1e?\xe9\x1f&x\xd0\x9a\xe4(\x97l\
ib\xe1}d\x17\x97\xd4+\xf7\x92F\xfe\xc1X\x8a\
\xf5\xadC\xc2\xc9_x{\xb9\x1a\xb6Y\xcc;`\xe1\
\xee\x81\x0e[\x15s\x89\x99k\x9e\xf7h\xf9\xc1\x18\x02\
\xee[\xed\x9a\x90C\xba [\xe2~cGgh\x19\
\x1a\xa1\xed\xf6\xbd\x18l\xe5\x80\xe6\xbb\x0f\xa2\x8f\xbe1\
\xbe=\xab\x89\xaf\xf7\x1d\x13\xbb?\xeb\xea-<|\x8d\
>\xf3E\xeb7\xc8\xb9\x98+\xa3*\xb7x\xde\x83b\
\x8a\xd5\x13\xd1\x81c'\xf2K\xb8g\xe0\x92\xd6\xadF\
\xc9K%\x91>\x0e\x0e\x0d\xc5\xacUkd\xceV\xbd\
j\x07\xaen\x88\xad\x84\xa9e^\xf0\xd1\x81\xfe\x18\xf5\
\xec/\xfcX\x5cf\xfb\x93\x0bD\x97\xf2| \x9e\x13\
\xc6x!\xb6\xc9\xbf\x85\xc4!\xb8\xe0A\x8d\xb5\xbbW\
\xf5I5\xef\x99\xa0\x9f\x99=\xbe\xa3\xb8@\xe4\xbeL\
\xfe\xbb\x91N\x98b\xe1\x88\x80\x84\xa4w&\xfb\xa5\xa5\
\xcc\xf9\xff\xffW\xe9\xfb\xf9\xf1\xd4\x07opm><\
\xc8\xb2\xf2\xf9\xb4\xccv\xbd\xf2\xf5\x8f\xf4\x08D@b\
\xe3\xe3\xa7\xb9'h\x7ft26y\x05\xa0\xe4\x15j\
\xe6\xf5=G1\xe9&\xbf\xb0p\xec\xbfz\x13_\xf1\
<\xe12\xbe\x10>\xbeb\x1d\xb0s\xbf\xf4\x91\xb2\xec\
w\xf4\x0c\xa58\xfb\x12\xfa\xc7f\xe06\xf93\xd3\x93\
\xf3e\xb6\x15\xc7\xdb\x16\xb4\xe7Y\x7f\x5c\xb3\xb6\xc5\xfc\
Sg1\xf5\xc4i\xfc~\xe6\x22\x16k\xeb#6\xfb\
\xf5k,\x1bU\xf7\xc9\xcc\x01\xe6\xbf;\xe4\x1d$=\
nU\xd7\xe9\x98\x04t\xb8\xac%1I}\xfbp\xeb\
Zq\xf1\xf1\xf8p\xd4\x18L\xde\xa5Z\xa7\x8fX\xf5\
g\x01!\xa1\xf0\x0b}\x91{03\xb3\xc3O\xe3T\
`\xef\xe5\x8d\xc1Q\xa9\x8a\xd9\xe3<\x0f0&C\xea\
\x852\xbf\x84\xe5\x9fd\x92m5\xc7\xee\xfd\xe9\xf0\xc8\
\xce\xc7\xe3g\x7f\xbd\xf6}\x9c\xb0\xb4Chn\x81p\
\x8b\x999\xbbb\xb6\xa9-z\x93.\x98\x14\x1c\x8b\xe4\
\x8c\x0cl\xf6|ws?\x1c]lk\x9a\xf91\xea\
M\xca\xff\xb6\xb3]\xc6W>\xdf\xb1\x1b\x13^\xe9\xda\
\xbd\xc2#\xb1\xe3\x0d?;g\xd2-\xf3\x922\xa0\xeb\
\x1b \xf6\xf3Ub\x15\xfe\x1b\xf6S\x1e\xd2\x91\x92\x9b\
\x87\x0b\xee>\x18k\xee 5C9\xd6m\x16\x8e\x0d\
\xe6\x08\x11\xd9\xdf\x5c\xa6\x03H\x8e\xa4\xbeG\xf6\x9c\xf1\
\xec\xad\x0f\x9d\xc2\x16\xb2\xb3\xe58\xb5G\xe4\x9b0\xc6\
\x9ey\xf8\xb8\xee\xb8\xf4\xa4z\xb5\xb9\x06\x8d\xb5v\x1e\
=\x86/\xe8:\xb9\xa6\xc9s\x8f\xbaP,{2<\
\x16E\x14g\x94\xd7\xf8\xf8>\xe7SL\xc0\xfcGN\
>~\x8d\x12\x03\xfdv\xfb\x8e\xf4\x1fn\xb9\xa9S\xad\
~\x12\x14\x1e\x8e#Wo\xa0\xe3\xb25Xw\xd7\x02\
\xd9\xf7\x1f\xc8\xb5D\xc7\xc6\xc23\xe0\xc5\xbeX\xb9R\
\x0d\xce\xce\xbe\x15y\xdfu\x06\xc6\xe8I>?\xc7S\
l\xfb;\x97\xcd\x22e\xff\x5c\xe2u\x9f2\x9c\x7f\x19\
\xd6O+.\x05%\x9c\xab\x7f\x85w\x9f\x96\x9e\x8e\xa5\
\xbaF\xd5\xf2\xfc\x9c+.~\xf8P\xf0\x9a\x03o\x1b\
)q\xce*\xc7\x12\x7f\xa1\x94\xf6]1\xc5:\xcc3\
\xf2\xf4\xcf?\x1b\xf5\xbdj\x99\xa9V\x91\xff\x7f`\xf5\
\xfa\xdf{\xbcI\xf9W\xd92\xa1\x9b\x12\xc7\xc8\x95\xe6\
\xf5\x9eUUyM\x0a\x88@\xc9[\xe0M\xe0xN\
7:\x1e\xd33\x0b0\xc1\xd9\x0b\x0eA\xa1\xa4\xcb\x9f\
\xd6\xfa\xbb\xfc.\x99{\xdb\x94t\xfd6kG\xf46\
\xb1E{g\x1f\xe9\x8dS\xd4\x14\x03\x04GX!\xff\
k\xcb\xe5\x7f;\xf9\xfc{^\xc8?\xcf\x10\xa0\x18\xa0\
\xfb\xde\xc3\xc2\xd5\xf7\xb0\x06\x1c\xed\xfc\xb4B\x99\xa7]\
\xdeK\xf4\xc71\xb5\x9a\xe3$\xda7\x01$\x17\xa7\x1d\
\xdc`\xe8\xee\x85\x9c\x82\xc2\x06\xd5\xa1\xb7\x91\xfc3O\
9\xcf\xf5aLC\x07\xb7@\x89i\x87F\x93~L\
\xce\x84iT,\x9c\x03\x02\xb0\xe7\xf25\xb4&\xbf\x83\
e\xb3Q|$\xda\x17\xbf\xf8E\x0a\xcf\xe8\x5c\x92\x13\
\xf6\x99X\x97\xb6\x9c1\x17\x9fL\x9d\x819\xeb7\x8a\
\x5c\xf2\xf3\xde\xe8\xee\x8f\x01\xb6\xee\x18\xb3\xf7\xa0\xe0\x03\
+\xd7/\xab\xcan<\xc5\x07\x13\xf4M\xd0\xb9|~\
Y\xa5\xd9_\x82\xf3\xad$\xff2O\x95\xde\xdb\x02\xef\
\x10d\x14\x97\x0a\xb7\x7f}\x16\xeb\xa2\xad'\xd5\x10\x9a\
X\xb7\x7f\x1fL?\x9f\xe3\x1b\x8e<\x8a\xfd\xb8\x17\x91\
\xb1\x1a\xcc\x0d~\xda\xd6\x11\x83\xfc\xc21+\xa3\x00\xf3\
\xc2\x1313(\x06#\xc8?9\xee\xec)\xbf\xd7\x18\
\xeb\xd8\xcdIUl\xff\xc7\xcf?x\xc3k\xc9\x92%\
\xffk\xcf\xe5\xff\xa3t^_\xff\x86\xe7\xa5\xe7\x17\x94\
\xbcu,\x05\xcf\xb0\xd0\x0c\x8a\xc0`\xf7 \xdc!9\
\x12\xbc}f&,mm\xb1Vu?>_\xb9N\
\x81\x15`\xec\x90[\x00\xbe9y^1\xc3{\xe7>\
\xc9\x91W\xc6\x16\x8a\xccW\xf8\x00[\xd0\x84d\xbf\xbd\
G\x90\xd8\xbbV\xe4\xf7\x8f?x\x0c\xa6.nr\x8e\
4\xf2\x137\xec\xdc\x89\xb0\x08\xe5^\xde\xa7\xcf\xff\x16\
\xee>\xe6\xa1g\xf9_F\xbe\x7f\xc5\xfe\xa3=\x7f\x9f\
\xe2\x8b\xd5\xa4\x83\xe6f\xe4a\x9e\x8b\x17\xe2\xc9\xff\x08\
K\xcf\xc4\x16Cc\xb8\x06\x06\xd7\xfb\xbe\xaf\x1b\x18\xe2\
\xeb\xfd\xc7e\xb6\xa0\xe0\xfa\xc9?\xee\x12\x99\x22\x5cb\
\xc3\x9f\xfc\x8di\xdc+\x9c\xf3@\xd1\x03D\xcff\x8a\
\x81i\xbd}#\xd6\x99,+\xb5\xd9\xd7G\xa4k\x7f\
N\xcb\x85\x86\x85\x0d\xbe\xb7r\xa6\xfb\xdc \x5c\xaas\
V\xad\xa9\xf1\xf3\x0a\xee\xd7\x9fS;$2\x1a\xe3t\
\xee*\xe4\x9e\xf3\xf4\xa4k\x98\xcbL\xfa|<\x95\xe5\
\xbf\x1c\x03\xc6\x18P\x87\x94L<\xad\xc3f\xb1\x9d\xde\
\xaf\x7f\x17\xba\xfe\xf5{\xc6\xcc\x99\xba/2\x013\xd3\
\xf3\xb0$3\x1fg\x923\x10Q\xcb<:\xaf\xe8X\
\x0c\xa7\xeb\xb4\x0c\x0cy\xad\xdc9c\x9a\xf6^i\xa2\
$\x87\xeb\xf7\x8fp\xfd\xe0-\xac\xf5\xfb\x87\xbbV>\
\xef5\x93-\x0d\xbe\xfe9I\xe9o\x15G]>{\
\x9a}\xba=G\x8e*\xb8\xb1\xc86\x7f\xbed\xa5\xc4\
\xc6\xcc\x09\xcas\x7f\x15\xf2\xefO?\xd7&\xd9\xdf\xa0\
\xb0\xcdt\xb0\x9d\xe7\xb9Y\xb2\x97H70g~\xb9\
\xfc\xf3\x1cj\x9e\x9d\xf5\xab\x8b/\x1c\xd2se\xcf3\
G\xf8\x8e\x03\x07e\xde\xe0'\xd3f\x0a\xb7W\x8bM\
;\xaa\xf9\x01\xbb\xb3\xee\x0b\x9f\x1d\xc7\x0fC\xf6\x1c\xa0\
\xb8(\x02\xc6\xde~\x18A\xb1\xd1\xea\xec\x02\x8c\xa5\x98\
\xbc\xf5U\x1d$f\xbd\xa8w\xee\xbf~\x0ba\xb5p\
\x1eV]\xf1\x09\x09\xf8r\xeaL4S;\x8f\xd6w\
\x15}\x80\x1c+s\xfe\xec\x87\xfc'\x98T\x96[\xef\
\x9d]J>u\xaa\xe0c'\xde2\xac\xd7g\xc7R\
\x8c\xff\xc9\xd0\x11\xe8\xbcp\x19~\xa18\x9f\xf9\xd1\x9f\
\xd5\x10s\xf3\xfc\xe6!A\x91\xc2\xc5\xc78\xc3\x8e\xdb\
\xf7\xd6jsSRR\x1a\x8c;t\xf3\xf7\xc7$\xdd\
\xbb\xe8\xc4\xb8\xder\xdb_\x86\xf5\xafI\xfe\x05\x03f\
\xef\x85\xfd\xfea\x92\x0b\xf9\xbb\x92\xce\x8dII\xc5\x10\
\xfa\x9d\xa0\xec7\x97\xdb\xe7\xf3l\xbek\x8em\xb6\xaf\
\xdeC\xe8\x1b\xe8Q-\xf6\xdfy\xf9\xb3aoC\xfe\
w\x9eo=\xa2\xf2yOjOi\xd0\xb53\xb7\xeb\
:\xbf\x907\xf6|\x99\x9f5-+K\xf6\x11\xf7k\
2\xe7d\x8f\x05K\xa4\xbe\xc5\xb6\xfc3\xda\xaf|0\
V\x88\xbf\xb2\xfc3\x06\x86\xf7\x05\xe3\x04\x99\x1bW!\
\xf7/\xe4\xbf\xdcGg>\xdd\x8e$C\xbdv\xed\xc7\
\x88\x9d\xaa\xd8uA\x13\xff\x1a<\x5c8\xc4\x99\xe7\x86\
\xcf\xf7\xf1\x98\x09\x22\xef\x8c\xa5\xe3\xb9\xe2M)\xf6\xe7\
\x1eA\xd6)\xfd]\x95\xb9\x22y\xef\x0dL\xce\x93>\
\xfby'\xd4a\x94\x90\x0a\x9b\xc4T\xf1\x8dx\x8e\xef\
F'/\xfcl\xe9T\x11c^\xbes\x17;\xef\x99\
\xd7{F\xa8\x8b\x9b\xbbp\xecq\x1f\x11\xf3\xe3p|\
\xccy3\xb6\xfd\xc3\xc8\xf6O\xe7\xfa\xe03\xa0\x07\xf9\
!\xdc\x1f\xcc~\xce\x90s\xf5\xc3u2\xb6\xa8\xfb\x8c\
9\x88\x8c\x8e\x11\x9bid\xef\x88\x1f\x8e\x9f\x81\xa1\x9d\
\x83RL\xc8~\xff\xe8\xc4L\xe1Pm\xaev\x11#\
I\xbf\x8e6w\xa8\xc6]2[e\x83\xcc\xff\xfd\xf0\
\xe7\xd1\xc2\xb3\xd0\xd0\xb8\x929\xc5fk\x5cBw\x92\
\xdf\xf2>?%\x1cx\x15\xf9gN\x14~&\xf3\xe8\
\x19\xbb\x84\x84a\xe4mC\xec\xcb*\x10^\x80\xb7a\
\x8f\x16\xde\xd2GHR\xf2+\xfd\xfd5\x93\x0d\xd5b\
\xff\xe5*\xbf\xb5~\x1b\xf2\xbfv\xfb\xf8&UuO\
Cx\x90-y\x9eJH\xf8\x1by\xae\xbc\x0fGl\
\xdb-u\xf6\xd6dw\x99\x1b\x8fg\xdc0?\x14\xcf\
\xc1\x93yx\x8c\xeb70\x17\xec-\xc7\xed\x9c\xa3\x17\
\x1c\x0c\xed\x0b\xe6\xd3\x93>\x802\x99\xffj\xf5z\xb4\
#\x1b\xdf\x9b\xec\xf3\x91\x1b\xb7`\xed\xe1%\xfc\xb2\xe5\
y\xac\x11\xb3\xe6\xe0\x93)\xd3\xa5\x7fp8\xd9j\xe1\
\x859}N\xb8i\xb9\x8f\x96\xfb\xef[\xde0\x90s\
0W]\xb7\x84\x5c\xb8U\xe1\xf4\xc9$\x1b\xc4\x9c\xbb\
\xfb\xed\x94\xed\xc1\x0f\xb4W\x97\xea\xdfCp\x86\x02g\
f\xe5\xea\x86?Lm\x1ad\x1f\xf5\x8d\xee\xe2\x13\x9e\
c\xb0q\x07\x9a\x9f\xbf*X\x96r\xdb\xcf\x99\xdbi\
\xac\x7f\x1e>\x93\xbe\x00\xce\xa11v\xba\xf7\xe1\x93\xf5\
\xf6\xcd\xd8\x9f\x19\xbc|5\xac\x9c\x9c*\xf6\xb5\xa5\xab\
;\xba\x1f;\x0d\x0dC#\xf1\x83\xc2cb\xd0\xcb\xc0\
Dz\x0a\x7f;\xa5\x98\x1dm\xe4C:\xa0\xf0!\xae\
\xba{\x8b\xaec\xfe\xcf\xe6\xa4#\xd9\x9f\x929L\x13\
\xa7\xe0\xc3a#e6xC\xe7\xf3\xb2^9yK\
\x07=\xb5\xef\xbc\xc8\xdb\x94\xcb\xbfc\xb9\xfc+0\x0f\
,\xffm-\x9c\xa5\xdf{\x96\x8d+\x8a\xdeP\x0e\xb6\
\xb6\xeb\xec\xe3\x15\xf6J\x7f\xbbW\xb3\xaf\xb2\xed\xbf\xd8\
\xaa\xf4\x83\xb7\xb7\xfe\xb1\xe3\x5c\xe7\xe7J| w\xeb\
_3^\xe4\xea\x8b\xec\x82\xc2F\x7f\x9e\x8c!\x98{\
\xf8\xb8\xcc\xc7\xe0Y\x1f\xdc\xb7\xc3\x5c\xcf<\xe3\x87\xfb\
x\xda0\xee\xadL\xfe\x19\x8b\xd7J\xdfT1+\x83\
{\x01\xcapp\x1do\xddAW\x95\xcdXr\xfc\x14\
\xdc\x02\x02\xeb\xe4\xbf>y\xe1\xa2b\x1e\xcd\x96\xdd\x0a\
\xbe\x1f\x92u\x1dWO\xb8\x90\x1f\xccX;\xc6\xfc\x89\
\xde);\x1fc\xfe8\xf6\xee\x1d\x9b\x8e\xa0\xc8(d\
\x16\xbc\xc0\xadE<T\xd6\x9f.\x9e\x9er\xfd\xd7B\
\xa3+\xe4j\x18\xc5\x8d\xc5\x0d\xdc\x9f\x9a7\xb5D\x9e\
\xbe\xdesP\xf0\x08,\x0b](\xce\x1f\xfa\xf8\xb9\xd8\
\xfe\xf1$\xe6}r\x1eI=\xad\xa3o\xa4<\xa7\xae\
;T\x1b\x14\x9bq\x8e\xae\xf3\x86\xad\xd5b\x1b\xb6\xc7\
jz\x86hK~S\xcf;\xe6h2nR5\xbe\
FU\xef@L\xce{\x80v\xa4\xaf9\x8f\xc7~;\
s\x1f\xf2\xac\x15\xf6\xa98~\xfal\xf4\xd8W\x9e\xd1\
\x1d\x1e\x17\x87Q\x87\x8e\xa3\x03\xcf:\x10\xd9\xaf\x22\xff\
\x96/\xe4\xbf\x8d\xb1\xad\xc4\x80\xe7\xe9\x9a\xfez\xfev\
b\xd3q\x97n\x08\xe6\xabAy\xac\xc2\x82\xea\xb3~\
Ov\xfd\xfd-\xca\xff\x07;/\xb7\x1cV\xf9\xfc\x17\
\x8d\x96\xd4\xfb\xfa{G\xa6\xd6\x88\xf7y\xdd\xb5\xed\xf2\
u\xb2\xe9'\xd0\xf2\xf2\xad\x0a\xf9g>9\x96q\x91\
\x7fce\xf9oA\xbf\xd7\x9c~\xf6\x87G \x8c\xe2\
R\x90[Z\x7f\xd9\xb2uv\x91>\x19>_\xf3\xf3\
\xd7\xe5\x5c<\x8b\xb2\x0f\xed-\xc6\xa3\xb2\xdcK\x9f\xb1\
\x93OE\xce\x80}R\xd6\x01\x1c\xa3~2q\xaa\xe8\
\x8c~\xbb\x0fT\xd31l\xdf']\xbc\x86\xdb\x81/\
l\xc3~Gw\xf8f7\x1cozD\xe3\x9c\xc47\
\xcc5\xdeR\xcbPl s\xfbt\x0e\x88\xc6\x9c\xdc\
B\x8c{\xf2\x1c=)\x16\xe0\x98\x80\xaf\xaf\x95\xce]\
\xc9\xd154\x06\x8f\x8c\x8b\xc72\xf2\xbd\xab.\xb6\xed\
\x9c\x1f\xf9\xde?R\xe2\xb0\x9a\x16\xcf\x03\xe1y\xec\xec\
\x03q\xff1?G\x9e\xcf\xf1\xf5\x9e\xc32\xa7\xc5\xc2\
\xd1Y\xb8\x80\x12\xd33\xe0\x1f\x11\x89\x83\x97\xafI\xfd\
\xad\xa11\xf7\xc5\xbb&hA>\x06\xfb\xfd\x0a\xf9w\
\xab.\xff\xcc'L\xbeaG\xb2\x0d\xdc\xc7\xf8\xa6\x17\
\xcf\x8c[b\xeb\xda\xa0\xbf\xb9m\xaaVM\xfe\xd7\x1f\
\x1d\xdd\xefm\xca\xff\xba\xed\x13{*_\xc3g\xf5\x8a\
\xd7\xd8V\xf4\xb0\xf3l\xf4\xe7\xa8I\xef\x969\xf1e\
\xa6\xe3e\xed\x17\xf2O\xfe?c\xdf\x99#\xb6\x5c\xfe\
GZ9\xc3))\x0dG\xae\xdd\x84O`\xc31\x08\
\xd9\xb9\xb9R\xdfkv\xfa\xa2\xf0\xeb\x08\x97>\xed!\
\xdeS\x1covw\xf4\x92\xb9\xf4<k\x93\xf5\x0c\xd7\
\xa5;\x87'\x89\x8c\xf5\x0a\x8d\x17\x7f\x83\xf5\x12s\x87\
1.\xaf\xc9\xa2\x95\x88&;\xc5}\x0b?\x9b\xdab\
en\x11&\xde\xd0En\x19F\xd6#0\x08\xb3#\
\x13*b\xfe\xa8\xc4d\xcc7\xb2@w\x9fp\xf4N\
\xc8\xc2\xf7\xf4\x99[\x9d<\xf1\xa0\x06\x99\x98\xbd~\x93\
\xe4\x16\x15\xf9\x87\xdb\x82G\x16\x1d@\xbe~\xaf\xd4\x22\
\x0c\xcf\xc8\xa789\x18\x16\x81!p\x8a\x88\xc6u7\
/X\xbeB\x9f\x01\xfb\x0b\xabN\x9d\xc6][\xbbj\
\xff>z\xf7~,\xc9,\xa89\x16\xa4x\xaa;=\
\x9b~\x85\xcf\x84\x9b\xac\xbd\x93\x1f:\x91\x8f\xc4XD\
\xee\xcbd|\x04\xebX\xd6_\x9c\xa3\x91\xf9\xadt\xfd\
1%\xafV;^J\xb1\xbe\xae_ ~>pT\
1\x03\x859\xd0\xb9/\xa3\x8a\xfc3N\x82g\xc5\xb5\
\xa3\xf7\xabbb\xfd\xe6r\x81\xa4\x1f\xbby7,\x06\
P\xd7\x99\xa6\xcc\xf5\xa9\xf9\xd9\xf3\x0f\xde\xfe\xfaGU\
,\xf0M\xdd\xeb/\xbfv3kxE4\xee\xec\xb4\
k\xa6\xe6\xf8\x8a|\xf0\x16$\xf7\xd5\xe4\x9fge\x1d\
V\xc3\x1a;W\xe4\x94<\xac\x90\xa1\xd4\xcc,\xcc<\
\xf9j=\xael\xd3\xba\x1f<!\xbc\x9a,\xdf,\xcf\
\xe5\x1c3\xc2\xa1O\xfe\xf5j{7\xe9-\xe6\xbdZ\
^\x93\x96\x5c4\xd9\x9e\x0e\xa4'\xba\xbb\xfa\xc9,Z\
\xce\x0d2^\x80g\x91u;p\x1cO\xcb\xf2\xe7\x01\
\xa1\xa1\xb8\x17\x14*\xf8\xd7\xa59\x05(}\xf2T\xfa\
\x82\xfb\xba\xfa\xe3h`\x04\x1eq\xdd\xadln0\x7f\
M-z\x80y)\xd98D?\xab\xecO\x5c02\
F\xfb\x0b\xd7e\x7f\xf3\xb3\x11\x9elsG\xc5\xdc\x10\
g_\xd1I|\xcd\x0eI\xaf\xcf\xa3\xcax\xd9\xb6\xaa\
G\x95\xf8\xff=C\xc30\x84\xfc\xfa\xf2x\xa2r\x8c\
\xa0\xa2g\x84\xbe\xc1\xb1\xf8.\xb3\x18\xfd\x8b\xfe\x92\xd9\
f\x5c\x0ba\xbcd\x87J=x\x0an E\xad_\
8B(V\xe9E~\x956\xbd\xf7\x86\xc4\x05\x96\xce\
\xae\xd0JH\xab\xd0K\x8c'\xdaq\xe3\x96\xf4=\xf2\
\xfc\xa3\xaa\xf2/\xf3\xbf\xc8g\xe2\x1820)\xf5\x8d\
\xe5\x01y\x9eY}\xbd\xe1\xdc\xbc\x5c\xe9\xbb\xa9,w\
\x1b\x0e\x0c\xbf\xfa\x0e\xe4\xff\x83\xed\x1a\xedFV\xbe\x8e\
\xf3\x86u\xcf\x05\xe5{lK\xcf\xb6\xa1\xbe%cF\
r)V\x8eNNE$\xc5\x946<\x7f\xd5\xd8\x12\
\xc3Hw\xff\xe4\x15\x82mV\x0e\xe8{CO\xec[\
e\xf9\x9fkl\x85\xd4\x82\xc2\x1a\xcfw\xda\xcb\x1f^\
\xaf\x81=\xf6\x09\x8b\x90\xf8\x9ee\x9a\xe3\xe6\x0a\xee*\
\xda\x9b\xdd\x13\xc9\x8f\xd56\x12^-\xe6\xdb\xe3\xfd\xfd\
\xbd|-\xc1\x94\xccB\xb9\xb6\x16\xe4\x97|Bq9\
\xeb\x00\xe9\xbb[\xb6\x06\xff\x1e;\x11\xdd\xc6N\xc0\x19\
\xda\x93yt\xdd\xeb\x12S1;5\x0b\x0e\xa1\xe1\xf8\
\x95t\xc9\x9c\x80(\xd1\x03u\xed%\xcf\xb4L\xccJ\
\xcbAL\x96r\x7f$\xcf\xd6kI\xcf\x86\xaf\xb9\x1b\
\x1d\x07\xfdB\xd15R!\xfb\xcc\x8fi\x91\x9e\xdb(\
\xfb\x99\xe71\x8e8\xa9\x98]\xf8\x13\xf9\xf0kC\xe3\
D?\xf11\xeb\xb8\x1a\xbe\x5c\xb8\x5c\xaes\xb0\x9d;\
\xba0'YT\x9a\xf4\xf2\xf5\xc9}\x84\xfe\xf7\xff\x92\
:d\xb7\xc4\x5c\xf4\x8dNQ<\xd7\xb2\xbe{\xe6'\
\x94\xe7K\xba\x81\xf3\x97\xdcC\xc1\xbf\xd7;>\x07\x8b\
H\xd7\x16>x\xf0r\xdb\xa3\x7f\x07a5\xe0yx\
\x7f\x9d\xbasO|\x0c\x99\x91*\xf2o\xa2\x90\x7f\x9e\
\x19M\xf2\xafje\xff\xc6|\x00\x9e)\x5c\xdf\x1c\x80\
\x8e\xd9\xb9\xea\xb1\xbf\xfa\x80>\xefB\xfe\xd7\xee\x1d\xdf\
]\xf9Z\xfe\xab\xce\x18\x80\xdf;\xf3\xcb\xd5'\xb7\x14\
K\xfe\xf0\x8c\x8d[\xd0\x9b|\xfa\x19\x9e~\xd8\x11\x1e\
\x8f\xeb\x14\x0f\xdf\x8b\x8a\x85wB\x12\xee?b\x8e\xb6\
\xbf\x05\xcf\xf5wy}\x9fl\xa7\xa3\xa7'~\xd1\xbc\
)\xef\xeda-\xb2\x92K{s\xaaO\xd8+\xe1\x0f\
X\x97\x9c\xbd\xa4\x89f[\xf7\x8a/\xca\xd8s\xc5\x9e\
\xccF\xb7\xa4|\xc1\xa7\x7f\x97\xf5\x10\xe3\xa3\x12\x85\xbf\
\x92e\x9e\xb9\xec\xf8\xdf{\xa4\x14\xa2oZ\x81\xd8|\
\xc6\x053\xbf\x87\xcc\x0a8qVfpp\xac\xc2\x18\
\xdd\xe6d\xaf\xb97\x90q?s\xb2\x0b\xf0\xab\xbd\x07\
\x1e5`>7c[T\x932\xf0{D<4\xac\
\xedq@\xc7\x00\x83\xc8\xd7\xfd\xc1\xc2\x11\x0eQ1\x15\
\xb8\xab\xc2\x92\x12\x8c%\xfd\xc9\xbe\x8b^\x5c\xed\xba\x90\
\xb1\xef\xfa\xee^\x18\xe7\xe8\x89_\xbdC0\xe1\x9e\x15\
\xf4\x1c]D\xa7\xd4\xb4\xee98\xa1\x9b\xb5\xab|>\
\xaf\x12\x8ac\xfa\xdf\xba\x83\xe6\x97\xb4\xd0\x9a\xe4j(\
c\x10\xb9\xdf\x9el<\xcbu\x97\xd8L\xf1\xfd\xb9\xb7\
\x8f\xe3\x80)\xa99hv\xfc\x8c\xf8\xfe\xd2w\xc7\xb2\
\x1f\xae\xc0\xfcv\xa5\xdf\xe5\xbe\x09\xae\xa3\xb0\xfcw#\
\xdd\xc1\x07\xcf)\x18M\x87gAq\xad\xb5\xd1\x05G\
N ?\xbf\xa0\xd6\xfb,~X\x8a\xc5\x17\xafJ\xac\
\xa4,\xffzh}E\x1b\xc9yo\x06\x13pI\xdf\
\x00^\xc9\xe9\xf5\xfa]5\x9d\xdf\x941\x7f\x97\x9a<\
\xdf\xbbw\xef\x7f|\xf0\x8e\xd6.\xcd&\x7fW\xbe\x1e\
]\xe3\x9bu\xcb\xbf^\xfd8%-\xec\xec\xf1\xf3\xae\
}\x98{\xf0\xe8+\xc9i\xb9^\xa8i\x99\xc5%\xc1\
\xb6\x9e\xb94\xdeK\x8c\x937\x8b\x8a\xc3\x98\xed{\xf0\
\xfd\xd4\x192c\x93\xebz\xed\x9c\xfd\xd0\x99\xec>\xcb\
\xf6\xf7\xd9\x0f\xd1'\xef\x09\xfa\xd2\xfe\xe5}<.\xb7\
\x18\xa3\xd2\xf2\x84[\xaf[\x19\xef\x07\xeb\x89>\xe4\x1f\
,0\xb7CS\xb25\x1f\x8d\x9f,\xfe&\xcb<\xe3\
\x87|\x02\x83q\xc4\xc4\x12\x1d<\x82\xb060J\xe6\
t\xb1\xbe9\x17\x10\x86\x89n~\x0d\xf2u\xf9\xde\x9f\
\xd2\xdfF\xe6\xe4!\x223\x07OH7\xd6\xf4\x1c\xf9\
\xf3\x9d\xe8y\xf4\x08\x8aE^\x95\x19\xe49\xf9\xf9\x98\
\xed\xec\x85\x8d\xa4\x83b\x0b\xef\xe3\x09\xcf\x0e\xfb\xeb9\
\x9e\xd0\x11\x97\x9d\x83\xa5\xd6N\x18n\xe5\x0c\xfbJ\xfd\
\x02Ed\x87\x87\x93\xae\xe1\xd9\xa5\x1d\xf6\x1f\xc7\x9eK\
W\xd0\x93}j\xe6\xf9\xb7r\x91>\x04\xae\xaf2\xef\
\x22\xe7E96b\xbf\x9ee\xbaO\xceC\xf40\xb1\
\xc17\x1c\xf3S\xcc\xc6\xb9@y\xc6\x8c\xf3\x8fL\x15\
\xdfJ\xf4l\x99\xedg\xect\xb9\xfc\xcb\xffs_%\
}\xce\x00:\x16\x91\x0f\x96\xf1X\x19g\xbb\xf2\xe4i\
\xf2\x9f\xf3^\xea\x8fG\x91\x9f\xd9\x89t4\xfb\x93\x22\
\xff\xd7u%\xa7|\xca\xde\xe5\x8d\xc8\xbf\x85\x9d\x03\x8c\
\xe3\x92^\xfa{9\xb9\xcc\xf5\xf3\xbf\x94\xf3~\xfb\x86\
\x9d\xfd\xe0\x1d\xaemg:\x0f\xac|=\xac\x9f\xeaz\
\xb6\xed\x1d\xbc\xea-\xcf\xfckg\xac\x1d\xb0\xfb\xb6A\
\xa3>\xef]\xd1\x89\xc8\xa8\xc5\x0e\x94\x90\xcd206\
\xc1l\x1b\x17L\x0c\x8cF/\xf2A9Vf\x0c\x0d\
\xcf\xd7d?\xfd+\xb2\xfd\xc2\xa7\xcf9=\xf2M\xfb\
\x95\xc9|\x9f\xbc\xc7\xa2\x07\xb8?\xbdOj\x1e\xa6$\
f(zT\x19\xa3^\xd6\x9f6\xd2G\x81{`\x0c\
\xc1\x1d\xff`Lw\xf2\xc6@;O\x0c\x22\x7fx\xae\
\x83',}\x03j\xc4\xa62nt\xbcg\xf0+s\
\xf2\xbd4v'_inp4fQ<>\xc3\xd6\
\x05\x93cR\xb0%%\x0b%\xa4s\xeaz[\xdc\x9b\
p\xc1\xc5\x0b\x83\xe9\xbe\x16X\xd8\xc3\xd0\xce\x093\x0d\
L\xa0\xea\xec\x89\xef\x98K\x98b\x9bO~\x9f#s\
8\xf9\xf9}4a2}\x9d)8\x1f\x9e\x8f\xc6\xf5\
\xfe\xa6\xc75$\xd7\xc7\x5c\x88\xcc\xdf&s\xd8I\x07\
\xb4\xf7\x0c\x11\x9d\xc1\xb1\x7f7\xd6\x9d\xec\xf7\x93\xbf_\
\xd5\xf6\x8b\xec\xd3\xf7\xe5}\xd5\xa2k\xc9O`}\xfb\
\x0b\xe9\x8cS)9(%\xfdw\xc9\xd8\x14a\xd1\xf5\
\x9be\xc4u\xca\x8d7u\xd0\xec\xe49\x991\xcc\xb5\
\xa2\xce\xf4\xf5\xe1\x1b\x98\xf7\xadgb\x0a\xdb\xe4\x97\xe7\
_4\x8dT\xaa\xf9\xfe\x1b\x0f\xfe\xd2\xfd]\xca\xff\x9a\
-S[0\xf6\xa8r\x0c\xc0\xbcl\xb5\xad\xce\x811\
\x0d\xb6ck<\x02\x11\x94\x98\xdc(\xcf\x9a\xf9\xec\xc7\
{)\xb0\xd7|\xe4\xe4\xe4b\xc7\xf1\x93\x98n\xed\x82\
\xbe\xe4\xef\x09\xae\x7f\xd3\x0e\xc9=1\x1e\x80ktl\
\x9f\x19\x0b\xc8\xfd<M\x8f\xa8\x09\xa6\x88cQ\x8e\xef\
;\xda\xb8\xa1W\xfa\x039\xba\xa7\x14(\xf6!\xf7\xa6\
\xd3\xcf\x19\xf3\xca1,\xd7\xb4\xd9\xd61\xbf^@=\
q\xbb5-\xd5\xb08\xe4=,\xc5\x9bZ\xec\xeb<\
\xe2\x9e5\xb1\xf1\x0d\xc3\xdeq\xafO1\xe9\x02\xf3\x90\
0\xb1\xedm\x8c\x14x\x0b\xc6R6\xd7\xb8*:\xb4\
\xa5\xb6\x11\x16\xef\xda\x83\xb5{T\xb1\xf9\xd8I8\xb8\
\xbbK\x0e\xae\xfd\xa6\x9d\xd2G\xc9\x18%\xe6@\xfaj\
\xc7>\xe1=`\xbb\xcf\x1c|\x96\x91qH{\xf4T\
\xf8=\xd2K\x1e\xe1\xbb\xb8\xcc\x1al\x7f\xae\xd8~\xc9\
\x0d\xc4f\x89\xaf \xfc e\x1c\x01\x1cg\xfc@>\
\x8e\x11\xc5E\xcf\xeai\x7f\x98o\x851K,\xff\xdd\
\xe8\xebd\xed;\x18a\xe7\x81\x85V\x8e0prE\
jf\xb6\xe4\x1d8\xef\xf9:z\xf9\xd0\x95k\x88\xac\
\x07\xdex\xdf\xd5^\xcay\xff\x8b\xcdK8\x0f\xff\xc1\
;^\x9b\x8f\x0f/\xae|]\xa7u\xe6\xd6z\x0f\xee\
\x11\xd1Xbn\xd7`\x9c\xd4$zw\xe9\x8d\x80\x19\
\x0aMH\xc4\xf7\xd7\xf51\xed\xe4\x19\xf4d\xbc/\xcf\
\x89\xf1\x0e\x97\x9a\xf3\x97*[\x15\xb3\xe27\xef\x92\x9e\
\x92/\xd6m\x91x\x85{K\xba\xd0>\x92\x1c:\xc5\
\xe9-\xb5\x0c\xd0#\xb9\x00?\x16\xff\x85Q\xc5\xe4\xb3\
\xc6\xa4\xcb\xde\x93\x9et\xfa=\xce\x05\xf2\xbee\x8e\x08\
\x8e\xe3\x19w\xc89\xa5\xd5\x06&\xafu\xed\xfbBc\
Q\xf4\xe8\xdd\xcf\x9a~\x99\xbe^zC\x07^\x91\xd1\
\xd2\xf7\xcas\xb5\xe6[8H\xfd\xa3\x07\xc9fM\x92\
7f\xf3\x0e|6o\xb1\xe0\x14\x18#\xcc\xef\x81\xfd\
\x00\x9e\xa1\xa8gc_\xa1\xab\xd5\x5c\xbd1\xf9A)\
\xfa\xe6?\x92\xf7\xc1\xb3\xd0\xcbm\x7f\xb9\xef_a\xfb\
Y\xfe\xa3\xd2\xabq\x84p>\xa1G`,\x16\x84\xc6\
\x0b\xcf\xff\xcbb\x81b\x8a\xfd\xd87*\xf7Y\xb9\xbf\
\xaf\x98\xecW\x5cn\xae\xcc\x09\xde\xeb\x15\x88\xf9\xbea\
X\x98\x95\x8f%\x09\xe9(i .\x81\xd7\x88K7\
_:g\xe5\xba\x8eF5\xdb\xbf]\xbd\xf7\xc8\x0f\xde\
\x83\xb5\xf3\xf2g\x9d\x94x\x01\xafu\xaf\xd3\xc7\x9f\x95\
\x9c\x01\xdf\xf0\x86\xcdP\xe1\x5c\xde\xcf\xa99\xc8,\xbc\
\xdf\xe0\xe7\xcb\xd8\xe4\xe3\x1a\xe70~\xa7\xaa\xc8/\xd7\
y\x04\x1f^\xc6\xfb\xccu:\xae\x91\x8b\xed'\xf9g\
L0\xf3s7\xd9\xa1*\xfdp\x9cw\xfa.\xa3\x18\
C\xc8\xf5\xfb\xb5\xe8\x09:S\x8c\xda/\xff\x09\xc6\xd0\
g\x8f%{9\x22!C\xb1\xc7\xd8\xc7\xf7\x8f\x96\xcf\
\x15\x8ei\xfa\xca\xb3|Z^\xd2\xc2u\x1b\xfb\xd7\xee\
w\xfa\x99\xe2\x91\xe7\xef\xd9\xec\x89\x9a\x16\xf7\xf3\x8e\xa2\
gZ\xf9~\xd9\xaf\xf0-\xaeYw\x85FD\xe0\xe3\
)\xd3eN7\xe3}\xb8'\x83g\xab\xfd\xb0\xff\x98\
\xe4\x93\xcf\xda8bnn\x11\x16=W\xcc-\xfc\xf5\
Y\xf9\xcc\x92x\xc1.\x08\xae\x92t\xb8\xd8\xfe\x0a\xdf\
?C\xc1\x11P\xc1\x11\x92P!\xff\x8a^\xc1(\xa9\
\xd7\x8e\xa5\xe3Nb\xdakq\xf9\xf2\xdffdf\xa2\
3\xdd\xc3\x89\x9b\x0d\xe3Nb\xbf\xa1o\xfc\xcb\xf9\xea\
N\xeb\xce\xac\x86\xf7_\xbbv|\x93\xf7A\xfe\x85\x17\
\xec\xf2GJy@\x03\xe3\xdbu\xc6\x8c\xbf\x90/\xbb\
\xcc/\x1c\x87\x19\x83\x13\x10\xa0T3\xae5?K\xba\
wrr\x16\x8aj\x99%Uu\x19[Ya\xda*\
\x8a\xd7y\xae\xf6\x99\xcbb\xeb\xd9\x1f\xe5\x1ax\xb9\xfc\
\xb7w\x09P\xf0\x05\x97\xf3x\x90\xed\xf9|\x85\x0a\xfe\
9`\xa0\xe4\xe1\xd9\x96s}\xaa\xff\xfdg\xc2=\xcb\
\xf3sz\x90\xad\xe9\x15\x95\x82\xbe\xce\xae\x18\xf8\xf09\
zS\x0c\xdfA\xe6\xcb\x91.q\xf6\x15L\x09\xfb\xc0\
|\x9e\xe6\x14\xd7\x86\xc5\xd5o~\x1fsW\xd5\xb64\
\xdc\xbc\x11y\xbf\x04\xffSV<\xc5Uc\xbcCQ\
\x5c\x8f\xf9a\x8b\x8f\x9d\xc2W\x14\xf3\x7f<e\x06>\
\x1c6\x0a\xff\x1e3\x11\x9f/\x5c\x8e\xa9'\xcf\xa2\xc3\
\xb6=h\xaaz\x14-\xd4/\xa0\x9b\xb6\x01V\x91\xff\
\xb3\x90\xfef@\xd1\x9f\xe8F\xb1>\xe7T\x18\xc7\xc0\
3\xff~\xbeg\x8d\xd8\xdc|\x8c \xbfK|\xff\xca\
\xf2_\xce\xdb'\xf2\x1f\xfd\xa2W\xb8\xacG\xf8GW\
\x7f\x1c\x0e\x8cl0\x87\xe0e=\x03\x0c<w\x05K\
\xaehI\xbe\xb4\xa1:\xfe\x82\x8e\x1e\xae\xc5\xd7]\x87\
\xce\xc8\xca$\x99\xfa\xa7r\xdc\x7fxD\xe0\x07\xef\xd1\
\xda\xa2\xd6ot\xe5\xebS\xbd\xd2\xe5\xa5\xf7\x9eO\xef\
24-\x13&\xe4G\xcd5\xb3\x95\x5c\xf0jw\x7f\
<\xa8C\xbe\x03(\xe6:\x18P;^\xea1\xf9\x9c\
\x07\xcej\xe0\x87\xf9\x8b\xc5\xe7.\x9f\xf3\xc1\xf6\xa4\xc9\
6U\xf1\xe7Y>\xe5\xbd\xbb\x06\xc8\xac\x9b\xca<>\
_\xed9\x8c\xcf\x16\xaf\xc4\x80`E\x0fiW\xf2#\
\xbf\xcf,\x11\xd9\x1f\xf0\xe0\xb9p\xcf\xb1O\xc9v\x9e\
k\x00\xdck\xd0\xfa\xfc5\xf4\xa0\xbd\xcexr\x8e#\
8W\xc4X\xc4\xae'\xcf)q\xd3\xd6\xb5\xf6h\xeb\
\xe1\xbb\xd4\x22\xe1\x04P\xc2\x1a\x91\xfd\xdbH>\xa6U\
v\x01\xfe\x07\x98~\xe5:\xeb\x83b\xf4\xa4wz\xd5\
+\xa0Z=\xb1r\xb6k\xecQ5\xf2\xfb\x15\xb3\x94\
\xff5\xecg\x85\x1f0w\x91\xe0\xab\xb9\xb7\x82\xfb\xb4\
\x9b\x1e:\xa9\xc8\xc5\xd03\xed|\xe5\x16\xda\xeb\xdeC\
w\xb2\xf3\xfc.\xb8\xb7\xe7tH\x94\x12\xb7\x07sH\
\xeb\xb8yJ\xdc\xc1}\x8d/\xe4?\xb6\x8c',\xb2\
b\x1e0c\xb3\xa57\x88\xf6\xcaO\xf6\x1e\xb8F\x9f\
\xf5\xb2\xc5\xdc\xd2sMmp3,\xe6\x95yY\xf9\
\xdd\xf6\x22=\xf4\xb2\xdc\x81\x9a\xf6\x9cj\xbe\xfff\xf5\
\x1f;\xbcO\xf2\xbfl\xe3\xa4/\x95\xaf\xf1?\x91_\
\xd80\xee:\xd6\x9d\xe9\x0fJ0:$\xa2N|\xf7\
\x8e\xb8t\xa4T\xc9\x05\xb0_|\xec\xda\x0d\xb4[\xba\
J1\xef\xde\xc6M!\xfb<\x13\x8cg\x7f\xd0\x1e\xf9\
\xf6\x8e%\xda\x90l\xf62\xb6\x96\xbc2\xef-\xdew\
\x93\xf7\x1d\x96\x19[\x9c\xcb\xe1\xdc\xa4\x8a\x96\xae\xc82\
\xdb\x0d\xc6\xa3\xfd\xf8\xe0/\x91\x7f\xae\xebs\xfd\x99\xf7\
\x11\xeb\x06\x99\x95\xb5y\xa7\xc4\x0e\xcc\xf1\xcb=?\x8c\
\xebe\xbc\xfb\x8fd\x13\x1e\xbc\xc4Oy@\xe7\xdb~\
\xe4\x18\xba\xdb\xba\xcb>\xe6:bi\x99\xfc3W\xc1\
>\xcf@\x0c\x8dH@V\xe9c\xfc\x0f\x13}\xa5\xbc\
\xe0\xd5\xc88,O\xcb\x15\xfe\x15^3\xd6o\xc0b\
\xc6\xbd@1\xdbc\xfa\x96\xed\xf8d\xc6\x5c\xa9\xad|\
\xb1JEQk\x994M|\x00\xe6Va\x1eE\xce\
\x0727\x19c%X\x07\xf0\xf1\xcdq\xd2\x07'\xce\
\xc1,(\xa4\xd6\xb8\x88e,\x8b\xb1T\xf4N9\x96\
\x13\xbc\x93\x7f\xb4\xd2<p\xe9\x11.\x93\x7f\xe9\x090\
w\xc48s\x07\xf8\xa7\xd6\xec\x97s\xbeo\x96\xab\x0f\
B\x0b\xee\xbf\xf2s\x11\xbe\xb53\x17\x04\xaf\xf5\xb2\xdf\
\xdbw\xb5C\x95\xbc_\xd3\xfc\xf7!\xefWum8\
0\x22L\x99\x17`\xea+=\x9b\xb0\x8cLl\xafb\
3*/\xc6\xfeL\xb6R\xcc\xfd\xe5\xf7{\xe8\xba\x16\
\xda,_+\xfd\xfd\x1c\xdb\xb3}\x17n{\x91\x7fE\
O\xbf\xa2\x07'P\xe4\xbe\x8f\xb37t\xadld~\
PM\xfd}\xbcgm\x92\xd3\xf1}j\xbe\xd4\xf3\x86\
\x91z\x1fp\xff/\x89\x03\xd8\x9f\x94\xda\x00}.\xe3\
\xc2\xa4_u\xc12\xc1\xb30nd\xf2\xa1\xe3\xb0\xf1\
\xf1CIi\xedy:\xee\xf9X\xec\x15L:#J\
\x81qe\x1c\x0c\xcb?\xd9\xffm\xd1)\xd8\x99\x96\x8d\
?Bb\x90\xfe\xe8\xc9\xff\x88x\xbf>+\xab\xa4\x14\
\xbfD$B59\x13c--\xc1\x19b\xe6\x1e\x19\
\x0d\xc5L\x8f\xfe9\xa5\xe8A\xbe9s\x035\xa3\x18\
\xac\xdf\xf2\xd5h\xb2a\xbb|\xcf\xf1\x99\xb2\x0f\xa0\xa1\
\xe8\x9d _\xedh\x1d\xb3\xc5\xab\xc5\x9d\x14?\xc6\xa5\
\xa6a\xe4\xd9K\xb2'\x84'\xa4\x9c#@\xe4\xdfS\
\xc1\xcbN\xf2/}\x9b\x14S\xec\xb1uQ\xe2\xa9b\
\xbb\xbf\xcc\xcd\x17AE\xc5\xaf%\xfb\xc7n\xeba<\
\x9d\xfbe\xcb\xc0\xe2Ru\xbc\xdf\xf1\x01\xc3>x\x0f\
\xd7\x96##Z(_\xeb?\x91_\x90\xffJ\xcfg\
nrF\x9d\xbd\xb7\xdb\x03\x22p\xc0\xd4\x0a\xddU6\
\x0b\xc6_\xe6kp\x7f\x8f\x99C\x8d\xf2\xdf\x83\xe4\xdf\
-3\x17\x099y\xf8\xdd\xc9\xa7^\xd7\xc1\xf9\x86[\
iY\xf8%\xa7\x10\xbd2\x8b%\xa7\xc4\xf1#\xef\x19\
>O3\xf5K\xf8\x9c\xfc\x8dO\xa6\xcf\x91}s\xe1\
\xce\xddZ\xef\xc7\xda\xd3\x1b\xc7(n9mn\x8ei\
\xe4\xff2&\xb8\x5c\x97\x94\xcb?\xe3\x03\xfb\xa4\x15\x09\
_\xe5\xff\x8b\x8b\x9fC@J\x9a\xf0\xf9s\xef\xf18\
\xcei\xd21\xf8\xb1\x22\xb6b\xfc\xffwY%\x18\x13\
\x9d\x86\xa9\xbe\xe1\xf8\x82tky\xfd\x9dq\x04M\xf7\
\x1fS\xe8\x00\xf2\x01\x04\xafo\xe1\x8c\xaf(fKH\
Mm\xf0u\x18\x91\xfe\x9f~\xf2\xac\xf04p\x9f\xa6\
\xcc\x86\xac\x22\xff\x8cU\xe5<\xced\x9d\xbbH\xa78\
\x8e{\x17fk\x1b\xbc\x96\xec\xdf\xb5\xb3\xc7\x18\x8f \
\xdc\x8eI\xaa\x97n\xdfw\xb5\xabr\x9f\xff\x85V\xcf\
W\xafn\xdc\xd9\xde\x8d\xd9\x13\xb4U\xed\xc7\x8c\xca\xd7\
{\xe2\xe6\xf4WzN+\x0a\x8aQZ\x07?\xe8)\
\xf2\x0f\xf8\xddp\x9f\x06\xf7\xdf\xf1\xfc:\xe9\xef\xaf\x22\
\xffFq\xc9\xd2\xd7[\xfe\xac\xf9\xdd\xff\xa6eP\xaf\
|cE>\xfb\xf1\x13\x9c\x89\x88/\x9b\x1b\x1b&\xf9\
\x04\xf6\xf5\x99W\x80\xfb\xff\xd9w\xddNv\xa2r\xee\
\x87c:\xf61V\xd98\xcbL\xaf\x88\x82\x07\xe4\xc7\
?\x92\x99\x04lM\xd2(\xce\xe9Oq\x0a\xc7\xa1\x22\
\xff\xa4\x0b8\xd6\xe0\x18\xe0\xf1\xf3\xbf\xf1\xff\xea\x1aG\
\xbe?\xcf\xf2a\xc6(\xae\x9f\x8c \x15?\xb0\x14\xe8\
W\xf4\x97\xe0'{e\x96\x08\x8e\xa2k\x19\xc77\xc7\
Y\x9dH\xdf\x0eIN\xc3\xc2\x8c\x0c,\xa2=1\xa0\
\xe8iE\x8c\xc7\xdc.\x1b\xb4\xf5\x1a|\x1d\xae\xbe\xbe\
\xb0\xf1\xf6\x15.X\xe6\xfc\x1aw\xe1\x1a\xbe\xe5\xcf\xb4\
v\x95YH/\xe4\xdfH0\x00\x83\xe9\xe7Ko\xff\
\xdf\xf6\xce\x03*\xaak\xeb\xe3\x18\xf3\x12\x13\x93\x17\x93\
O\xd3\x8c\xc6H\xd4\xd8K\xf4)V\x8c\xb1\x87\xa8/\
\xdf\xf8\x8c\xd1\xbc\xa8\x9f\x9ah\x88AiC\x1d@)\
\x01\xa4\x09\x0a3(*M\x11\xb0\x00\x8aH\x13\x90\x22\
\xc38\x88\x14A\x8a H\x15\x90\xa2 \xec\xef\x9c;\
\x16\xa6\x00\x03\xb10\xb0\x7fk\xdd%\xbaf\xc9\xdc{\
\xcf\xff\x9c\xbd\xf7\xd9go?\x88\xcd\xc8\xea\xd6}\x87\
\xc7\xc6\x81ZL2x\xdc,\x80\xea\x0e\xcep\xb4\xe5\
L\xa8\x97\xd4\xda\xafc=o\x9dR\x0fF\xd3z\xfe\
\x17\xe2\xf5\x81\x071\xb5]\xba\xca\x7f+j\xe0^u\
\x0d\x98\x93wkN\xd6y\x87\xd0\x08p\x0b\x09\x05\xb7\
\x8b\x11\xa0\x1f\x11\x07_\x91w4\xe2\xb8\x1f\x93?+\
\xd2\x7f\xa8\xa8\xbe\x0f\xd1\xbfi\x82\x00r\x88o\xf6\xa0\
\x9d\xfa\xef\xdcs!\x90\x94\xda\xb53\x97T\x91B\xe2\
\x0f\xd2\xdfC\x7f\xdf'{\xad\x99\xba\x1a\x1f\xe9\x18\xc2\
f\xdf\x00\xb1\x9aQW\xd3\xd2a\xd5\xe5dH\xc8\xbd\
\xcd\xd48n\xed`\x1d\xca+)\x81\x1d\xa7\xce2\xb1\
\x06\x9a\xcbB\xf5\x7f\xffQK\xaf\xd4>\xf5\xd5~\x12\
\x08`\x03\xf9\x99\xf6\xf6^F.\xea[\xcd\xb9\x0fL\
\xde4\xdd[\x99r\xa7\x869GA\xf3\xfc\x98\xbd\xbc\
,Q\x1e\x1f\x8d\xf5-\xbbS\x01{\xc8\xdc\xb8\x92<\
jZ\xbf\xe0S\xe2\x0b\xac=\xe2\x0d5\xdd\xc8\x898\
\x1f\x9f\x08\x89m\xea0Q\x1b\xff\x16\xf1;\x7f=v\
BT\xaf\x9d\xe6,S\xfd{\xfa3\xf6\xc70G.\
([\xdaA\xfc\xf5\x1b]\xfe]^\xe7\x82\x81u\xe5\
\x1a\xd4\xc8\xa9\xfb'\xec=,\x91\xef\xe3\xfa)l\xe3\
\xa8\xbd\xad\xd4\xb3\xe9\xa7\xe74\xa5\xb8\xed\xf7\xb6\xf7\xdc\
\xda\xe5g\xb6\xe6\xf6]\xa6\x96\x97\xf0f6\x9cML\
\x86\xcd\x01\xc1Ok\xf3\xae\xbc\x10\x0d\x81\xe9\xd9\xcc\xf9\
lF\xfb\x8f\xf5\xef.Hc\xfa\x05\xb5v:\xf7_\
\x05\xef\xa0\xe0.\x7f\xa7\xf4[\xb9p\xc8\xcb\x07\x1a\x88\
}~\xbb\xa2\x0a\xb2\x8bK\xa0\xec^\xf5\xd3u\x9f\xfa\
+vI\x020N\xcfa\xce\xbct)G\x81\xd6\x09\
\xae\xac\x82t2o\xdd\xeb\xe28Q4\x1f\xa0\xa4\xae\
\x0e\x5crrD\xb6\xff\x03j\xfb\xb72\xb6?\xed\xed\
3\x99\xf6\xf7\xc8-\x17\xe5\xf2H\xe6\xf1\x11\x1biB\
Z>L\xcd\xba\xcd\xd8\xeb\xb3\x88\x1fPU\xdb=[\
\xfcO\xb7#2\xfb-\xd0\xefWPV\x01[}\x03\
\x99\xf3]\xcc\xf9_\x9a\xff\xeb\xec\xce\xc4\x1f\xc7\x9bZ\
AD\xb2\xfc5#h\x0cxM\xd2\x8d\x0e}YY\
\x04\x87\x9f\x04\xf1\xbcZ%\xd0\xde?g\x8b\x92\x02\xa0\
\xf5\xd77\xca\xe26\xc0?\xbbd\x034\x10\xff\x98%\
\xbc)\xf5\xef\xf4\x19\xd25\x84\xbe\xa3r\xa2\xf3\xd1D\
\xff_\x06\x9c\x87\xe8\xdc\x02\x99=m\xda\x8d\x1f\x921\
\xb3\xc4\xd4\x12\xee\x96\x95CQ\x89\xfc=\x5ci\xech\
\xbf\xf7\x89v\xf5\xbb'%\x0d\xa2K\xca^j]c\
E\x86\xe6\xd2\xa7WU\xc3\xaa\xb0X\xe6\xec\x04\xf5\xfd\
i]RQ\x0e\xf5\xdd6y|\x85\x8f\xf5\x9f\x0fc\
\xaf\x8bz\xfd\xd0\x1aF4\x96o\x90\x91\x0f\xfe\x85\xa5\
L~\x91\xdc\xbf\xb7\xae\x1et\xe2\x92;|O\xd4_\
\xcc,\xbe\x0b\xf3\x88O@\xe7\x80\xe1\x07=\x98\xf3\xc1\
\xd4\xdf[\xb1\xf7/\xb9\xf7cN^\xbc\x04\xbe\xa9\x19\
]~6f\x87\xa7H\xd4\xf6\xff\x084\xad\x97\x0cT\
\x04\xfd\xd3\xf3\x88z\x07\xa6\x14\xb5\xfd\xfe\xe6\xeejr\
\xdf;\xcd\x85\xfc\x99\xdf\xb9\x9du\x8f\xf8\xd3M\x9d\xd8\
\xca\xd5\xc46\x0c\xbf\x91\x09\x87#c\xc0\xf4\xd4\x19\xd8\
\xeaz\x18VX\xda\xc2p\xe2\xbb\xd3\x9e\xbb\xe3\xc8\xfb\
\xadn\x94o\xbd\xa5\xb9\x9d\xea\xb7nK\x8d\x1b\xfa\xf7\
\xbd\x97\x13 \xba\xa8\x04E\xdd]\x9b\xa0\xb2\x12B2\
s`2\xf1\xeb\xe8\xba/\x9e\xc7[(\x9e\xc7\xfbD\
\xff\x02\xd1\x1c@\xf3\xf9\xa6\xa7d\x81\xce\x8d<\xf0\xcd\
/\x81\x8c\xea\xda\x0e\xf5\xe9\x91(\x00~\x8d|\xe7(\
\x1e45Cl\xe6MP\xb69\xc0\xd4y\x1b\xbcu\
'\x0cZ\xc3\x22\xebs\x84\xd4|!k>\x99l\xb1\
\x9f\xd8\x19]\xf3O<\x03\x9c\xa5\xd7~\x9b\xb9;\x94\
\x14\x08\x0d\x8bE#\xc5c\x17\xafC\xc9\xddb\xf9\xfd\
\xc4\x9cBfM}\xba\xf6\xe6\xe6Btl\x1cDD\
E\xc35\xa1\x10*\xc8x\xa9'\xf3\x04\xdd\xaf\xa7\x17\
\xed\x11z\xa9\xb8\x0c<s\x0a\xc0\xe2Z\x06l\x8b\xb9\
\x0aK\xcfG\xc1h\xbf`f\x9f\x8e\xce\xe14\x1f\x88\
\xd6\xff\xfa2,\x8e\xd9\x0b\xa41\xc2i\xa11p\x82\
\x9f\x0a\x9e\xc4w\xf0M\x16\xc2\x99d\x01\x04'\xf1!\
V \x84B\xe2\x0fJ\xbeS\xa7S\x01\xb0\xd9\xc6\x1e\
\x12\xb3\xb2\x9f\xfe\xdb\xb5[y`\x22\xccB!?\x8f\
|\x01\xfa.\x8b\x8b\xc1\xe6b$\x8c:\x1f-\xd2\xfe\
\x93<>F\xff\xcf\xf2\xf8\x98\x9e\xdc\x8f\xf5\xcf\xe4\xf4\
$?\xdeO%\xd7\x0a\xf2wNz.\x1c\xcb-\x02\
aE\xf5\xd3\xbc\xbe4\xe2O\x9a\x0b2\xbal\xa3\xd1\
s\xcdzN\xce\xcc\x99E\xda#\xf5\x83\x7f\xaf\x85o\
l\x9d\xe0\x97\x04!\xb0\xa2\x93`\x12\xf1\x0f\xdc\xc2\xa5\
\xcf\x07+\x1f=\xd9\xe5Z\x97&\xee\xc3%\xfc\xfe\xcf\
Z\x15e\xedo\x1b\x07`\xdb\xcf\xb8\xd5\xf6>\xf6\xba\
\xab\xca\xfd\x0c\x82r\xf2\xe1g\xe2\x03\xec\xcb,\x80\xa5\
1|\x18\xe7\x17\x08\xa3t\xf5`\xfc\xd6m0{\xc7\
N`\xed3\x87\xf5nn\xf0s\xdc\x15X^Q\x09\
\xe3\xc9\xba@\xf39\xe9>.\x8d\x05\xd0\xbd\x01\x9a\xeb\
;\xe2\xa8(FHk\xbc\xd1\x9c\x1ef\xaf\x87\xd6\xea\
\x8aOer\xc0g\x911\xf3\x13\x19\x0f\xd7\xc9\xfc!\
\xac\xaa\x81\xc4\xd2J\x88).\x87\x90\xa2R\xb0\xcd\xc8\
\x81\x1f\x05\xe9\xb0)3\x0fL\x85\x99\x90Sp\x1br\
JJ\x993\x04Cm\x9da\xfd~'\xf0?\x17\x04\
k#\x13\xda\xed\x01\x87t\x1fZ\xcfPH\xe6V\xf5\
\x80`&./\x9e\xc7\xd7\xb1\xfe\xe9\x9e\x0a\xedu \
\xaa\xbd\x96\x063\xc8\x9f\xeb\xf9\x19\xb08N\x00\xa67\
n\xc1\x05\xe23\xa4\x92y\xa1\xa2Q\xfe\x1c\x0b\xba\xa7\
\x93\x9cv\x03\x86\xff\xf6\x07|\xb8y;\x5c%?\xd3\
^l5\x0d\x0dL^\x80,F\x9d\xb9\xd8\xa5\xb9\xe6\
\xd8ik\xa9\x98\xbf\x96\xc5\xc2mJ\x0a\x88\x86\xfew\
C%\xcf,\x5c\xbe\x22\x7f\x1d\xa5\xfb\xc4?\x14\xd4\xd6\
\x83mM\x13\xa8\x113\x9fF\x11\xf7\x93\xcb\x87\x5c\xfe\
4\x8eO.cr\xa9\x92\xb5z\xd8~\x17Q\xbf\xec\
}6\x8c6i\x1e\x1e\xcd\xcf\xa51\x5c\xe5\xb3a\xcc\
\xf8\xa1\xfbvt~\xa0\xfb\xf7\xf4\xec\x07\xad\x85\x1fW\
^\x0d\xd1d\x1c\xe8\x91u\x22_F\xbdW\xa6\x87H\
S\x13\xe4V\xdecr\x8e\xf4\x83\xc3Dq!\x1a\x17\
\xe6y2\xfe\xe0\x9c\xb5?\x02?%\x05\x05\xfb\x02\xa1\
q\xd6\xe8\xb4t\xf8\xd6\xcb\x9f\x99\xdf\xe9\xdc\xdd\xae\xfe\
\x93\xa4\xf5\xcf\xe4\xfaI^4\xff\x87\x5c\xb3\xc9\xcf\xeb\
\xf8\xe9\xa0\x91\x9aMl\x86<p\xc8\xbe\x0d^\xc4\x8f\
\x08$sDXI\x05\xf0\xabj\xa1\xa0\xbe\x11j\x9a\
\x1e\x01]\xcak\xee\xd7\xc1mb\xa3\xd08\xd5\x14\xb6\
\x11xV\xc8\xceU\xa5v\xe9t2\xe6\xe4\xbe\xc7\xb2\
r\xe0\xf0\xde\x13\xdf\xefwQn\xe6pT\x07()\
(Z\x7f\xcd\x0b\x13\x8f\x05\x8e\xe9^=\x1f\x1a\xb7\xa1\
k\x02\x9d\x17\xc8E\xbd\xb7\x86\xc7\xfbr4.Hs\
\x05\xe8\xb93ZS?\xbf\xb4\x0c2\xef\x94@\xfc\xad\
|\x08\x22>\xa5_z6\xf8g\xe5\xc2\x19\xe2\x1b\x9c\
!:?WP\x02Ad}\x0f*\xae\x80\xba\xc7q\
\xa3\x12\xe2\xa3\x99\x90\x7f\xf7\xca\xce\x97\xae\xc7M\xbe\xef\
\x19\xf2\x7f\x8c\xf1\x0edl\x09\xba\xc78\x82\x8cC\xda\
O\x9b\xe6\xa3\xd0\xba\xa3\xa3\xc9\x9cp\xfc\x94\xbf\xdc\xf7\
S^^\x8e\xa2\x96\x93\x9c\xa2;\xe0u3\x1f\xb6'\
\xdf\x80Q\xc4\x8e\xa3g8h\xff\x96\xb5'\xce\x802\
\x99\x0bF\xc7]\xfb[\xfa\x7fr\xd1\xcf~\xf5\xb4\xee\
h\x86(O\x98\xcc-L\xedQZ\x7f,\xfd6|\
\x9du\x07V\xdc\xbc\x03k\xb3\x8a\xe0?7\xf2`,\
\xf9\x1d4o\xcb\xa0\xb8Z\xeal6\xed\xd1\xb74V\
\xfeu\xc1\xc1{\x9bt\x9e\xff\xbeE\x0b\x95\x14\x18:\
w\x19q?\x10\xbb'\xef3\xce=r\x9c\xd1\xf3#\
1\x15\xf7`\x8d\xb5=\xf8\x85GB\x19\xb1\xed\xf8\xc4\
\x1f\xd8\x1e\xcb\x17\xf5\x0cx\x9c[Lm\x09ugW\
\xb8\x96W\x00\x19\xb7\x8b\xe0\x077\x0f\x98F\xfc\x8a\x89\
\xc4\xb6\xf0\xcf-\xec\xf4\x0c\x19]\x17\x06\xcd\x9c\xfd\xc2\
j\xf9\xf4d\xf2\xf2\xbbV\xc7\xe5tQ\x19\xccL\x15\
\x9d\xdb\xa1y94\xef\x8aj^X\x5c\xca\xcc\xfd\xb4\
Gjb\xe6M0\x0c\xba\x08\xa3O\x9ccr\x82h\
\x8e\xd6s\xd5\xff\xb5\x9cg5\xc82\x8b\x98\xb8\xe4\x93\
\x1a\x844g\x8b\xea\x9f\xd6y[\x96[\xc6\xf8\x8fO\
\xa09f[S\xe4\x8b\xfdgf\xa7K\xd5\xf5\xd5s\
\x9a|\x8b\xc5b\xf5WRp\xf6\x98/\xd2\x96\x9c\xd7\
\xaa\xab\xab{\xec\x18\xad\xae\xab\x87e4?\xfcq\x0f\
\xc9\x91D\xf7\xd4\xde\xa7\xf5\xe2\xe9\xbac\x16\x9b\xf4\xd4\
\x86) \xb6\xc6\xbe\xd3APS_\xcf\xd4\xb0R!\
s@z'\xe7B<\x82/0\xbd\x04[Z\xfa\xd6\
>!\xcd\x9f\x9d\xb8|%X\xf9\xca\xd7_\xd4?%\
\x15&\x12\xdd\xd3\x5c\xdf\xa5\x07\xdda\x82\x89\x05|\xac\
k\x0c\x83X?\xc2\x9a\x1d\xeaLo\xb1\xb6\xd0\x18L\
!\xb1\xa1/\x0aRa>\xed\xcb@\xec\x04:o3\
\xf1\x1e9\xf4?\xa6\xad\xfe\xaf\xb6\xd5\x7f\xb6\x98\xfe\x9f\
\xd6 \xcd}\xa6\xff'\xf5\x07i\xbcR'4\x0a2\
rr\xc1#,\x02\x1c\x85\x99\xf2\xc5\xfcx\xe3\xa5\xd6\
~\x0d\xce\xd2/\x95z\x01\xac\x93\xac\xfe\xc4\x8fi\x10\
\xf3\x03\x0e\xa9\xf6\xd8}\xf2f\xa2KZ\x7f~\xd4\xb1\
S\xf0\x9d\xad#\xec$k\xfd^\xdfS\xe0\x1az\x09\
\x22\xd32\xc4\xce\x83D\x0b\x84\xe0\x1d\x1e\x05\x0f\x1f6\
\x01?\xf5:|{\xf2l\x875`\xca**\x99}\
\xa4\x80\xa4\xbe\x17/\xa0\xfd\xcf}\x02O\xc3\x14+{\
\xb1\xbd\x1dY\xd8\xd8\xd93s.=\xb7E\xf3s\xe9\
3\xbf\x99\x97\x07\x93wi2\xe7-\xde]\xb8\x18\xc6\
\xda\xb9\xc0\xd9\xc8\xa8\xa7\xfe\x1a=\x97w\xf5f\x0e\x18\
\x083\xe0pq9\xd3?\x85\x9e\xfd\xbbv+\x17\x02\
\x93\x05`\x11\x16\x05\xabO\x9d\x83/N\x053\xe7\xc0\
ho\x86'5`d\xeb?\x83\xf1+:\xd6\x7f%\
\xd3;\xf5I\xce\x02S\xff)%\x0b\xb6\x5c\x88\x82\x18\
zf[\x8e\xe7r\xc8\xcbT\xda\xee\xb7\x99\xe7\xdb\x13\
\xcf\xf8=\xbf~AJ\x90\x98\x12\xd3c\xc7\xaa\xbc5\
\xdd\xa2\xae\x09!\xa4M\xfd\xdb\xcb\xd7o\x00\xf7b\xb8\
\xd4\xe7h_{\xd7\xb8\xabL\xff\x0f\xfb\x84\xbe\x19+\
\xa4\xeb\xff\xb7z\xc6PL\xd6\xe8\x1d\x91\xf1\x1d~\x96\
\x9f\x96\x0eNW\x92`rd\x92\xd8:\xc1\xf4@Q\
\xdf\xcd\xf4\x06T>w\x89\x89\xe9\xfet\xd4\x07\xd4\xa3\
\xe2\x19[\xfb|e-\xdc\xe9$\x9f\x83\xc6\xedh\x9c\
(\xbb\xe8\x0e\xa4d\xdf\x82\x8b\xa9i\xe0z9\x1e\xcc\
\xc2\xa2\xe1\xcf\xf3\x11\xb0\x22\xf0\x02L\xa7}\x92h\xff\
\x96\xa8\xa4\xa75\x8a\x9f\xe9\xbf\xe4\xb1\xfe\xcb\x19\xedS\
\x1b\x80\xfa\x02\xaa\xd9%\xe0_\x5c\x09\xa5]\xc8\xfd\xbc\
w\xafJJ\xfb\x86\xae\x9f\xb4*r\xcc\xaf\xbd\xfd@\
\x1d\xdb9\xa1\xe2\xb1\xc0a\xcc\xfd+2\x05d,[\
\x12\xfb\xff\xe9\x18'\xf3\xc6jo\xd19@:n\xb3\
\x0a\x8b\xc0\x85\xee#\x12\x1f6\xa2\xf0.l\x22\xfel\
_\xf4\xfb\x9f\x90\x98_\x08\xea\xc2\x9b0.\x22\xa1C\
\xfb\xef\xb7x\x01T75\xc3\x5c\xb2\xf6J~\x8e\xf6\
F\xe1\x0bS\xc1+(\x04vy\x9e\x80\x89>\x81L\
m\xd5\x84;\xa5\xcf\xe5;2\xe7\xcai\xad\xf3\xa6&\
f\x0f\xb2\xbc\xea\x1e\x94\x90\x8b\x9e\xd9\xca\xabk\x80\xcc\
\xba\x07\x10SZ\xc5\xc4!\xa8\xed\xff{a\x15d\xd5\
?\x90\xaa\xdd\x22\xcf~\x22\xc7m\xaet/?\xf3E\
\xdf)\xf5Bh^\xa0\x91\xdb`\xb1:a\xae'\xd9\
\x0a\xad\x07j\xc7.\xf5\xf0\x81\xb0+\xf1\x90_T\x04\
\xc5\xa5\xa5\xf0\x8d\xed\x018\xca\x17\xc2\xe6\xb4lp \
z\xcf\xacod\xee\x91\x1d\x93\x00Q\xb7\x8b\xa0\xafS\
TS\x0b.qI\xa0I\xd6lz\xa6JR\xdf4\
\xffkeN1\xe4\x93\xb9\xd3.\xbd\xf3z\xc94\x9e\
ZX^\x01\xf7_\xe2\xb9\x89\xea\xda\xfbd\xde\x0f\x06\
\xfe\xfd\x07\xdd\xae\xcd\x12\x12qB\xfal\xbf\xc3\xb4\xcc\
W\xd9\xcf\xe3\x85\xc7\x02M\x96/\x97\xccm\xbc*\x8c\
W\xe8\xf1L\xd7\x07w2\x9eu.\x12\xfb\xf1r\x12\
\x1cH\xbf\x05\x0b\x03\xcfC\xf5c;\x90\x8eo\xbf\x84\
\xab`\x92\x7f\x07\x90gk\xec\xc4\x18>\xf8\x14\x97\xc2\
\x06~:\x1c#\xcf,\x99\xd8\xe2\xf7jk\xc1\xe1l\
\x08\xc4\x17\x96\xc0fb\x8b\x17\xd5\xd6\xf5\xca\xfb\xaf\xae\
\xa9\x96\xd2\xbe\x11\xf7=\xf8Mw\xe5\xfbJ\xbd\x1c]\
\xfb\xe9I\xe2~\xc0P\xe6y\xf4\x16\x98\x9e=~\xfe\
`\xea\xee\x01>\xd1\xb1`H\xd69\xe3\xcc\xbcn\xf7\
\xb0\xef\xad\xdc%>\xf8\xd2\x90(\xe6yeU\xde\x83\
\xe8\xbb\x15\xb0\xe9\xf4\x05P%>\xf7\x1f\x91\xf1p\xa5\
\xa4\xa2W\x9e\xa5z\xd4\xf2\x08L\xb82\xec~\xb3\xc5\
;\x95\xfa\x08FnC\x9a\xc5z\x87\x9e\xf8\x03\x9a\x1f\
\xf5\x1e}\xd0q\xcb\xc4\x97\x88}\x9bWZ\x86bo\
\x87\x84\xdc\x02\xd8\xe8\xe5\x07\xa7\xc3#! \xf4\x12|\
}\xd8\x1b\xca\xef\xd7\xf7\xda\xfb\xa5\xe3\xc2\x86\xbb[J\
\xfbl\xfbi\xd9\xbd)\xde\xdfin\xb0\xa9\xda\x02\x0e\
\xaf\xbfX,\xe0R\x9c?\x9e\x9d\xed\x83\xd0\xdc\xcd\x04\
b\xfb_\xc9\xca\xe9\xf6y~E\xe1\xdau\x81\xb4\xdd\
\xef\xf6~+\x8b\xc5zC\xa9\x8f\xa1c3\xf7\x84d\
, =\xf3:\x0a\x02\xe9\x95\xd4\xd5\xdd'\xbe\xae\xb2\
\x84\xfe_\x83]\x06+\xbeS\xea\xa3\xe8\x1f\x18_%\
\xde7`*\xd4\xd5\xdf\xc7\xc1\x82\xf4*h\xec\xc7\xee\
\xf8N\xe9x\xbf\xdd,\x0f\xa5>\xcco\xbf\xfd{\xa4\
\x11\xf7\x9d\x87b\xb1\x00_-hjn\xc2A\x83\xf4\
\x1a\x22\x12NI\xf7\xefs\x9a\x5c\xa3\x84(\xed6Y\
\xbe\x95\xc3}S,\x16\xe0xD\x0f\x07\x0d\xd2;|\
\xfe4\xbe\x8c\xbd\xbe\xb7\x9a~\xfdu\xcd\x87\xa8~\x11\
\xda\xb6s\xbd%\x9fQ\x92 \x06\x07\x0f\xa2\xd0$$\
^aj_\x89\xedws\xdfh\xdd\xa5\xb3j=\xaa\
^\x1c=\xc7I\xf9\x92s@Z:\xc6\x03\x11\xc5\xe4\
\xc1\xc3F2\x86\xff!\x15\xef\xd3\xb4Z\xe2\x86j\x97\
}F\xc0\xc0eL\x9dxn\x902TVa\xad\x0c\
D\xb1x\xf8\xf0!X\xf0~\x94\xf6\xf9\x1d\xc6'\xa2\
\xcc\xdbg\xe7\xee5\xa3\x8d\xb9o6\x88\xef\x09Lb\
\xe6R\x04Q\x14\xed\xdb\xb8\xef\x91\x11\xef\x9bR\xd3\x97\
r|\xba\xcb.\xbd\xef7\x18q\x07\xb6\xb4}v\x16\
\xdc\x0dd\x0ex\x80\x83\x0b\xe9\xd1\xd0\xfc5sg\xe9\
}>\x03\xd7\xcf\x1bv\xec`\xbd\x83\xea\x96sO\xc0\
l\xb1%\x99\x03\xc4\x9e\xa1\x8b\xb7!3\xb7\x22HO\
\xd5\xfe\x15\xc1\x05)\xed\x1b\xf3^o\xd4\xd0g\x0dE\
Uw1?\xd0z\xc1Q\xe2\x0b\x88\xcf\x01\xc7q\x0e\
@z\xa6\xf6\x13\x04\x112\xf6\xf9\x06>\xda\xa9\xb9f\
\x1d\xaa\xb9{\xb0\x1d\xa7\x9e\x94\xcc\x11v9n\x8cs\
\x00\xd2\xa3\xb4\x1f\xcf\x97\xa5\xfdwZw\xe9\xaf2A\
\x15\xff=\x0c]\x94\x83$\x9f\xedAOS\x9c\x03\x90\
\x9ea\xf3'G\xcaZ\xf7[\xf7\x98-\xb7A\xf5>\
\x9f}A=\xa7q\xf1\x92\xcf\xd8\xcd{\x1f\xce\x01\xc8\
+\xd5~\x5cR\xb8\x0c\xed\xbf\xdd\xaai\xbe\xc4\x05e\
\xfb\xfc`z\x8a:M\x10H>k\xf7\x93\x96\xd0\xd4\
\x84g\x05\x90\x97\xaf\xfd\x98\xa4\x8bR\xda\xe7p\xdfj\
\xd5\xb4\x5c\xccC\xc5\xbe\x18;@\xdfqb\x8a\xe43\
?\xe2\xbf\x8f\xcc\x01h\x07 /\x07Z\xaf(\xe6j\
\xb0\x0c\xed\x93u\xdfj\x11j\xff\x05c\xe04>V\
2&x8\xc0\x04jjkpp\x22/\x14jk\
\x1e\x0fp\x90u\x9e\xa7E\xd3b\x913\xaa\xf3\xe5\xa0\
\xef\xfcU\x901\xaf\xbf\xd8;0sU\x83\xda\xfb\xd5\
8H\x91\x17\xa4\xfd\x87\xc0=a*\xcb\xdf\x7f\xa4c\
\xf9\x8d\x19\xaa\xf2\xe5\xa2k?+\xc0\x98;@|\x0e\
\xe0\xcd\x87\xdc\xfc\x1c\x1c\xac\xc8s\xa5\xaa\xaa\x12\x5c\xfd\
te\xd5\xeej\xd60[\xa6\x85j|5h[\xcf\
\xe7\x19\x13\xdbK\xfc\xcc\xd0\xe7\x90\x9d\x97\x81\xb5\x04\x91\
\xe7Bye\x19\x98r\xe7\xcb\xd0\xfe\xff4\xec\xd2[\
\xbd\x01U\xf8j\xd1\xb2\xfcF\xd7\xc8mP\xb3\xe4\xfb\
\x89N<\xcf\xf4\x92@\x90\xee\xc6\xf9\xb2n\xdd\x00\x13\
\xf7\x09\xd2\xf9\xfc\x87>\xaf\xdd\xa9\xf5\x9fi\xa8\xbe\x9e\
\xc1\x9f\x06\xabW\x1b\xb9\x0d\xa9\x97|O\x1e\x01V\xf0\
\x10\xcf\x0d!]\x84\xae\x1b\x11W\x82e\xe4\xf2\xf7\x03\
\x03\x97/o\xff\xbey\xdd\xa7\xa8\xba\x9e\xc5\xef\xbf\xb3\
&\x1a\x1cT.\x93|g\xa6n\xcb\xa0\xb2\xaa\x02\x07\
5\x22\x17\x8d\x8d\x0dp\xc8W_\x86\xf6\xfb\x03\xdba\
*\x9e\xdf\xef\xe1\xb0\x1d\xa7\xa6J\xee\x0d\x18\xf3\x06\x03\
_\x18\x8f1\x01\xa4CJ\xee\xde\x01\x13\x9e\x8a\xb4\xf6\
\xb9\x03Ztl\xe6\x1dAu)\x06:\xd6\xf3\xe9\xd9\
\xc1\x16\xa9\x9ca\x1f3\xcc\x17Dd\xfa\xfa\xe1\xb1A\
2\xd6|\x1a\xe7\x1b\xd2\xf8'\xe7\xbb\xffCU)\x16\
\x1a\x1c\xb5\xf5Fn\x83\x1b\xa5\xfc\x01\xee\x5c(+\xbf\
\x8b\xb6\x00\xc2@{\xd0;y\xed\x96\xa1\xfd\xd7\x88\xaf\
?\xba\x98\xf8\x95_\xa0\x9a\x14\x93m\xdb~\x1clp\
`\x5c\x81d\xbe\xa0\xa8\xdf\xd8\x99^\xd5s\x10\xe9\x1a\
t\xfe\xe7\xa7&\x02\x877L:\x97\x97\xf7F\xab\xae\
\xdd\xd7A\xa8\xa0\xde\x92'0\x97'\xcb\x1f0\xe3\xae\
\x84\xaa{\x15h\x0b\xf41h\xbfik\xf7\xed\xed\xd8\
\xfb\x83\x1bw\x19\xa9mA\xd5\xf4.v\xb1\x7f\x98i\
\xe8\xfaQ\x9d,[ \xf4\xf2I\xcc\x15\xe8#k~\
T,=\xb77P\xe6\xde\x1e\xdbqj^_\xec\xc5\
\xd9\xa7b\x8363\xc38\xbc\xd7[\xa5m\xbe\xd1\x10\
\x1b\x7f\x19E\xd2K\xb9_W\x0b\xe6\xbcu\xb2\xd7|\
\xee\xbb\x8fv\xef[\xa2\x8f\xea\xe8#\xb9\x02\xba\xff\xab\
j\xe4\xf6\xfe\x03Yc\xc1\xe6\xc8&hh\xacG\xc1\
\xf4\x12\x1e\xb5<\x82\x90\xe8c2u/Z\xf3g\x94\
jn\xdc8\x10U\xd1\x07\xe3\x02\xb6\xb3\xb8\xd2\xb9\x02\
\xa2\xeb|\xb47\xc6\x05\x14\xdc\xd6\xbf\x14u\xa1\x1d\xdd\
35\xbaZvq\xbe\xff\x1dU\x80{\x04z\x07\xa6\
6\xb6\xb7>\x84E]B1)\x18\xe5\x15e\xc4\x9f\
\xfb\xa4\xdd5_\xe7/\x95\x1b8\xf2\x916\xf4\xfbC\
\x7f\xf5F\xba\xe7+k\xccpx\x83 8\xf4\x02\x0a\
\xab\xa7\xc7\xf5\xab\xaba\x9f\xfb\x22\x90\x15\xe3\xa5\x97\xbe\
\xcb\x84\x16\x0eGu\x00\x0ewD\x16\xac\x93\xac\xfe\xda\
vs\xd8\xed\xd9\x8c&\xee\xc3!\xf8|\x08\x0a\xad\x87\
QQQ\x01\x96\x1e\xdf\xcb\xe8\xb7\xf9,\x97g\x17{\
\xf5\x16ZG\x12G9\xd2\x19\x9a\xd6K\x06jY\xce\
\xcfmo\x1e0u\x1f\x0b\xa1\x11\xa1(\xbcWLa\
Q\x11X\x1d]A\xde\xc9\x9b\xed\xfa\xf9\xe4]\xfeA\
\xd6\xfc\xd7qT#]e\x0fGm\xb0\xf6_\xaau\
\xed\xf9\x91\xa6\x87'@`\xe8Q\x14\xe2K\x86\xc6\xf5\
\xcc\xdc\xa7\xb4k\xe7\xd3K\xdbj\xae\x83\xba\xe3\xf27\
q\x14#\x7f76\xf0\xe7\xbe\xa5\x9fh[/\xa8n\
o\xac\x19\xf3\x06\xc1\x01\x9f\x1d\xccz\x84\xbc8x~\
&\x8c\xed\xd5\x89\xeey\xea\x9c\xe5\xff\xc4a\x8b<\xef\
y@\x9b\xb3\xfc3m\xab\x05\x99\xed\xcf\x03\xef\xc2^\
w\x15\x08\x09?\x83b}N\x84E\x84\x83\xf5\xf1\x1f\
\x80\xc3\x1b\x02\xed?w%\xd0\xda?OC\xdbj\xce\
\xbb8L\x91\x17=\x0fhqT?\xd6\xb6\x9e\xeb\xdc\
\xfex\xec\x07&\xee#\xe1\xe0Iu\x089\x8f\xfb\x06\
]\x85\xf6ur\xf5\xd3\x81\xbdG\xa6C{{2\xa2\
\x5c\xfd\x8fA\xd3|\xd1\x96m\x1c\xb5\xb7qX\x22\xaf\
&N\xb8\xf0gC\xd7\xcf:X\x9b^\x83}\x1e3\
\xc1\xcdO\x13\xae_\xbf\x8e\xe2n\x87\xe6\xe6f\xf0\x08\
4\x05\x0b\x8fo\xc93{\xab\xc3\xb5^\xd7N\xa5^\
\xd7f\xf6\x0c\x0e\x07s\xf5\x91W\xcf\xb6m\xdb\xfe\xa1\
m5\x7f\xac\x8e\xf5l~G\xe3\x96\xce\x05\xe6d.\
\xe0\x05\xe8Bt\x1c\x9e5\x88\xbe\x1c\x0b<\x7fC\xb0\
8\xba\xb8S\xcd36\xbe\xcd\x5c\xab\xdd{\x97\x0c\xa3\
6\x18\x8e:\xa4'\xfa\x06:\x96\xdf\xbeG\xe6\x82\x9f\
\xd8\x8e\xd3Z:\x1b\xcf\xc6\xdc\xa1`}l\x15\x1c\x09\
0\x83\x98\xd8\xd8^\xaf\xf7\xc6\xc6F\x88L\x0c\x00W\
\xff\xed\xe4\xde?\xecT\xefL<\xcfZ%_\xdbv\
\xce,\xb4\xf1\x11E\x9b\x0bv\xef\x9d?L\xc7z\xc1\
n\xfd\x83cZ;\x1f\xeb\xfd\x88&>\x03+\x0f5\
8r\xca\x0c\x12\x93\x93\x14\xfe\xfcAl\x5c\x1c\x84\xc6\
\x1e\x077\x7fu\xb0<\xb6\x90\xdc\xe3?\xe5\xd2\xbc\xae\
\xadJ\x9d\xae\xb5\xca\x1a\x0d\xce\xd2\x0fp\xadG\x14\x1d\
\x16\x8b\xd5_\xd7Bu\x84\xa6\xe5\xc2\xddl\x87\x99\x8f\
\xe4\xd1\x80(\xefx$X\x1fW\x03n\x80\x06x\xf8\
[\x80 \x95\x0fuuu=\xd2wO\x11\xf0!$\
\xfa(x\x9c6\x04[\xcf\x1f\x80\xc3\xfd\x02\xe4\xbdO\
z\xe9\xd8\xa8\x14\xb2m\xa7\xaf\xd8c\xa3:\x185\x8f\
\xf4f\xd8\xe6\xf3\x86\xb0\xf7O\x9b\xa7\xe70\xee\xb41\
\xf7\x8d.\xe9\x84\xd9\x07sS\x06{\xef\xf5p\xd0\xef\
W\xf0\x09\xb6\x87s\xe1\x1ep=S\x08\x82k\xd7^\
\x98\xcd\x90\x99\x99\x05i\x19\xd7!\xe6\xea9\xf0\x09r\
\x80\xc3\xa7\xb5\xc8w\xd8\x00\xfb\x8e\xccdz.u\xe5\
\x1e\x98\x5c\xfc\x83_\x81\xae\xc3Ls-\xbby\xd34\
8\xac\x0fpT }\x11M\xcd\x8d\x03\xd9\xe6*_\
iZ\xce\xd9\xce\xb6\x9bt\xc5\x88\xfbN\x97\xb5$>\
?|\x0c&\xbc\xf1d\x8e\x18\x05\xf6>,p\xf4\xfd\
\x05\x9c|\xb7\x80\x83\xf7&\xb0\xf7\xdcHl\x89]\xe0\
\x19b\x00^!\x86\xccE\x7f>\x1e\xac\x0fv\x9e\x1b\
\xc8g\xfe\x0b\x8e>\x9b\xc9\xe77\x81\x83\xef:\xb2\x86\
\x8f\x07\x13\xeeD\xf2\x7f\x8e\xf8[\xdfIt\xf6fl\
+\xdbe\xbc\xad\xa1\xf3\xe8\x19\x9a\x07g\x7f\x88o\x1e\
A\xa4\xf9\xe5\x97_\x06h;\x8d\xf9T\xdfe\xd2,\
m\xdb\xf9\x0el\xfb\xa9w\x8d\xb8\xef\xfem\xfd\xbd\xcc\
\xcb\xc8\xf5\x93V\xb6\xfd\xc4\x14m\x0b\xd5\xbd\xda\xfbU\
\xfeE\xf3'\xf1\xcd\x22H\xf7\xd8\xbc\xf9\xfbwu\xec\
\xe7\x0cg\xdb\xcdV\xd1\xb1T\xd9\xc9v\x98qX\xcf\
a\xd2\x1dC\xd7\xe1\xafP\xe7\xfd\xc8\x9a>\xaeU\xcf\
q\xacP\xdbf\x01\x97m?\xe9{\xed\xfd\xff\x9a\xbe\
{\xef\xaaa4\xde\x81o\x0dA^<\xbfj\xb0\x86\
\xea\xda\xcd\x1d\xc9\xb6\xfez\xa6\xae\xd3tU\xb6\xdd\xe4\
\x8d\xda\x96\x0b\xddt\xedg\xfb\x1a\x1e\xfa\xf44\xd1g\
\x9e\x9e\xe3\xe4\x06\xbd\x03\x13[\x0c\x0e\x8e\x01:g\x18\
q?x|V\x96\xe6\xd1\x0f\x00#\xb7\x0f\xc1\xe0\xd0\
\x17T\xcf\xa0\xe74\xe9\x11\x99[j\xf5\x9dF\xa5\x19\
\x1cR>\xa1m;\xcf[\xcbB\xd5\xde\xc0y\xc42\
\xb6\xa3\xca\x02]\xdb\xc9S5,\x16\x8dTWg\x0d\
\xc1\xa7\x8f \x08\x82 \x08\x82 \x08\x82 \x08\x82 \
\x08\x82 \x08\x82 \x08\x82 \x08\x82 \x08\x82 \x08\
\x82 \x08\x82 \x08\x82 \x08\x82 \x08\x82 \x08\x82\
 \x08\x82 \x08\x82 \x08\xd2u\xfe\x1f\xd0 \xc6\xf8\
\
\x00\x01U\xaf\
\x89\
PNG\x0d\x0a\x1a\x0a\x00\x00\x00\x0dIHDR\x00\
\x00\x04\x00\x00\x00\x02\x80\x08\x03\x00\x00\x005\xa3\xfaS\
\x00\x00\x00\x09pHYs\x00\x00\x0b\x13\x00\x00\x0b\x13\
\x01\x00\x9a\x9c\x18\x00\x00\x03\x00PLTEGpL\
\x1f\xa2b\x0d<\x22\x17^6\x16zE\x14\x81G\x1f\
\x9c`\x16\x93\x891\xc5\x82\x1f\xa2f\x0dD&\x15z\
F3\xc1\x82\x15\x5c6\x14w>$\x8dV\x16o?\
 \x9c`\x1a\x81L/\xbdz\x10M,\x13\x7fE\x15\
a8\x15g<\x17\x8bO\x1e\x9b`\x16d:\x14~\
E\x1e\x97]\x12zB\x1f\x9a`\x1d\x97[+\xb1r\
\x11~C\x1f\x9ea\x17b8+\xb2r\x14\x80I\x15\
c9\x14wB.\xb7v-\xb7w\x10}B\x16\x83\
J&\xa6j\x17\x8bO\x1f\xa0d+\xaen(\xa8l\
(\xaal\x1e\x98_\x10|A!\xa2e\x17[6\x17\
Y61\xc4\x81\xff\xff\xff3\xc4\x81\x14\x83H\x13\x82\
G\x17Z6!\xa2c3\xc2\x811\xc2\x81\x13\x81F\
\x0dp8\x0d=#\x0e{@\x0e=!\x11\x7fD\x0d\
t;\x11\x81F\x14S1\x0f|A\x0du<\x12\x80\
E\x11~C\x0co7\x13\x80E\x10\x7fD\x0du;\
\x0dv<\x0bp8\x10}B\x0ey>\x12~C\x0f\
x>\x12\x7fD\x14\x83F\x17[4\x11\x80E\x0fD\
'\x0cq9\x0f}B\x0cr9\x10~C\x10{@\
\x0co6\x19\x91U\x14\x5c6\x0d;!\x11}B\x0d\
v;\x0fw=\x0ej7\x0cp7\x0fi6\x0ez\
?3\xc4\x7f\x10zA\x0cs:\x14\x86K\x15Z6\
\x13\x83H\x11|A\x0dl6\x0cp8\x0dr:\x0e\
x=\x0bn7\x13`6\x0eA$\x0cs9\x17\x8c\
P\x16Y4\x0cq7\x12K,\x0fy=\x0d9 \
\x0es: \xa0c\x13\x82F\x0dw=\x17\x8dQ\x0c\
q:\x0ew=\x12\x81G\x15\x88L\x0e?$\x13\x84\
I\x16\x89M\x0eh6\x0eB&\x15[4\x12L,\
\x0dr9\x14_6\x0c>#\x0cm6\x14\x85J\x0c\
z>\xfd\xfe\xfd\x14\x85I\x0fl9\x0cI'\x0cr\
8\x0e~B\x16\x8aN\x10G)\x0ej6\x13R0\
\x19\x92V\x0cK(\x1b\x96Z\x0cg3 \xa1e3\
\xc7\x83\x1c\x9a]\x11J+\x0dx>\x13\x82G1\xc4\
\x7f\x0c^0\x1a\x93W\x0cb1\x0cn6\x16W5\
\x22\xa4g\x10H*\x0cE%\x0cd3\x1a\x95Y\x0c\
k6\x12M,#\xa7i%\xa9j\x0c`0\x0eF\
'\x1a\x95X\x1c\x98[\x0ci4\x0dp9\x14T1\
\x16\x8bO\x15Y3\x14W2\x0ca1\x15[6\x0e\
n7\x16\x8aO\x14\x81H\x1d\x9c_\x16\x8dP\x12f\
8\x13\x82E!\xa2d3\xc2\x801\xc2\x7f\x1b\x92V\
\x0cO*\x05v9\x16zF\x16\x5c6\xd8\xf7\xea\x03\
r6\x03z;\x0d|?\x19\x90T\x00r4\x01v\
7,\xb9w'\xaen\x02o3\x08x;\x0b|?\
.\x96a\x0eW.\x01m03\xa2k\x07{=\xcd\
\xea\xdc\x90\xcf\xb1\xa4\xd7\xbee\xb9\x8f\x00i-\xf6\xfd\
\xfa\xb4\xdf\xca\xed\xf9\xf4\x11\x81D\x0c}A\xc1\xe3\xd2\
U\xae\x81K\xa7x)\xb3sA\xa1p\xe5\xf5\xeew\
\xbe\x9a\x83\xc5\xa4\xd9\xef\xe4\x02\x81>9\x99g\x0f^\
2\x0a\x87G&\x92[\x0b\x82D\x00c+.\xdb\x16\
&\x00\x00\x003tRNS\x00s\xf7\xecA\xcb\xec\
\x02ss\xec+r\xef\x11\xffbYK\xe8\xe5\xbf\xdb\
w\xef\x96\x92\x9d\x84\xcb\xb5\xa7\x93\xf6\xd2\xc0\xc4\x84\x9b\
\xa5\xaa\xd1\xafu\xa7\xb5\xde\x93\xa0\xa4\xe4\xad\x84\xe2\x8c\
\x00\x00 \x00IDATx\xda\xec]\xcdn\x1b9\
\x12\x8e\x81\xc1d\x82\x0c\x02$>\x0d0\xd8\x04\x8b=\
\xeci\x7f\x00\x01\x04\x0f$\xdfEg>E\xbf\x89a\
X:4r\xc8\xc17\xeb\x01|\x90\x94k\x00\xfb)\
\xfc\x02\xcb\x22\xd9-6\xd5\x92\xba\xadYD\xec\xfaJ\
\xea\xa6\x8b\xe4\x07_\xf4U\x17Y\xac\xea7o \x10\
\x08\x04\xf2\xff\x92\x0f\x1f>^\xbd{\xf7\xee\xea*^\
\xef\xe2uu\xa4\xbd:\xd2_\x06\xfe\xea\xddoA~\
O\xae\xdf\x8e\xf4\xfdv\xa2\xef2\xf1\x1f\xde\xe2\x07\x0e\
9F\xfe??\xffzw7\x9b\xa9Y\x14\xf7\xc7z\
\x16.\xd2\xd6\xbbn/\x8d\x1e{\xf6\xc6\x8b\xc1W\xcf\
\xd2l\xeb\xcd\xc6Ji\xac\xdd\xb8o\xbd!}\xa3\xa5\
\xf6\xba\x0e\xe3\x1bK\x93\xdc\x87t\xea\x97R\xb7\xfa\xa5\
\xe3\xc5fs\xfd\xdf/0\x02\x90~y\xffG\xe5\xc8\
\xffm\xc6Q\xaa')\x844\x0c.\xb1\xbd\xfe\xcf{\
\xfc\xd8!{\xf4\xff\xdb\xdd\xec.y\xa4\xa6\xa2\x9ct\
;\xf6\x86\xf3\x19\x85\xe1\xab\xe7\x85\x91N\xb4\x10\xbeu\
D1\xc25N\x17^\x0f\xfdA\xd7\xad.\x83\xae\xfd\
\xfcb\xf0r{\xfd\x11?xH\x87\xfew\xd5>m\
\x0e\xb0i\xd8\xb4\xb2\xf0\xce\x00HM\x94q4\xe1\xd0\
n`\x02 \x89\xb8\xa7?o\xa9\x9e\x16\x82\x1e\x9b\xf4\
\x15\xb1=\xa0\x9b\x13\xe3\x85\xe07_>\xe0w\x0f\xf1\
\xf2\x89=\xffi\x13\x90\x9b,\xae?\xe1\xa7\x0fq\xf2\
KEn0\xad\x92\xe3W\xc5\xef,\xfdFo\xb9\x9d\
2\xcb\xbfE\xe3\x9d\x07`h%-i\xa7\xcc\xdd\xac\
\xb0\xa9ne-\x13\xbd\xb6V$\xba\xad\xadL\xf5b\
\xf0\xbf\xe3\xc7\x0fysU5[a\xdd52+\xdd\
y\x00\x82\x9cca4\xa3v\xf3o\xfc\xfc\xd9\xcb\x9f\
U\xcf\xce\x98\x1a\xebB\x97\x8e'\x0f@\xd2\xf6\xba\x96\
\xc6\xc4\x96\x81\xbe\xf9\x02\x02\xc0\xff\x87\x90\x07 \x1c1\
\x0c\xbb\x0b\x16\x00\xfc\x87\xc4(@#Rt\xe5\xa8^\
\x8f\x9c\x7fi\xf8-v\x029\xcb\x87j\xdd\xee\x84\xd1\
\xc6\x99o9\xea\xce\x03\xd0\xda}\xdd\xca\xf8xkz\
\xfa\xcd\x00\xdc\xc5\xe2\xafq,\x90\xaf\xbc\xfd<\xea\x88\
\xcd\x84\xf5\xe0\x01\x9c\x15_/U\xbf\x06\x0f\xd8\xf2\xff\
#|\xff\xdd\x1e@ E{\xc9L?t\xc9\x03s\
\x8b\xc1o\x11\x0c\xe4\xbb\x00\x00\xf3\x93(\x80\x88q\xf2\
4\x9e\xceA\xdf\xe0H S\xf9#\xfc\xf8\xf3c\x80\
\x1cu:\x09HGg\xe8X\x8d\x0c\xad\x0c\xad\xcc\xf4\
\xb6?\x9b_0\xfe\x9f\xa0\x02S\x07@5+a\xbf\
!\xa6f;=Y\x22\xab\xe6\xd0Lw\xbc;\xbft\
<y\x00>>n\xdcG\x84\xb6\x13?']d\xf1\
\xf48\xaf\x13_/\x12\x0f\x17\x80\xa7\x03\xb0>ql\
\xe6\xd0\xa6\xd9\xa1\xb6`\xbc\xdf\x03\xb0tmC+\xa9\
5\xee\xaa\x13=m\xebd\xbe\xc9\xf4\xd2\xf0p\x01X\
\xca\xdf\x8fP\xe5\xc4\xc9\xba\xc9\x8dWO\xee\x99\xa8)\
\xb3^k\x1d[>:\x02\x01\x1cC\x00\xbf\xbc6x\
\xa6F\xce/\x01\xef\xeb\x01\xc4\xbd\xf3\xd0\xcaL\x1f\xdb\
_\x14\x1eg\x01\xf8n\x01\x9ew\xe8~*\xf8\xa4\x1e\
\x00\xf9\xd3\xb6=1\x17\xf3\xe7\xeb$\x9f\xde\xb4\xe3\xcd\
|\xe7P\xd7\xa2d\xfc?@\x07\xd6+\x80\xc9\xf2z\
\xc49\x80`\x00\x98~\xb0\x06\xe0'\xef\xab\xe3\xfcQ\
g\xf2\xaf,\xbc\xaf\x07\xa0\xd3\xf88\x1d\xb0\xf5\xf5\xf4\
D\x1b?\x0f\x05\xf8D'\x9e.\xdbGk\xd1x\xac\
\x01\xd8\xc9\xa7uF\x95,O^\xc5(Y\x9eG\xaf\
\xf2\xf9\x93\xc0\xfb\x8a@\xc6\xb1!\xc6\xc8\xb9\xb5\xa8\x10\
\xc8N\xae^\xefQ\xab\x93\xcf\xd7\xe2\xf0\xe4\x01P\xf1\
|\xa9-\xc5\xcf\xad{P\x1a[k\xd7a\xb7\xa4S\
]}i\xb5\xa6\xbf\xc2\xb846\xc4\xd37\xcdx\xc9\
xl\x02\xb0\x93\xcf8\xff\x9b\xed\x01\x18*\x0a\xc4\xf4\
\x82\x01\xe0\xbd\x07\x08\x03\xf0\xb201C\xde\xf8\x22\xfa\
\xa1p\x16\x1b}\x0bBp\x93\x7f\x81\xf5]\x03\x10\xf2\
\xea\xcd.\xbf~\x93\xea&\xc9\xa7\xef\xf6o\xb4\xe9\xe9\
/\x0d\x0fB0\x93\xb7\xbf\xa6{f\xbb[r\x8c^\
\xf5\xff\x99\xad\xb1\xa7\x81w\x06\x80k=\x80\xa0\x83\x11\
\x5c\x0d\x00$z\x00\xbbzY2\xab\x9b5\xb4\xafd\
<\x18\x01\x03\xc0~\x0f\x80i=\x00\xaf\x83\x110\x00\
\xcc\x0d@\x93Wom\x93G\xaf3\xdd\xf8\xb0YW\
O\xe6\x95\x8c\x87\x07\x00\x03\xc0\xde\x03`\xf4>\x80}\
\x1d\x8c`h\x00\xc2\xf6\x17Z\x15\xf7\x00\x06\xd5\xd0\x9b\
\xe8\x05F\xb0\xf6\x00\xd8\xe5\xff\xef\xe5\x02<s\xae\x07\
 \x11\x06\xc4\x12\x80\xf9\x12\xe0i\x11\xea\xeb\xd6\x94\x1e\
S\xfb\xbcy\x19\xf3\xe7\x9b\xd6f\xfd^\xafEw^\
\xa9x0\x82\xed9\x803\x13n\xa7\x81\xa7\x92`m\
|\x9c\xce\xc6\xe9\x9ex\xb9\xe9\x89\x9f\xeb\x9e\xf8z\x89\
x0\x02\x1e\x00{\x0f\x80\xb3\x80\x11\xec\x0c\xc0z\xd6\
\xbe%kW)\xb7\xf9V\x99>\xf5\xf1\xeay\x91\xc6\
\xc7\xad\xed\xc6\xcbm\x16?\x9f\xde8\x18\xc1\xcf\x00\xf4\
\xe7\xd1\xf3\xd4\xab'\x19\xd2c\x8c\xe6\xd9\x82\x11\x9c\x97\
\x00jv|\x97<\x1bW'\xc6\x0b\xc4\x93\x07 \x05\
\x9d\x88\x91\xda\xd7\xcb\x97\xc2\xeb\x14)\x0f\xba\x8c\xba\xd0\
>~\x1eu?\xdfo\xa7\x8b\xb2\xf1`\x04\xf6\x00\x98\
\xef\x01\xb0\xae\x07`\xc0\x08\x18\x00\xde\x05A\x1c\x0f\xa4\
\x0c\xf9\xf1\x92\xce\xc69\xc7X\xea\x907\xa3})\xed\
f\x5c\x84\x17\xec\x84ya\x5c7z\xb9x0\x82\xad\
\x018\x15GS'\xaaiM\x02\xef\xa3\x00\xc6\xfb\xcb\
6\xb6\xf2Pk\x8f\x8f\x97\x89\x07#\xe0\x010\xf7\x00\
\xd2\xf8xx\x94\xc6\xba\xfaY<\xdd\x84\xcd\xf3To\
\x92j\x0b\xc6\x83\x110\x00\xdc\xf7\x00X\x0b\x18\xc1\xda\
\x00\x8c(\xa2\xaf\xce9\x8ew\xb1\xf8\xea9\xcf\x97\xa7\
\xcd\xf3\xbd\xfcy\x7f\x88vX\xbe}ax0\x02\x1e\
\x00\xfb\x93\x80>h&Y\xb6\xf0\x00\x18\x1a\x00\x15\xb6\
\xc4\xfc'6M\x94|o\xa0iv\x13\xd5\xa4\xf0\xe4\
\x01\xa0\x1e\x00\x04\x1e\x00[\x0f\xc0\xb9\xc7\xf4\xcaL[\
\xf3l\xc1\x08\xce\x06@\xa9\x13+\xe5\xfc(]\x06(\
\x1f\x8fz\x00\x10x\x00\xa8\x07\xd0\x9bG\xcf\xa2\x05#\
`\x00\xb8\x9f\x03H\xe2\xe5\xf5\xd8\xfa\xfa\xb5,\x1c\x0f\
Fp5\x00*\xb9f\xafl\xcb\xc7\x9fS\x0f\xc0\x9e\
\x99\x8a\x7f\x11x0\x02\x1e\x00o\x0f\x80\xe9\xfb\x00\x1a\
\x1d\x8c`g\x00\xd6\xa8\x03\xb0\xd3Q\x0f\x00\xc2\xd4\x03\
\xb8K\xee\xdd\xbf8\x8d\xfbz\x00\xbb\xf8\xb8\x95\xb2\x89\
\x97[\xaf\xdbn\xfc\xdcf\xf1\xf4\xfd\xf1\xd2\xf0`\x04\
\x96\x00\xbc\xa3\x00D\x04s\xe4\xd2#\xfb\x0b\xc3\x83\x11\
\x0c\x0d\x80\x1aqd^\xcd\xc6%\xe2\x16\x86w\x1e@\
\xe7\xbd\x99\xf9\xfb6'\xaf\x83\x11l=\x80\xb1\xf9\xf5\
C\xa8V\x1c\xbezZhM%\xb3\x84HZ\x99\xe9\
\x87Z9\xb2\xff\x02\xf1`\x04W\x0f@\xed6\xc6\xb2\
\x1b\xa7\xf1N=\x00\x99\xc5\xcb\xbd^\x0b!\xd3\xf8y\
\x8f^2\x1e\x8c\xc0\x1e\x00\xfbz\x00>]V\x8b&\
mvw\xf5\xf5\xeb\xa4\xff\xd8\xbcB\xf0`\x04k\x03\
\xa0\x0e;\xc7\xea5nxqx_\x0f@\x87\xa7e\
\x92O\xdf\xcd\x9f\xd7\x810\xa9\xde\xcc\x17q~\xb1x\
0\x02\x1e\x00\xf3(\x80\x15F\xfb\xe0Y\xed[\x1bu\
k\x83\xee\xc6\xb7}z>\xbfP<\x18\xc1\xdc\x00t\
\x9f\x96\xaa\xff\xd1\xaa\x0e?q\x0b\xc7\xd39\x00Cu\
\xf2\xdb\xf8\xb9ht\xdd\xc6\xcbc]\xfdN>}T\
t\x1c/\x16\x0fF\xc0\x03`\xee\x01\xd0\xdb3\xf9^\
`\x04c\x03\xa0\x82\x1cY\x22\xef%\xd0\xef\x0d\x17\x8e\
\x0f'\x01\xdb\xfa\xf9\xb4*6~\xfd\xec\x97\xd1R\xc6\
z\xfbq\x19\xdd\xeaR\xc7\xba\xfaB\x8a\xb2\xf1`\x04\
\xce\x01\x0c\xdbY\x1b\x1ew/\x09O\xd9\x80\xc7j\xe9\
O\xbe\x05#\xb0\x04`\xbd\x04x\x19\x9c?o\x86\xe4\
\xd7\x17\x87\x07#`\x00x\x1b\x80\x85d-`\x04;\
\x03\xb0n^\x94\x15\xbf\xe9_\xe1\xdb\x19\x8f\xde\xf2\xde\
\xe4i\xe0\x9d\x01\xe8\xe4\xc7[aS\xdd\xca:\xcd\x9f\
\xaf\xadM\xf3\xe9mm\xf3\xfc\xfa\xe2\xf0`\x04?\x03\
\x80:\x00\xc9\x1e\xc0\x0b\xea\x01@\x18/\x01\xd4y\x09\
5\xc5\xe3\xc9\x03`\xf9>\x80F\x07#\xb0\x07\xc0|\
\x13p`^\xfdD/0\x02\x06\x80\xf9&\xe0\xeb\xf2\
\xe9\xeb3\xf3\xf1/\x05\x0fFp\xdc\x03\x88\xaf\xc6\x8a\
-g\xdd\x19\x80\x01y\xf3\xae5=\xfdF\x0f\xcc\xbb\
\xbf`<\x18\xc1\xd0\x038u\xa4\x86\x91\x1e<\x80\xb3\
\xe2\xebe\xeb`\x04\x96\x00\x9c\xe5\xee\xb9\xa9\x07 \x92\
\xbcy1\xe0\x92\x07\xe6\x16\x86\x07#`\x00\x98\x17\x04\
\xe1\xf9>\x80F\x07#\xf8\x1a\x80\xfeB\xd9\xbc\xf4\xea\
y!\xad\xcf\x93\x17V\x86V\xca\x987\xdf\xd5\xdb\xfe\
l\xbe,\x1a\x0f\x0f\x80\xa1\x01P\xbb$z\xbf!\x96\
\xea\xc9\x12Y5\x87f\xba\xe3jRx\xf2\x00|<\
\xdc\xb8\x8f\x08m'^n|>}7~\x1e\xe7u\
\xe2\xe9\xa5\xe2\xc1\x08\xc6\x9b\x80j`:\xdd\xa9\xd7\xec\
\x15\x8c\xf7EA-]\xdb\xd0Jj\x8d\xbb\xeaDO\
\xdb:\x99o2\xbd@<\x18\xc1z\x0f`\x8f*'\
N\xd6Mn\xbcz\xa2\xb28\x94\x19\xaf\xb5\x8e-+\
\x1d\x8c`k\x00F\x07\xcf\xd4\xc8\xf9%\xe0i\x0f@\
'\xf5ri_\xac\xab\x8f\xed/\x0c\x0fF \x0a\xf0\
\x9aC\xf7S\xc1SY\xf0$_\xde\xb6'\xe6b\xfe\
|\x9d\xe4\xd3\x9bv\xbc\x99\xef\x1c\xeaZ\x94\x8d\x07#\
x\x1b\x80\x89\xf2zx\x18\xf0Y\x0a\xd6\x1f0\x02{\
\x00gP\xaax<E\x01\xe8\x1dY\xbb\xf88\x1d\x90\
m\xdf\xb2\x13\xe2\xe5\xba}\xc1\xc6.~.\xdbGk\
\xd9x0\x82\x9d\x01XgT\xc9\xf2\xe4\x95\x9a\xa9\xbe\
<z\x95\xcf\x9f\x04\xdey\x00>6\xde\xd4\xd6g\xd7\
\x82\x11\xd8\x03\x18\xfc\xf8T'\x9f\xaf\xc5\xe1\xc9\x03\xb0\
\x96\xe2\xe3\x96\xe2\xe7\x96\xea\xea\xdb\x9a\xea\xea\xdb-\xe9\
\x96\xe2\xe7Vk\xfa+\x8cKcC<}\xd3\x8c\x17\
\x8d\x07#`\x00X\x1f\x05~\xa6:\xd9\x8c/0\x02\
\x06\x80}.@\x10\xe3\x8b\xe6\x87BY|t0\x02\
\x06\x80\xb9\x07\x10\xf2\xe2\xcd.\xbf~\x93\xea&\xc9\xa7\
\xef\xf6o\xb4\xe9\xe9/\x0d\x0fFp5\x00Jun\
\xc91z\xd5\xffg\xb6\xc6\x9e\x06\xde\xbf\x1e\x1c\xf5\x00\
 \xf0\x00\xf8\xee\x01\xb4\xf5\xb2dV7kh_\xc9\
x0\x02\x06\x00\xf5\x00P\x0f\x00\x02\x03\xc0\xd4\x03h\
\xf2\xe6\xa5\xb5M\x1e\xbd\xcet\xe3\xc3f]=\x99W\
2\x1e\x1e\x00\x0c\x00{\x0f\x80\xe5\xfb\x004\xea\x01\xf0\
5\x00a\xfb\x0b\xad\xaf\x07\xb0\x18XCo\xa2\x17\x18\
\xc1\xda\x03`\x97\xff?C=\x00\xd4\x03\x80\x01\x80$\
{\x00\xa1>nMm\xed\xf3\xe6e\xcc\x9foZ\x9b\
\xf5{\xbd\x16\xddy\xa5\xe2\xc1\x08\xb6\xe7\x00\xceL\xb8\
\x9d\x06>\xa9\x07\x10\xce\xc6\xe9\x9ex\xb9\xe9\x89\x9f\xeb\
\x9e\xf8z\x89x0\x02\x1e\x00{\x0f\x80\xb3\x80\x11\xec\
\x0c\xc0z\xd6\xbe%kW)\xb7\xf9V\x99>\xf5q\
_\x0f`\x17\x1f\xb7\xb6\x1b/\xb7Y\xfc|z\xe3`\
\x04?\x03\xd0\x9fG\xcfS\xa7\x8a@>=\xc6h\x9e\
-\x18\xc1y\x09\xa0f\xc7w\xc9\xb3qub\xbc@\
<y\x00R\xd0\x89\x18\xa9}\xbd|)\xbcN\x91\xf2\
\xa0\xcb\xa8\x0b\xed\xe3\xe7Q\xf7\xf3\xfdv\xba(\x1b\x0f\
F`\x0f\x80\xf7\x1e\xc0\x02\xf5\x00 0\x00\x9cO\x02\
\xfa\x00\x19\xf1A\xd2\xd98\xe7\x18K\x1d\xf2f\xb4/\
\xa5\xdd\x8c\x8b\xf0\x82\x9d0/\x8c\xebF/\x17\x0fF\
\xb05\x00\xa7\xe2h\xeaD5\xadI\xe0\xe9\xbd\x00\xfe\
P\xac\x7fW\x9eo\xe5\xa1\xd6\x1e\x1f/\x13\x0fF\xc0\
\x03`\xee\x01\xa4\xf1\xf1\xf0(\x8du\xf5\xb3x\xba\x09\
\x9b\xe7\xa9\xde$\xd5\x16\x8c\x07#`\x00\xb8\xef\x01\xb0\
\x160\x82\xb5\x01\x18QD_\x9ds\x1c\xefb\xf1\xd5\
K^\x0f\x806\xcf\xf7\xf2\xe7\xfd!\xdaa\xf9\xf6\x85\
\xe1\xc1\x08x\x00\xac=\x80\x97\x85\xf4\xf9\xf3\x14!c\
\xd8\xc2\x03`h\x00T\xd8\x12\xf3\x9f\xd84Q\xf2\xbd\
\x81\xa6\xd9MT\x93\xc2\x93\x07\x80z\x00\x10x\x00l\
=\x00\xe7\x1e\xd3+3m\xcd\xb3\x05#8\x1b\x00\xa5\
N\xac\x94\xf3\xa3t\x19\xa0||\xf5\x82z\x00\x10x\
\x00\xbc\xf7\x00\xb2\xfcyV-\x18\x01\x03\xc0\xdc\x00\xa4\
\xf9\xf3\xf5\xd8\xfa\xfauW/\x0f\x0fFp5\x00*\
\xb9f\xafl\xcb\xc7{\x0f\xe0\x95b\xcfL\xc5\xbf\x08\
<\x18\x01\x0f\x80\xb9\x07\xc0\xf3}\x00\x8d\x0eF\xb03\
\x00k\xd4\x01\xd8\xe9\xd5\x0b\xea\x01@Xz\x00w\xc9\
\xbd\xfb\x17\xa7\xf1\xeay\x91\xc6\xc7\xad\x94M\xbc\xdcz\
\xddv\xe3\xe76\x8b\xa7\xef\x8f\x97\x86\x07#\xb0\x04\xe0\
\x9d\x0cDD0G.=\xb2\xbf0<\x18\xc1\xd0\x00\
\xa8\x11G\xe6\xd5l\x5c\x22na\xf84\x19\xa8\xef}\
\x9b\x93\xd7\xc1\x08\xb6\x1e\xc0\xd8\xfc\xfa!T+\x0e_\
=-\xb4\xa6\x92YB$\xad\xcc\xf4C\xad\x1c\xd9\x7f\
\x81x0\x82\xab\x07\xa0v\x1bc\xd9\x8d\xd3xx=\
x\x8c\x8f\xcb,^\xee\xf5Z\x08\x99\xc6\xcf{\xf4\x92\
\xf1`\x04\xf6\x00\xd8\x17\x04\xf1\xe9\xb2Z4i\xb3\xbb\
\xab\xaf_'\xfd\xc7\xe6\x15\x82\x07#X\x1b\x80u/\
+\xd6\x87\x87\xfaf\xfeD\xbc:\xdc;hE\xe0<\
\x00i\xfc\xdbt\xda|y\x9fO\xdf\xcd\x9f\xd7\x810\
\xa9\xde\xcc\x17q~\xb1x0\x82\x9d\x01X>.\xbf\
\xd1g\xe6n3\xd7>V\xeeV=\xba\xdb\x1d\xddh\
\xec\xae\xdb\xbd\x0c\xdd\x8f\xd4]\xb5\xdd?\x11?\xfb\xf6\
\x17F\x01\xac0\xda\x07\xcfj\xdf\xda\xa8[\x1bt7\
\xbe\xed\xd3\xf3\xf9\x85\xe2\xc1\x08v\x06\xe0\xfe\xc7\x8f\xf9\
|\xbe\xfa1w\x1f\xfa\xeen\xf3\xe46\xb8\xfb'\xe0\
\xbf\xba\xfb\xe3r\xd9\xf3\xb4W\xfd\xae\x81:\xe81\x90\
\x07`\xa8N~\x1b?\x17\x8d\xae\xdbxy\xac\xab\xdf\
\xc9\xa7\x8f\x8a\xd6\x85\xe3\xc1\x08v\x06\xe0v\xbeZ\xce\
\xbf\xcfo\x96\xcb\xf9\xfca\xb9\x9a?\xdc\xafn\xe7\xb7\
\xb7\xf7\x0f\xf3\xe5\xcau?.\xe7_\xa9\xfb\xfevu\
?_\xad\x1e\xbe\xba\x89_\xe7\xdf\x1fW\xf3\xaf4\xf1\
\xfe\xf6\xf6\xa1\xe9>\x84\xbf\xc9\xf17'\xf1\xab\x9e\xff\
\x7f\xeb\xf1\xdf\xf7\xf0\xf3\x9b\xf9\xd2\xd9\x80\xd5\xcd\x8f\xc7\
\xbf\xc2\x03\xa0\xb7g\xf2\xbd\xc0\x08~\x1e\xc0\xfc\xf6\xc6\
Q\xc8\xd1\xc7y\x02\xab\x9b\x87\xff\xb1w\x05\xadq$\
W\xf8\xb4\xa7\x85\x90\x1c\x0c\x1b\xc8%?`/!D\
\xcc4\x92\xfa\x12\x14\x22pN\xb1\xc5\x1e\xeb\xe2\x8bB\
\xbb}\x12\xb4/+a\xd00\x0d\x06\xc3\x80|\x98C\
Q\x84:\x88\x02]\xfaVE2\xbb\x84v\xcb2)\
\x98SC\xf2\x17\xf4\x1b\xf2}\xaf[\xf2X\x96\x1d!\
\xc7\x9b\xd5\xce\xf4\xa8\xa7\xa7^\xbf\xaa\xea\xcb\xf7\xde\xf7\
\xde\xab.\x01S\x1a\xa7\xf2\x22oZ\x00\x18\xbf:\xb1\
\xa18hu)F\xe7\x0a\xd7\x0a\x16\xe4B\xec \x86\
\x05\xf0Z\x01\xf1N\x05\x07\xdb\xd2\x02\xd7\xd4m\xd1\xa2\
\x84\x13\xa9x!\x0e\x97b\x0d\xb1\xb7-p\x8d\x09C\
\x0b\xa4\xe3\xc1\xb4r\x81'\xc4|\x0e+\xe2\x00\xb1\xc2\
3\xb5\x18\x13\x03S\xcd\xaaV\xdb\xbf\xbe\xf9H\xb2`\
\xfd\xbd\x0d\x00\xae\xde\xde\xffw\xbf\x9f~\xbf\xaf\xfe\x9a\
\xec\xab?\xe8\xc3\xe8\xc1\xa0\xdfo\xbf\x0f\xa3/\xdb\x83\
\x8d~_\xfd\xb5\xc1\x1d\xef\xbfB\xc4\xd2\x19\x00M\x5c\
F\xc0\xd5\xb5\x8dr@\xb86Ai\xc2\x18\x90\x02\x0a\
]P\xd1)\x0fT\xc3\xd7\x12\xfe\xbd\x18\x9a\x11\xeeZ\
\x13\xfd\xe8\xadc\xf3V\x5c]\x8a\x95\x13qEL\xab\
\xca\xe9\xe0{1\x061-\xf50?\xc4\x98\x01z\xaa\
\xba\x10\x07\x8a\x05\xf8\xb0\x0a\x14\xd3~8\x8a\x83\xc6\x13\
\xe1)m\xf7L\xb4\x1f\x06\x83\x84\xd6\xd3\xd2\xa8f\xff\
\x86;\x85\xae\x7f`\x1d\xc0G\xf7\xd2\xff\xc9_W\x88\
XB\x06P\x05\x07\xf4\xb9\xa6\x05\xd4<a\x15\xe0\xea\
\xbd\x0b1\x82[\x13X\xce\x1ab\xda\xc3\xdbG-\x8e\
\xd9\x0b\xa7W\xc4y$3\x8f^\x08\x00\xe0\xcf\xe1 \
\x86g\xb7@$\xba7\xc0.\xa8\x02\xcc\x87\x89\xc0\xb4\
\x03\xb3\xd7\x9e&\xc6\x8a6f\xd2&FC\xb7\x0e1\
a\x0d\x5cW\x18\x14\xf0w\xa0 x&\xa3b\x15\x22\
FU\xc1\xeb\x08A\x80U\xe1\x00\x18Z\x0b\x81\x80q\
\xc1D0Z\x0ce>i[\xf0\x1b\xbf?\xbfy\x93\
\xf7\xeb\xef\x5c\xff\x15\x22\x96\xce\x00\x80\xa5W\x91\xd0i\
\xda@\xbfj\x80h\x8fP[9zj\xe5\x01,\xf8\
d\xa5#\x88@\x80\xc4H\xca\x90\xe0\x06\xdf\xaf4P\
Y9GO\x8d{mE\x19\xb8\xbat\xb7t\xe9\xc2\
\xeb{m\x17i[\xc0.\xe8\xee\x8d\x03}\x87\xac%\
\xe9\xe8\xb51\x8e\xe6}\xc6$]\x17\xceD\x16PI\
\x00\xc1\xb8\x84}IV`C<MMk\xf1t\x96\
\x1dT\x03\xf3\x85\xd9\xec\xfe\xa7\xac\x03\x18,\xf5\xb1B\
\xc4\xf2\x85\x00\x95\xf3\xa4\xf7m \xcc5\xfc\xb6\xaf\xa2\
\xa3[W\xb6\x92\xb8^\xd3.\x80&07\x10\x884\
\xf0\xee\x86|\x1b]+\xbaq\x12{\xe6\xe9 3\xca\
yo\xe9\xd7\x83\xa4\x0c\xa0h|\xb4\x8c\xec1L\xa8\
\xbcb_\xd50\x9a\x8f\x96\xb4\x1en\x9f\x86\xa7m\x0d\
\xfbC\x1b\x02c[f\xfb8!\xb4\xa3\x85\x90A\x03\
\xc7\x0c\x04{c\xda\x96\x91\xbfc\xb2\xc1U\xb4\x17\x0c\
%\x94\x0c\x09\xa6\xb2/\x1b\xfd\xae\xf7\x7f\xbf]\xfc\xeb\
\xd9~\xffw\xe5\xa6\xac\x03X|?~wmw\xb1\
\xbd;8^\xbc\x7f\xbc\xbb\xbb\xf8>\xfd\xee\xf1\xee\xd5\
\xf7\xeb\xef\x5c\xff\x15\x22\x96\xce\x00\xb4t\xea\xf0\xdc\xa4\
\xd0\x12\xdfW\x88\xff\x09k\x5c5\xf1K\x12\x0f\xd7\x0e\
\xf6n*OZ\x00\xec)\xf8mm\xa1\xe1\x11\xa8G\
x~\xdd\x82\xa8+F\xfe\xcc\x0e\xba\xd6i\xa0\x9d\xf6\
\x83\xec\x81\x01\xbc\xb6.*P\x05\xc0\x17}\xa1\xad5\
\xec\x87\xb2\xad\xe3\xe8\x98\xd8\xc0\xb3cbh;\xa2=\
J\xca\xa0\xa12\x7fx\xb2\x94HJ\xa1\x99\xb40\x0d\
gw\xd1\x0b\x1b\x89\x0eO\xab\x1aN\xd22+\xd1\xba\
\xfd[\xee\x0b U\x80\xd5~\x00\xabc\x99\x0c\x00\x5c\
(8\xb8%\x80\xe1\xee\x1b@(0{\xef\xe9\xac-\
\x00\xd8\x02\x8e\x95\xa9\x04\xc0\xc1\x00k\xc0\xb0i\x00D\
\x04\xe6\xe0\x0e$\x0b\x06~\xd9\x88\x01`\xb6\x0e\x5c\xc1\
0\xad\xe8\xc5-7\x94zO\xfb\x81\x18\x82i|h\
6^<5&206\x81\x09\x84\xaa\x81M\xa9\x98\
\x03\xb0\x8e\xb9\x82J{V\x00\xa8\xc9\xec\xa3\xab\xe0\xed\
Y\xa5\xa0A\x80\x00\xad\x8a\x89\x08\x1a\xab\xc8\x1a\x85\xe2\
TxT0\x0bc\xf4\xfe\xad^\x08\xba\xba\x1f\xc0\xf2\
\xfd\x7f\x80\x15\x22\x96\xce\x00\x00q\xc4?=-\xdd+\
@\xdd\xc1\x8aY{\x0b\xe7\xdc 2\xaf\x10\x148\xc7\
\x94\x80\x81fW\xf8#(A\x00X\x86w]\xe1\x10\
\xf8\xab\x10\xa1S\xd5\xc1\x8bS\x1b\xf6\xa4\xa2_W:\
\x02\xb9@5L\x8b`\xd50fg\x12\x90P\xaf\xa2\
\xf0w\x8e\xed\x01m\xa7\xa2\x8fAE8}\xe6\xf6\x18\
UX\xc4\x0e\x06A\x8a\xc7\x03\xd2\xfe0\xcf\xa0\xa5\xb8\
`\xf8\xfc\x08\x0b\x8c\x04+Z\x0c\x10\x1f\xa8\xb9\xed:\
\x80\x1b\xbeW\xff\x13=W\x88X:\x03`\x84U3\
\xb0\xae\x98X#\xa3\xf6]\xd5\x1e\xfc\xda#\xda\xd6\x82\
I8b \x15\xf8&\x1bP\xe2\x94+I\xe2G\x03\
*/\x00\x86\x05\x80\x03\xaf\x1c\xb5\xc1\xe2\x8d\x84\x10\x84\
'\xf4\x22\xac\x05\x1cx%+\x07\x98/T]\x8e\xb0\
\x12\xe3\x11e\x95\x01\xc3\x04C\x88+\x92z\xe6\x1c\x00\
\xe6\xb6\xe5\x02\xa1\xae\x0a\xe8C\x8bx#Zf\x02\x1a\
V\x1ca\xb6$9`%\xb4\x10\xa1\x83\xe9\x10\xe1\xfe\
\xed\xaa\x00\xb7\xdc\x0f\xe0\xf8\x13\xdf\xc7\xff\xb1\xf4_!\
b\x09\x0d@\x90\x14[\xdb%\xd1\x10@3\xb5\xe6\x80\
5\x0d\xbe\xcd,\x00\xb3w\xc0\xaa\xf3\x5c\xa1\xc7\x1c@\
\x9f\xaeS>D\xaf\x1d\xe0\x8f\xf8@\xd2u\xac\xe7\x0b\
\xad\x07Wg\x80O\xa8\x03\xa3\xdaQ\xdb\xd0R\xc4.\
*\x90:>M\x04Y<\x0c\x0f\x97\x034,\x0d\xc0\
\xd6\xc4\x8e\xec\xb3\x1f9B#\x94?\x8a]At\x01\
[\xe3\xc95<+\x08\x8eu\x01\x10\x12\xdf\x0baA\
\x10\xce\xf0\xf9-\x97\x05v\xff\xf2\xeb\xf2_\x7f\xdd\xa0\
}\xfd~\x00\xd7\x5c7\xaf\x91on\xdc\xf0\xbd\xfb\x1f\
q\xff\x15\x22\x96/\x04\x90\x0c\x9d\x89\x92\xd8g\x10\x0d\
Wo\xe0\xa9\x05\xeb\xac\xb9Y\xa9\x0f 40d\xea\
\xf0\xcdt\xdd\xa0\xda\x0d\xabs0\x02@g`u_\
\xcau\xc6\x92$\x00\xec\x8e\xc5y\xba\xf5\x06\xdf\xac\x02\
D\xae.\xaada \xab\xfb,\x1c\x22\xfa\x17\xde\x0f\
U+eD\x18 p\x00V\x010&\xa7\xd6\xc2\xeb\
1@d\xe6O\xd3\xdbKq\xb2\xe9\x16$U\x01\xf1\
\xbe\x12R!\x05\x07b\x1f'\xa6\xd2\xad\xb37\xdd*\
d\xfd\xddu\x00\x9fX_\xbf\xdb\xed\x15\x22\x96\x8f\x01\
 Z7\x5c\x9d\xcb\xe2\xba&\xbf\xae\xb8\x10H\xb7\x0c\
\xd3\xb9`\x0frF\xdc\x95\x12g-\x84\x9c\x5c\x9b\xee\
\xdaAUkY\x1b@A\xa0Snm\xabe!\x80\
\x01\xb3gw&\x18\x22\x97\xec\xf8\x00S#e{j\
khW\x11\xc6\x05Q\x07k\x0bZu\x1c@\x0c\x12\
fw0$Q\x92\xfc\xb2\xea\xb8\x02\x1b\xf1@;L\
\x8d\x96\xa5\x01\xc0\xbb\x0f\x8c\x0cH;lkYD\xe0\
:D\xcb\x85\x84\x96\x0b\x06>i?\x80\xb5\x85\xf7\xe6\
\xd7np\x0e>\xa0{\xc7\xfa\xaf\x10\xb1l\xc7o\x5c\
\xe3\x9c\x05\xdc,\xae\x8d\xf3. \xf8\x06\xff7!\x18\
\xef,d\xc17\xce4\x067\x83\x85\xa6\xb7\xf0\xcd\xae\
\xb1l\x9b\xe0B\xc3.\x90Z\xe9n\xa9\x8d!\x1aO\
\x05\xeb\xd1\x9d\xf2NJm\xc80S\x83^\xcd\xc5\xc7\
`\x0c\xeb\x1b\xd1g\x13SS\xc6[\xbe\x13\xfa\xc6\xd8\
`\x8d5M\xa3\xf1A\xbb\xd1:\xb6\x92\x19\x80m\x80\
5\xb0\x92@\x0c\xb4\x15^j\x85\xc1\xb5\xe169\x80\
%\xfd\x7f\x00\x17\xed\x15 ~\xa8\xe3\xcb/\x7f\xf9\xf5\
\xd7\xf7\xbe\xf8\x7f\x1f\xf7~\x9d=\x99\xbfz8\x9f\xcf\
/N~\xdd?\x9f\xcf\xb7\xa5\x81\xe6\xf6\xfc\xd1\xfc\xcf\
\x0f\xcf\xe7\xf8<\x99?\x90\x1b)\x94\xb6\x1f\xe1\xe6}\
\xfc\x80\xfca\xa7\xfeGv\xde~ \xbd\xce\x1ftC\
mo\xcf\xd1\x7f\xbe\xfd\x17iB\xfb\x11\xaf\xd0\x84T\
4\xf1\xfd\xa0\x13m\x89p\xfb|\xde\xe9B\xfcH\xc6\
\x9c\x7f\xfb\xed\xebw\x8f\x97\xdb`\xfa\x0d\xac\x12\x97\x07\
K\x10\x00\xae\xd0pM\x01\x97\x15\xb1\xc8 \x89\x85\xeb\
6\xfe\xfex\x9b+\x01w\xe5=\xf9\xb5\xddAw\x1d\
\x0c\xfa\xf7\xe6\xdfm_\xca\xaf\xe8\x0f\xeet\xff\x15\x03\
\xf8A\x8e\x9f\xfd\xfc\x8b\xaf\xca$\x9d\xce\x8a\xb2.\xa7\
<\xea\xb2L\xca\xb2(\xf3b4\x9e\x8d\xb2\xd9d4\
\x1b\x97\xb3\xbc,w(+!\x9b\xcc&YI\xf1\xa8\
\xce\xcb:\x85~\xfd\xdeg\x9a\x97\xf9h<:\xca\xb2\
\xa4\x9e\x94\xa7\xf9\xf44)\x8a\xe4\xb4\xceO\xcbI\x99\
\x8d\xb2l4)\xf3i^'E\xf2,9M\x0e\x9e\
%\x87I\x92LF\xf8\x9a\xe59\xa4I\x92O\xc7\xf9\
\xb3\x5c\x8ed'\xcf\x0f\xf9c\xe7\xc3g\xb2\xf39\xef\
\x8f\xbb\xfb\xf9p|tt\xf6\xe0\xe5\xde\xf7'OO\
\xf0\xf7t\xef\xe4\xe4\xef\x7fx=\x1f9& \x08\x7f\
\xf1\xfc\xaam\x18q8)H\x18]\xb5\xaa}\xb3\x10\
\xe2\xaf_,\xfaY\x7f\xbbi@\x9f\xfd{\xdb\x96\xfd\
\x00\x06\x02\x8cMye~\xf3J\xbd|S\xde\xa7\x7f\
\xb7~\xde\xeb\xbdSO\xbf\xab\xfdW\xe0\xfc\xfcQ\xf7\
/\xee\x15i=M\x01\xfe\xe1h2\x9dM\xa6\xd3,\
\x87\x05\x98\x16\xe9,\xadG\xf9t4\xac'\x13\xdc\x03\
\x9c\xa7;e}\xbf.\x93\xe9h<\xcd\x8ef\xe9\xb4\
\x18\xcf`)\xa6\xe9\xac\xa8s\xa8\xf7\x9f\xc3\xfe\xfb\xb0\
\x14\x0bp\x0a<\xa7i\x0at\x1f&)?iJ\xa0\
/\x1e)\xcei\x8e/\x82~R\x1eMq\xa9\x93\xe4\
Y\x99\xf7\x0a\xb0\x0a\x93\x12f\xa2H\x86C\xf9\x92\x83\
\xb2\xe1\xe5\x81\xdb\xc3\xcfzl\x0d\xb7\xfa\xc7\x19&i\
>\xce\xff\xf4\xf2\xf9\xe3\xbd\xa7\xaf\x1f?~\xbd\xf7x\
\xef\xc5\xf3\xef\xf7^iY\x81\x1cZf\x06\x94\x964\
f\xbf:@\xac\xc2\xc7\x93~\xd7\x5c\xf7\xff\x85xx\
\x97\xe7?\xbb\xeb\x80\xd7M\x9c\xc7\x0b\xed\xc5\xeb\xf1\x82\
\xfe\xe6\x95\xf6\x1d\xec\xbf\xc2\xe7\xe7v\xfe\xbf\xfa*\xad\
\x8btZ\x17y\x99\x8c\xc6Y=\xa9g\xc3\xb2\x9e\x9d\
\x17\xa9|\x8a\x1a\xb7\xb3\xc9d\x9a\x15\xd4+A\x13\xca\
\xb4\xacs\xde\xa2\xa0H\x93\x92\xdf8@\x0c\xd2b4\
I\x8b\xf1(-\xf2\x9a\xbd\x0f\x85.\xe0V6*\xc6\
\xb0\x06;t\xf6\xc5Y1=\x02y\xc8\xb2l\x22\x14\
 \x99\x91\x18$\xc9A2\x9a\x1c@\xe1\x0c\x86\xe2\xac\
\xe8\x0c\x03\xac\x0edYv \xf7y\x0e\x87o\x7fw\
\xe7N\x7f\xe2\xf7p\x078\xfd\xdf\x9e[[[\xbc\x1e\
~\x93\xdc\xbf\xcf\x93\xc7\xef\xbf\xe17l\xc0\xc1\xdf\xbe\
\xdb\xfb\xdd\xeb\xa7O\xf7^<~\xf1\x8f\xbd\x93\xe7\xdf\
=\x01\x09h\xf9\xbe\x00\xf3\x80-\xf3\x8dNr\x98,\
\x0a\x22\x18x\xf3_\xf2\xff\xeb\xef\xef\x09\xb8\xd1m\xac\
\xb3\xb1\xb1\xd1_\x97\xaa\xbdB\xe8g\x8e\xfc\x8b\xa4\xac\
\xeb\xf3\xbaN\xd32)\xcaa\x0d\x03\x90\xd5y=\xa2\
\xfb/\x00\xf0\xb4\x860\x9b\xd4GY!L\xbf\xee\xc8\
BRdGi=\x01\xbf\x07\xc2\x01pj\x97y\x87\
\xff#\xe2\xbf\x14\xfb\x01\xbc\xc3\xb7\x17\xc5a\x9a\x8e1\
d\x0e[A\x0b@\xff?\xca\xe8\xed\x8f\xca\xb3\xe2\x0c\
\x88\x87\x16\x22\x89\x09\xa5T\xc0\xe7@\x8c\x82\x98\x01\x0a\
\xc5\xeb\xef\x10\x93\xe2\x7f\xf1\xd8YG\x04\x0e\x8a\x03\xa1\
\x04oi\xc1p\xd8i\xee\xbc\xba\xea\xc1\xa5\xff5\xb2\
\xff\xb0w\xc5\xac\x91$g4t\xe0\xc8\x81\xc1\x81\xc1\
8r\xe0\xf4X\xb3]\xa7U%C\x07#\xc6\xa9\xe8\
\xc4F\x13\xac\x03\x99R\x05\x86\x81Vrj\x06\xba\xa8\
\x82\x85\x86\x82\xbe\xa0\x03#8\x05\x8b@\x17,8\x98\
\xe1h/\xa2G\xb3b\xad@\xc9\xc2\xfd\x86M\xfc\x07\
\xfc^\xd5\xccht\xab\xe5V\x8b\x15\x88\x9d\x1eu\xcf\
\xf4\xd7\xdd\xb3\x9b\xbc\xef\xbd\xf7\xd5W5\x1f\x89\x86\xe7\
\xb3\x81\xc82\xd1\xc7!\xcbR\xfc\xa52c\xb6\x1b \
\x15 \x96\xd6\xc5\x0f/\xceF\xa3\xd1Au0z2\
\x1a\x1e\x9c\x1d\xf6O\xa0\x02NY\x03\x88s\x84\xf7b\
\x83\xf0\x1e\x87\x11/\xee\x03\xfe\xd5z\x00k\xeb\xe5\xb2\
.v\xfb\xfc\xbe\xf1G\xf6\xfc\x06\xa2\x0f\x0a\xff_w\
\xd6\x91\xc1\x91\x00\xf2\x16\xbc\xde\xb6\xc8\x00\xaa\xb3F8\
\xd9E\x09 [|P\xad\x02\x80\x19\x01\xfc\xe1\x0e\xa0\
\xeb\x83\x04\xc8\xa5u\x12O\xf1\xc6\x80\xffZ\xe6~\x89\
\x7fD\x09\xec1$\xbfRs!\xe3\xf7Q\xeeC\xd8\
\xcf\x89\xec2\x1cq\xc7\x18\x22@D\x03\xa0T\xf8\xa4\
\x1b\xf1\xc1\x16\x18?\x08\xfd\xdb\xf1\xdd\xa5.\xbf\x85\xe0\
\xe4\x0eT\x7f<~g\xac\x9f\xf4\x05\x81.\x00w$\
\x82A:\x10r\x87\x0e&\x08\x01\x91\xc9\x0c\xbb\xde\x19\
V\x01\xfd\x90\x008\x9e\xbd~3\xe6\x88\xe1\x1e\x174\
\xa2\x02\x08\xeb\x07\xb0\x0epr\xba\xf7\xee\xe4~\xeb\x07\
\xaf\xaf\x07@=\xbd\xbf\xea\x98[\xcc\x9f\x7f\xb96\x9f\
~{u}y?\x04\xf5\xcbG\xfe\xfc\x06\xa4\x0f\x89\
\xff\xdf\x9b\x0eT\xda\x0e\x1a`\xb55\xa0k\xd3x\xe5\
\xe1\xe8\x91\x16\x22\xfeA\xf5\xf0\xfb\xc6{\xd5Z\x03\x11\
O\xf8\xc3\xd0\xb7\x843beM\xa4\x07\xe3\x0f\x09\xa1\
[i\xeaV\xd6\xa6\x05\xd7\xb7\x92&~\xde -\xc8\
\xb9\xf2\xa5u-P\x8e\x84\xd0\x02\xeb\xc8\x00-\x88\x9d\
\x91\x1b\xa47zi\xf7k'\x96\xf9\x00\xf7\xfa\x90#\
\x82\xdf\x0fT\xbf\x86\xf5\xe0\xfa\x17\x92\xe0\xf3l=0\
\x9e\xa4\xfd\x0fB|e\x09\x88\x7f\xc0\x7f\x0d8\x1f\x90\
\xf2\x91\x00\x06R\xa6;8\x85\x06\x18\xf4\xf0\x19{\x91\
\xfe\xed\x0c\x19\xa0:\xaf\xaa\xebj4\x1c\x9e\xfd{6\
\x0d\xbd\xcc{\x5c?\x90\x9d\x0b\x1c\x06`\x0d`\xf2\xee\
\xe43\xfa\x00\x9e~\xc9\xaf\x0dJ\x1fn\xfbm\x07\xb5\
?h[\xd76P\x00\xad\x03\xb1\xe7\xe0\xea\xa6\xc8\xa1\
\xf7e>\xc8;\xd7\x15\xb9+ZXu\xd3j\x90=\
\x04|\xd7\x15\xb2+\xb4\xb3T\xfe\xbbA\xedw\x9d\x96\
\xbb\xb0\xf1Rjh\xfd\xb8\x0b\x09\xbb/\xf0%\xd2\xd9\
\xce\xd7\xa5\x9c\xd7F_j\xf8\x0d\xa1KV\xf6:\x8d\
\xa4\xa0\x85\xd6F\xc4A\x00\xfc\x19-X\x18\x08\x02\xa0\
\x13n,B\xa6\x80(`\x0aHfT\x00\xba \xec\
\xbbU).\x14\x13\x1d>\xe8\xb5\x040\x9b\xadX}\
\xcd\x05\xcc\xeeP\x00\xfdY\xca\xca^\x0a\xb0\xdf\xbcR\
\x06w\x81\xfa\x01\xf1\x0f\xa2\xefA\xeb\x13\xff2\x0d\xc2\
?\x05\xf8\xb9C\x0e\xc8\x1e\xed@\x91\xfe\xe3\xac\x82\x02\
\x18\x0d\xcfG\xc3j8\x1a\x1e>\x9f\x90\xff\x91\x04\xb8\
$\xe1\xab)\xa75\x1csU\x91\xe9\xc9\xfd&\x04n\
q6 \x7f#\xebf|\x9c\x0d\xb2\xab_\xd9\x89\xe3\
\xe5\xcfV?\xb0q3~\xfetE\xad\x8f\xfb\xf9\x0d\
L\x1f\x0e\xff\xbeu\xb5k\xdb\x04Dl\xbaA\xee\x12\
\xe7\x92<w\xca\xf9`\xe0\xe9\x0c8\x18(\x5cm\x5c\
-`\x01\x1cw8\x06kZ\x9b{\xdf@\xed\xbb\x5c\
\x1b\xdd\x94p\x03\xcd\xa2\x08\xa8\x16&\xa0\x03\xb5\xcf\x9d\
\x9cK\x12\xfb\xbcV\xa5(\xc6\x05\x00/\x1a\x11wP\
\xbe\x07\xd8\x91\x04\x88l\x90}\xc98\x04\x00\xf2M\xc4\
:N\xac06B\x9d\x0e\xa0\x98\x153\x11\xa2\xbc3\
J\x07\x1cm\x01\xcc\xcf~\xd6\xd9\xdf\x11K#\xdf\x7f\
\xe0\x01H\xfd\xe0\xfe~\xc0?\xc0\x8e\x9dE\xbf\x90\x06\
\xb2\x8c\xe0\x8f\x16@\xc2\x120\x09\xd4\xcf\xcf\xaa\xea|\
\x08/\x80\x04\x00C\xf0\xe2\x9b#6\x1c^q\xfd\xc0\
\xe9iX\xa8\x94\xf3\x8e\xaf\xfe9]\xb4\xfa\x7f\xb8\x0e\
\xc0\xd6W[w\xac\x11~\xf4c\x5cP{\xb9\xb6\xfe\
\x17\xf7\xbe\xc1\xe9Cm\xbfk\x13\xb8{\xdf\xb8\xaeq\
\x8d\x80\x08`\xe9M\xb9\x04t\x0b6\xd7\x04>E|\
\x03\x09\xee<$@n]\xad\xa8\xed\x11o\xa5\xf3\xb5\
\xd0\xae\xf6`pP\xbb\x93,\x198\xa3s\x85\x1c`\
}\x89\xb4\xe0\xa4\x86$\xc0\x05P\xbd+a\xed\xbd\xbb\
\xd4\x9dC\x0e\x80\xff\xd7J\x83\xf1\x81\xfdqa\x1b\xd6\
\xfb\xc8\xe3\x0dsA(\xf8\xe1b\xb1\xb4\x006\xa2\x9f\
\x06\xc0\x85,\x10\x87\x07,\xff\x90@\x0a+\x90\x15>\
\xdd\xd7\xdf\xc4\xd3\xb0\xed\x92\xed\xb3\x04\xc4\xdfO\xf9\x07\
\x01\xd0O\xfbA\xff\xe3/x}\xb2|\xda\xa3\xfa\x8f\
\x83\x00\x19\xc9\x7f \x17\xfc\xbf\xc3\xb7\x1d\xfb\xbc:\xac\
\xc0\xffC\x1c\x9e\x0c\xab\xc3\xd7\xdf\x1eqYQ\xae\x07\
\xb6\xb7\xf7\xea\xd5UXS\x90\x93\x1b\x7f\xe6w\x84\xb6\
\xeeX\x0f`\x7f\x9f\xe3\xe3\xfb\x1c?\xdf\xe7\xba\xfa\xfb\
/\xb9\xae\xfe\xfe\x7fx\xbe\xcf\xf1\xf3\xfdg\xcf\xf8)\
^\x7f\xba\xbd\x1f\xc7\xd3\xdf.\xaf?\xea\xe77@}\
\xa0\xed\x8f\x0e\xf4m@\xf8\x89J\x80\xde\xb61\x8d\xc8\
]k<\x12\x81\xf2P\xfb z\x99\xb7\xac\xe3;\x8b\
{k\x96\x00l\x07xC\x00\xd4\xce\xb6\xa5\xf1Vj\
`Y\xda\xceJ\x9b\xe3\x1db@\x97\xc0?\x5c\x80\xd0\
xZ\xe4\xad\xb6L&\x9e\x98\x17,\xfcY\xd6\xef\xcb\
\x0eyC\x0b\xb74\xff\xe3\xb0{\xa1\xb4\xaa\x85\xf7>\
\x98\x00\x13\xae\x9bEY\xc0\x87c\xbcum\x03\xfag\
\x9fg\xfe\xd30\xba\x17\x8f\xabPd\x7f\xd1O\xa8\xff\
\xc1\xf0\x81\xe4\x81t\x88\x7f\xd6\xfdd\x96E\xe2\xe7%\
\xd9K{\xd0\x06=\xd1\xc3E\xb9S\x7f3< \xfe\
\x99\x05\xaa\xd1y\xf5\xe2\xefGaQb.\x1c\xba\x17\
\x96\x1a\x9e\xec\x1d\x9f^\xdd\xf7\xa7\x02\x8e\xfe\xfb\xdd\x9f\
\xb6\xb9(\xd0\x97\xbao\x90\xfa@\xf5?\xc3V<7\
h;\xd1\x86\x96\x9f&\x89r_X\x5cP\xf8\x90\xc8\
<7I\x0b\xfaW\x84\xbe\xc8Y\x02\xb09\xd4\xbd\xb1\
\xb2\xd35RAc8\x0a0\x97\xc6\xccK\x99w:\
\x87&\xc8\xad\x02\x8am\xa3;#\x0c\xae\x88\x5c\x1a\x0f\
Zw\xa0\xf0\xcbrLD\xd7\x06P\xb7D\xb5\x07\xec\
\x9d\xee.]0\xf2\xc1\x0d8\x5c\xb1\xc4\xb9\xc7+\x11\
5v\x85\x88\x05\xcc\x83\xfe\x0f5\x00\xb7,\x01\xccf\
wU\xf6?Z\xed_\xd5\x06\x02\xf0)\xfe\xf9\x09\x8c\
\x0f\xee\xef\x07A\x90%\x19\xbf\x99\xfa\x9fl\x0f\xc4g\
\xe4y\xd1c\x19p\x90\xb2\x08\xc0X\x0a\xcc\xa7)\xa0\
\x8f\x1c\xd0c\x1e\x90\xe9\xfbo\xaba\x90\x00O\x00\xff\
Qup\xa88\xff\xf0$L\x13>\x0eK\x0bs\xb5\
\x92wG\xf7N\x00\xdb\x8b\x19\xf2\xdba\xd1\xfc\xb8P\
\xd6\x97s\xbe\x81\xea\xc3\xb4\xff\xfc\xc6\x19\xa7\xf3\xa4m\
\x95\xd2p\x02*\x87\x85\x07\xf2\x9d\xb3y.B\x170\
\xdb\x00mk$\x13\x80\x81\xe5W\xb9\xe1\x80am\x90\
\x05\x90\x224\x99\xde\xc8\xba\x83\xe1\xb7V\x96\xb9\x92\xc8\
\x0d5E\x80\xd6\xde\x01\xfb sikQ\xe6%R\
\x81\xf0Z\x15\xba\x11\xa5\x0f\x5c\x1f\x0b\xfb\x1a\x88W\xec\
\x02\x88\xc1\x86\xc6\xc0\xc7\xf1\xbe\xf8Z\xd0<\xeb\x05\xb3\
\x18\xd9\x8dv\x80I\x81b`\xe1\xeb\xefv\xfb\xbb\x1f\
\x8b-\xe0\xcf\xfa_\xb6~\xe4\xa1\x9b\x9a\x00\x00 \x00\
IDATg\x1f_8`\xcd\xbf\xcf\xd1\xbfh\xf8\
\x83\x06\x80\xfe\x07\xe4\x07\x02|\xcf\xac \x00}\xbe(\
\x02\xf0\xc6l e\xf1\xe7\xea\x0c\xf8\x1fU\x15\x05\xc0\
\xf9\xe8\xc5\xc1\xfc\x98\x93\x16!\xfdO_\xf1\xf7\x0a&\
\x93\xbd\x93\xc9}'\x04!\x01\xc4y\xf1\xdb7\xf3\xeb\
\xdf\xae\x9fo\xaf\xcd\xa7\xbf\x1d\x7f\xfbl\xfb\x8e\xf8c\
{~\x83\xd5\x07\xd9\xfe\xd0\x1a\xe5\xc6\xbe3\xc6\xa9\xae\
iT\xad\x1a6\xf0Y\xf6\xe6\xb1\x9b\xc7\xd2\xe8\xe7\xaa\
\x03\xc1\x93\xffY\xfd3\xd2K\xf2\x7fm\xd8\xed\x03M\
\xe0\x95UL\x07^w\xac\x1e\x00\x94\xa6\x06\xcc\x0d\xde\
\x8c\xc4\x9bP%,\x00Q\xadJ\x85+\xf5\xf8R\xe8\
\xd6\x88R\x8cU\x18\xdc3P\x1b\xda\x87.\x00!p\
;\x80\xad\x0d\xd5\xfe\xb8\xb4\xaa\xc0\xb1\xcc#\xff\x8bY\
\x02\xec{W\xe0\xe1P\x03(c\x9e\x18\x87\xde\xa0\xd9\
:\xd2gkL\xbf\xa8\x0b\xce\xc2\x1f\xcf\xe3>\xeb/\
\xe0O\x01\x90\xec\x92\xfa\xb3\x85\xfbg\x0a \xf5\xcf\x98\
\x05zQ\xebgT\xf8\xb0\xfc=8\x7f\x19v\x0e\x0b\
\xc4\xba@\xcc\x03H\x008\xec\xbc\xff\xeb\xe1\xa8\xba\xbe\
f\x19pt>\xaa\x86go&\x17\x13\xaeI\xfc\x8a\
\xab\x02\x5cM\xaf8'\xf0\xdd\xf7\xcb\xea\xdf\xd6M!\
p\xeb\xae\x9f\x0c\x8e\xd3\x04h\x016\xeb\x01l\xb6\xff\
\xef\xf6\x8b_R\xff{\xe5[\xa3\xc1\xf7\x9e\x83\xff-\
\x1bs\x1dt\x81\xf7\xac\x0e\xe4\x1c\x08\xf4\xbe\xdd\x05\xb2\
!\x0d@\xe6\xac\x0bH\xe8\x00\xe4\x01_w\xd6#Y\
h&\x87\xb9\xee\x14\xe2^t\xda\xd7z.}Y\x1b\
e\x1b\x00Z)\xc9\x01<\x1f\xab~\x91\xf4\xcb\xd0\xff\
\xe7\x17\x98\xd75\x12@l\x16R\x82\x19\x01o\xd6.\
\xec\xfeB\xe5\xfb\x9b:\x81P\x8b\xd6\x80\xd8\x09\xf0\x93\
\xd6\x9fO\xf5\xfe\x84~\x1c\xfb\xe3\x01I\xa0\x5c\x96\x01\
R|a&\xa2\xfa\x0f5\x80\x9e\x0cc\x00a\x04 \
d\x01d\x04$\x02P\xff\x0eu\x015\x80\xa4\x09H\
\xe5_\xb2\x1d\x99\xfep6\xbc\x06\xf2\x83\x09\x80\x0bx\
\xdd\xbf\x88\x12\x80\xab\x90\xf1\x87\x08C%\xe0\xfe5\x80\
\xd5zYO\x7f\xb2n\xd6\xa7\xc6\x1e\xf3\xf3\x1b\xb4>\
\x8c\x01\x10y\xa7r\xdfv\x03$\x00\xa7\xbc\xea`\xc8\
\x99\x12\xb4\xf3\xb4\x00\x10\x065\x08\xdfK6\x04\x99\x04\
\xb7r\x14\x00\x16@I\x99\xb7e.i\xf65\xb9\xde\
\xcb\xda\x03\xec^v \xfb9I{,\xa4\x92\xb5\x0a\
\x9c\xaeT\x18D\xc0\xbb\xc6\x97;D\xf2R\x84\x1a\x9f\
\xd7\x00\xbd\x11K\x05\x10\x04\xc0\xa2\xe2\xc7 #\xa1 \
\x17\x92\x00\xe4\xc4\xcd\x1c\x00D\x95\xb8\xe5\xf5?\xa5\x06\
\xb0\x88\xc5\xd2\x1f\xd9>\xf8\x80\x94\x0a\x00;G\x01\xd8\
\xef\xdb\x8f\xe8g\x16\xe0\x80\x7f/\x00>\x0c\xfa\xc5,\
\xd0\x8be\xc1\x94\xaa\xa0\x17\xfb\x80p\xdcA\x02\x902\
\xcb\xde\xbf\x01\xf3W\xd7l\x07\xba\xae\xbe\x1e}}=\
\xbd\x00\xf8\xa7\xd3\xe9dz2\x99N.\x8e'\xc7'\
\x17\xff\xfa\xfe>\xdbW?~\xf7Eo\x9bF\xa0\x87\
\xd8~\xd5)N\xc650\x00t\xfc\x1d\xd4~\xad\xbc\
WN\x92\xffe\xce1\xbe\xa6\x81\xdc\xef\xf0\xd9\xe8\xd0\
\xc1\xeb9\x0a\x00\xfa\xcf\xb1\xdb\x12\x06@\xe6a.\x8f\
\xd1,\xf1!:g\xf1\xae\xcc\xe1\xebk3\xa7\x13\x08\
S\xf7TM,_\x02\xeb\x97F\x82\xff\xc9\xf6\x00{\
\x03K\x00\xef_\xe0\xff\xc1y\x00\x0a\xd8W\x8b\xa6\xe0\
B\xe1+\xc5.\xce\xd9\xe1\xdb\xd9EM \xd9\x0d\x15\
\x80X\x030b\xdd\xd5\xdfv\xfbwE\x97\xe7i(\
\xfb\x05\xe9\x1f\xea\x7f1\x9a\x85\x93(\xfeEl\xfd\x09\
\x0a`\xd5\xed\x83\x80 \xf6\x07\xa0z\xa4\x0d\xc8}\x19\
l?\xab\x7f;\xbd\xb4\x87\x04\xf0?\xf6\xae`\xc5q\
\xec\x8a~C\xb2\x0a\x04\xf2\x07YMV~4<w\
\xe2h!\xd9!\x95\x88\x11*(\xcf\xc2d\xda\x13\x1a\
\xf1HO:\x95G\x87\xea\x11\x06\xc9zxS#\x90\
\xdd\xa8\x13L\x02Y\x04\x86tAB\xa8@G\x04J\
\x85G\xbb\xfcA\x7f@~\xa07\xb9\xe7>\xb9\xe2j\
\x92\xae\xb8\xc6C\xe8)?\x97-\xe9\xc9\xe5\xdd\xbd\xf7\
\xdc{\xcf=\xf2\xe8\xd3U\xf3\x17\xbf_\xaf_\xd1\xfb\
\xc5\xe7\x1f?|:\x9f\xff\xe3\xf3\x0f\xe7\x1f\xce\xe7O\
\xe78|`\xd2mV\xf4\xd7\xbf\xdc\xed\xb5\xb7\xd6/\
a}\x83\x92y\xf2\x01\x86B~\x07\xdc\x9d,\xca(\
k\xd7\xb4c\xe8\x8c\x22\xb61:C\x0e\x90\xb5#\x81\
\x5c\x1f\xa0\x8f\xa4\x882I\x08\xbfRE\x9a)d\x00\
L\xf9\xa1{Y&\xa3\x22\xa2\x0c\xa0\xc8h7\xc9\xd1\
\x04\xa0\x5c\x81b7a\x8a\x94\x0c;.\x0c\xc7\xfa\x89\
X7\xf7 \x07\x80\xd3|\x12\x1b\x06\xfaev}\xca\
\xaf\xd36\xfd&q\x075\x00\x1c\x91/\xe8+*\xf0\
\x7fB\x00o\xd9c\xbc/\x91\xfe3\x0e@\xce\xcf\x1d\
\x00\xdc\x0bQ\xf5c\xe3\x87\xf5#\xf9G\xd7\xbf\x07\x87\
0\xe0J\x00\x1a\x00\xdc\xf8\xe7\xac\x9fC\xbf\xd3^y\
\x8e\x87^\x80\xe7\x84\xfe\xf4\xfelc\x1d\xcf.\x0e\xfe\
\xf4\xf1\xd1\xfc\xc9\xfch~\xf4\xd9\xcb\x8b\x8b\x83\xf9\xf8\
\xc9w\x7f\xba\xcd\xfa\xb9\xfe\xce'wy\xfdno\xad\
\xbb\xaf\x00|\xad\xaeEE\x96Y\x91\xa5S\xceo\xb2\
\xb4\xe6\xc9\x9e*\xed\x10\xc8\xaf\x01\xb8\x951\x19Y?\
\x05}\xdc\xa6/\xa5\x18\xe6K\x13:\x08\xb2\xf9L\x18\
\xc8|(0\x81\x13\xc5\x1d\xbf4Y\x11\xcc\x17\xd9*\
\x8a\x12\xfa\x9e,\xb8\x93\x9f\xa3\xfd_\x10*@\x99\xdf\
\xd8\xb9\xff\x5c\xb7\xf3?6\xb3W(\xfe\x09s\x95\xf5\
3\xeb\xb7\xb8>\x0at\xd9\xd6\x00Z\x97p\xfb\xc6?\
\x19|\x8b\xfe\x1d\x8b\x02\xf8\x0e\xbc@8\xe0\xfc\x1f\xb6\
>\x08\xed\xb0/\xb7\x01z\x9c\xf8\xc3)\x0c\x1c\xe6\xfd\
z\xd2N\x00X\xeb\xef\x11\x02\xf0\xf8E( ,^\
O\xa7\xcf\xa7\x87\x87\x87\xb3\xe7\x87\x87\xf7\x0f\x0f\xa7\xbf\
x6\x1e\xf7\x8f\xc6sz\xf5\xc7\xb4\x8e\xfa?\xfc\xd1\
{\xdb\xac\x1fO\xfe\xb8\x96\x06\xb9\x9b\xc7\xbd\xbd\xee~\
}\xdb\x88\xaa\x02\xdf\x87\xcc?+#L\xe9\x98L!\
\xdeW\x94\xcb\xb3\xd1\x1bQ\x1a\xc3D D\xfe<g\
\x9aodt\x82\xaa\xa1Vi!(S\xc82|\xa8\
\x14\x9c\x9fd\xa5D&\xc1\x12\x0c\x14f\xffK\xc3c\
\xbf\xe4\x19Tn\x22d\x09\xe4\x04\x14k\xff\x18(\xff\
\x90'PW\x04 \xd1\xf2\x00\xe2\x16#\xc4\xec)&\
\xe4\x08.A\xf5\xe9\xc4\x5c)\xa4\xe8-,\x0f`\x1d\
\xe1\xe5\x1b\xd1>x\xe3\xde\xe6\x9e\x93p\xdd\x0f\xe7.\
\xae\xd1\x0a\x90\xd6\xf4\x05\xd7\xfeP\xf8\xc7\x07Y2\xd3\
\x80\xc8\xcc\x01\x05\x84\xb4\x0e@X\xf4O\xf1^\x0a\x87\
\xd9\x7f\xb6\x00\x10:\xae\xef;r\xd8\xf3<\x82\x09\x0f\
g\xe7\xd3\xe3\xb3\xc3\xd3\xc5l\xb4\x9c\x9d.g\xcf\x9f\
\x1dt\xd9\xf2\xc7\xe3n\xb7{\xd0%o\xf0\xde\xf6\x0e\
`\xcb\x11\xe2\xaf\xd4\xfd\xbd\xb9\xee\x1e\x01 \xb3'\x1b\
G\x03\xa00yidfj2pe\x04\x17\x02\xe8\
\x96\xe4\xca\x80V\xb2\xce\xea\xd2N\xf8J\xa3\x22\xc5\x0a\
\x1fJB\xe5KhV\xf9\x90\xc6\xb2~\x99:l\xb2\
U3\xc9#\x90\xfa\x85\x82\x85k!'\x8diT\xa3\
\xe2<R*\x8d)\xef\x07\xf3\xbf\x81 H\x94\xf3t\
@cb\xe6\xf7\xc6\xf4\xddu\xff?\xa3l\x9f\xae;\
q\x16\xa7\xd9e@\xbf\xcd\xd7\xe4\x1363|y-\
\xdf\x7f\xeb\xb5\x13\xb8\x81\xe3$\x18\xfc\xa3s\xbar\x18\
\x07pM\xa1\x83\xa1\x9f`\xc0u?[\xe8c\x0a\x00\
\x1c\x00\x1a\x81\xe4\x048\xd9\xa7h\xcf\xd8\x9fr\x01\xc7\
\xa2\xff\x1e\xd2\xff\x9e\xef\x84\x9e\x87q\x01O\x86\xbd\xf8\
\xcf\xc7\xc7\xcb\xe3\xb3\xe5t6[\x8e\xce\x16\x87'\x0f\
\x0e\x0e\x0e\xc6\xf3\x8f\xd8\x05\x1c|\xd6\xef?\xdeD\x00\
\x0f7\xde\xffe\xef\x0d\x07p\xf7\xd6\xde^w_\x02\
4\xa0\xf7\x12\xd8\x17\x15\x0f\xeeW\xb2,\xad\xf9\xa6\x0a\
\x0c`\xf6\x01\xe0\xfc\xe0\x8f\x00\x00\x99<\xb9\x87\x5c\x17\
 \xeb\xafdi\x12\x0d\x1d\x90\x04S\x7f\x90\x03\xa0\xe8\
O\xbf\xa0DM\xae\x01f_D0v3\x11\xa6\x81\
\xb2\x1f\x8f\xf8\x94<\xb5\x83L .-\x9co,\x9f\
_\x11\x1a\xc0\x1b\x9c~\xae\xf0C\xf1#O\xc1\xfb\x11\
\x9d@\x94\x1b5\x81\xdc\xdcV\xf1\xc7\xe1y\x9fD\x04\
\x8c\x00\x98\x00\xc8y\x04\xe6\x00\x5c\x97\x89?\x10\xfc\x18\
\xb8\xb6\xfb\x07\xc6o((\xb5G#\x10N\xc0\x91-\
\xef\x07\xf9\xbe\xe3\xd8\x0c\xc0q\xe0\x11\x080\x90\xe1\xfb\
\x8e\x87,\xc0\xf7\xd5\xeb\xef\x9d\x1f/\xa7g\x8b\xfb\xe7\
\xcb\xd1r\xb98\xf9\xc3\xb3nw\xfc\xcb\xf1\xcb\xf9|\
\xfe\xa0\xff)}\x1e}\xb0a\xe97\x1fov\x00\xf7\
\xb6\xdc\x7f\xc7\xfe\x7fo\xaf;_\xdf\x94\x18\xfc\x8bu\
l\xa2\x88@>\xd9rM\xb6^C\xfe\x0f\x14\x9f<\
*\xca\x08\xcdA\xa91\x0cl\xb2:\xa8e\x14i)\
\x08(\xc8\x80\xed\x9d<\x80X%yT\x17&3d\
\xf4Rc\xe6O\xd2o\xe4E-\x8a4\xa9\x85L8\
\xf1\x17FA\x15\x00}@\x8c\x00\xd7<\x05\xc8\xe2?\
i\x8e\xa9\xde\xdaj\xff\xd9\x99\xde\xceU\x7f_\x5cf\
\xedW\xed\xcc?:\x86\xb7M\xfem\xc5\x9f\xc0>H\
\xfev\xf4\xdf\xe5Z@\xd8q\xed\xd4_G \x11\x18\
X\x95\x1fT\xfe,\x02\xe8\x0dl\x01pm\xf2\xcc\xf9\
i\xbb\x00=\x8f\xa7\x80<\x10\x02\xc8\xf8\x09\x0ax\xd2\
\x1f\xba\xf1S\xc2\xfe\xa3\xe5)\xc5\xff\xc5\xf2dy>\
\xfa\xcd\x93n\xb7\xdf\xe7,\xe0\xe5\xfcb<\xbeU\x0d\
`\x8f\x00\xf6k\x97=\x80\x0a\x06Lq_\x96y\x95\
vx\xbaO\x0fLm0\xe4\x1f\xe5\xb6\xe4\xcf\x10\x00\
2\x1f:%\xa0\x90F\x89$\xb3\x86\xcc\x07D~$\
0\x80\xcc\x0b\xca\x01\xe8\xaa\x12\xe5\x8a\x5c\x00\x86\x7f\xb3\
U\xb2\x22koVb\xa2j\xab\xf13ID\x8a\xfa\
^S\xe5\x06Q\x1f\x1a 1K\x83\x12\x1a\xb0s\xbf\
\x825\xbd8\xca\x9b\x0d\xed?\xa1\xdb\xea?\xee\xaf\xd1\
\xc1-\xden\x02\xc4\x0fd\x01\xfa_@I\xbb\xb3\xbe\
\x17vl\xc3\x9f_\x80\xfb\x80\xff\x0e7\xffC\x16\xfe\
\x09-\x07\xa8g\xeb\x7f\xf8D\xb1\x0f\xf9@\x18\xf6\xb8\
\xf0\x1f\x86\x14\xfb}l\x0f\xc9\x01\xb8?8>\x1c-\
(\xf6\xdf_\x00\x01\x8c\x16\xf7\xc7\x8f\x08\xfb#\xffg\
'\xd0\xbdE\x0d`\xfd\xc80\xfe\xfbd\xf3bCI\
\xf8+{\x7fo\xaf;_\x09\x14\xfd(XGe\x15\
It\x00 \xfcW\xd6\xadb\x17\x84\x80da\xa0\xde\
\xa7\xed\x1f\xb9\x05\x09\x060\xfa\x00qI\xa7\xb5\x00\x06\
\xd0\x05\x81\x82F\xcbU\xb3\xa2\xe3JJk\xd5\x94\xc2\
Gi#\x9a\x06Z\x80t[B\xd2#&W\xd14\
\xb1*\xe3Ic\x1b{\x13B 1\x9b9\xea\x001\
\xad \xa03Z\x1a\x87\x09.y\x95Y\x1c\xd0\x17\x82\
[.'\x08\x83 \xc1\x89\xeb\x88 p\xd7\xbb\x18\xfd\
\x09B\xc1\x92?V\xea\xb3\x1d\xf2\x13\x80\xfd-\xf9o\
\x102\xf1\xd7\xe9\x09v\x00\x96\x05\x00\x12\x80G\x09\x7f\
/\xec\xbd\x0f2\xb0\x1fJ\xdf\x19\xfa\xfe\xd0w}\xff\
\xfd\xe2\xc5\xd9\xf1ry2:Y\x02\x09,F\xd3\xfe\
\xaf\xe7\xf3O\x0f\xaeV\xff'\xdb;\x807t\x02\xee\
\xd6\xf5\xde^w\xbd\xbe>\x80\xb2_Z\xd75\xeb\xf7\
\xd6\xc2\x8a\x02Jp\x82d\x9aimU}eRi\
\xeb\x13\xb0I)\x00\xd9\xbf\xd0k\x9d@\xc2\x00\x123\
\xfeE\xca\xa1\xbb\xc2\x1fH\xc5\x14\xec\xb5\x1d\xe4\xd7\xd8\
\xa4\x03\xa5\x06&o\xf5\xbd\x10\xcd\x1b\xfdo6o\x94\
\xda\xde\xa0nq\xbf\xb8:\x0a\x11$V\xe8Kl\xc8\
\x80o\xa5\xe9g\x07\x01B\xfb\xc1\xfc?7q;\x89\
ki\xff\x98\xfc\xb1\xf1\x1f\x93\xffk\xa8\x0f\xc6\x8fm\
\xfd;@\x00t\x0f\x05\xff\x16\x01\xb40@r\xd6\x8f\
\x0c\x80G\x81\x86N\xe8\x0f9\xfc\x0f\x87\xd2w\xe3\xbf\
\x1f\x13\xf4g\x04pB\xc7\xd1\xf4\xa3'-\x02\xb0\xef\
[8\x80\xb7$\xcc\xf7\xaeo\xdc\xbb\xe1\xfe\xbb\xf8\xff\
{\x83\xdd\xf5\xfa\x16k\xfa\x1a\x15\x15\x11\xcb\xfd\x91\x07\
\x90\xa5fE\x0fV\xf0\xceu\x95B\xe9\x93!\x81\xa0\
\x1b\x99\x90Q\x0eU_\xc9\x1ea\x80\xcf2cU_\
\xa4\x00x\xb0\x87\x5c!\xaf\xd7\x09\xd9\xff*\x89R\xee\
\xf2\x0d\xc4\xc4\xca\xfd[\xad_$\xf1\x1am\xc0\xc4:\
\x83I\xd2\x8e\xf6\xaf\x9f\x10PgV\xf8c-\xeeA\
\x0e\x84\xd9\xfeI\xeb\x19.;\xd7E\xbe\xfe\x97#\xc0\
\xfe\xa5\xcbs\xff\xb8\xa6\x9fq\x9cK.%\xb8\xad\xda\
\x1fL>d\x92\x7f8\xc0|\xaf\x95\xfa\xe1k\xe19\
8a\x0f`\x89\xbf\xd2\x13\x08\xff \xff{aOz\
.9\x00\xd7w\xe8E>\xc0w\xc9\x05\xb8\xea\xf5\xe9\
r6:\xa5\xec\x7fAI\xc0h9}\xf5\xack\xdb\
\x80\x8f\x1e\x91\x0b\xe8~\xc16\xe0\xbe\x06\xb0__\xb8\
\x040\xe0\xb9\x7f\x8a\xeaE\xc9\xd1\xbc\xd4x\xae\x074\
|\xcb*\xd5\xb9\x86\xadg\xac\xf5_A\xf4\x1f3\xfe\
\x9c\x02$\x95P\xdaV\x06*\xa3VI\x0a^on\
*<\x01\x80\xc5>\x10\xf3\x99\xfa\x8b!\x7fV\xf4\xab\
\xac\xa6\xdf\x1a\x17\xb0?\xa0\xd3\xb5\xfa\xa7\xc0\x93\x81\xe8\
:h)\x7f\x1d[.\xd8P\xfa\xe5\xe1\xff\x5c\xdcN\
\xd57\xbc\x82\x00v\xe8\x1f=\xffN\xe0\x0a@\x00\xd1\
\x0e\xfe\xb5:\xff,\xf3\x1d2\xf2'l\xcf,\x00\xf4\
\x01\xa4\x15\x01\xa6\x1c\xc0\x8a\xffy!h\x7f\x9e\xd3C\
\xeb\x1fe\x00\xc2\x02\x04\xfc)\x05\x90H\x01\x86\xae\xdf\
\xfcv4\xa5\xc0\x7f\xba8?Y\x92\x07X\xcc^\x8d\
\xbb\xe3\x8b9\xad\x9f\xb1\x1b\xd8\x17\x01\xf7\x0e\xe0\xff\xbc\
X\xc0\xbb\x02\x93\x0f\xa3}\x08\xfd,\xeck\xac\x040\
f\xfe\x0a\xd4\x00k\xec\xc3C\xd073]\x17Q\xa2\
\x85*%S\x05k\xc9\x85\xff\x9a\x07\x7f\xf9\x14\x06\xce\
R\x9f\x5c\xf1G\xc5>iZ\xa3_k\xf8\xe4&\xae\
\x91\xef\xaf\x05=\xebV\x00\x1c<\xffx\x13\xfc\xe7\x11\
\xbe\x8b\x0e}-\xae\xe9}\x07[\xe9\xfa;\xe0\xfb\xb8\
\x82\xc5\xbe\x84c\xa5~\x02\xee\x06b\x8bI\xff\xac\xf9\
Gp\x9fS\x00;\xe6\x83\xe8\xef\xd8]L\xfc\x0c\xb8\
\xf3\xdf\xb3\xd8\xdf\xd2~\xd1\x02\xa0\xa0\xdf#\xe3w]\
B\x02\x1c\xfdQ\x04 O\xe0\xba\xff|0=^,\
\xceN\xcf\xc9\xf8Q\x08\x98\xbdz\xd2\x1d?~\xdc\xef\
\xf7\xd1\x09D\x1bpg\x08\xe0\xde\x0djb7\xf5\xe1\
\xde\x8d\xff\xdf\x1b\xec\xaeW\x0dE?\xa8|\xd5yN\
\xb6\x0e>\x00+\xf8\x1bh\xf7d\x95Ls\xee\x02\x04\
\x12\xca\x80x\xf6O\x0a\xde?\x92~\x85tA\x19E\
\xe9\x01\x01\x80\x886\xf1\xb8\x90d\xc5\x8f\xff\xa8\xa0\xe7\
\xa7\x14\xec:\x15+(\x02\xb1\x91\xd7H\x01j\xf0\xfd\
X\xff\xd3\xea\xfd\xb1W\xc8\xaci\x07\x5c\xe9g\xeb/\
\xb3\x0d\xc1\x7f\xece\xe2\xfa\xc3\xbe\xb6P\xff\xe1v_\
\xc8\x91\xdf\xf2\x00\xa0\xf5\x17\x84\x9d0\xe8p\xd3\xdf\x8a\
\xfdwP\xff\xe3\x90\xcf\xb6\xcf3\xffP\xff\xc7\x06O\
\xf8\xb0\xec\x8fe\x00\xf0\x99G.\xc0\x0b\x09\x04 \x05\
\x18\x86\xf4S>[>\xc5\x7f4\x01\xfca<?\x01\
\xf2_L\xb9\x0bp\xbe<\xf9\xdb3\x9b\xff\xdb<`\
\xdc\xff\xfe\xaey\x00{\x04\xb0_\xdb9\x00\x03\xa2?\
\xbdD\x9e\xb7O\xf6\xc2\x0b\x0f\xff`\xaa\xae\xccs<\
\x14\x14UA)J\x0a\xef*-\x12\x1d\xd59X\xff\
RQ\x1a\x90\x18A\xd0@%\xabD\x89\x22R)\x10\
\xbd!\xfb%\xfc\x1e\xe5\xa0\xfddQ\x92X\x9e?\x0b\
\x00[\xc3\xb7v?\xf9\x17{g\xb3\xda8\x96\xc5\xf1\
\xf7\xf2%p\x09\xa8\x05#\xe3f\xba\x091\xaa\x856\
\xa1\xa1\x06f.\x17\xa6h\xdc\xda\x04\x84\xe1^Kd\
S-P\x5cxch\x98\xbd\x97YL{S2F\
\x9bz\x85y\x80<\xc3\x9c\xff9W\xb6\xe3\xae\xaa\xe9\
JRTu\x8f\xe5\xf8C\xb2\x9c\xdd\xf9>\xe7w\xf6\
$@\x15\xb8\xbeR\xe8\xcfC\x10\xb0\x08J`\xb7\xfd\
\xe3Q\x95\xff\xb4\xd7\x01\x838L\x00\xf6\xc8?\xc9\xfb\
\xcb\xe0_\xc2\x05\x00\xf2\xf6G\xcc\xfb\x00\x03D\xe2\x01\
@\x00\x98\xf3\x15\xb3\xeb/:\x80\xeb\xfd\x1a\x09@D\
\x02 \x85]\xb0\xd7O\xc6?F\x14@\x8a K\x8a\
\xdb\xd9\xe4fy\xbd<\xbf\xbbZ\xaeV\xe7\xf3k4\
\x02\x1c\x1cOL\x02\x9e\x14\xc0\xe9x\xb2\x02\xb0\x1a\xf2\
O\xd2_0\xdeGUl\xd59\x09\x80oH\x03\xa0\
9\xd8\xae\xe9\xa3+I]\xe4\x16\xa9@\xd2\x0b\xb9]\
\xe4@\x01\x90\xa0\xa3O\xc04[\xcc\xf0`\x14`\xaa\
l\x05r\x17E\x01\xa6n*e\xc3\xac\x0f\xb2\x0d\x8d\
2\x8d7\xf0\x00J\xa6\xfa\x96\x9c\xef\x93\xcc`#\x82\
.\x1e\x80\x04\x01\x80\x00\x96F\xed\xae\x0d\x1e\xe1\x01\x88\
\xf8;\xa1\xfd\xf7\xf8\xdf\x84\x83\x81T\x85\x91?\x8e\xfe\
\x83\x02`\xbf_\x83\xf8\xc7y\x00\x08\x7f$\x19?I\
\x01\x88\x0f\xc0\x1a\x00\xdc\x8fD\xa7\xe9\x90\xfe\x92\x04\xd5\
?8\x01Y\xa2\xfb\x18\x80\x15\xc0\xf9\xdd\xf2|\xb9z\
\x8dF\x80\xe5\x9b]\x05\x80\xab\x00\x9f-\x09x\xf6\x94\
v\xbc\xaf\xf7\xf7'\x81}\xfe\x10\x00k@\xab\xda\x90\
\x9d\xafL\xd9\x9a\x92\xab\x00k\x12z\xf8\xfc\xd8\xf9e\
s\xdd\x8c<\xb6\xf99OW|\xa9|S\x1ac\x18\
\xf2Y\x95X\x1c\xd6\x8c\x1ak\xcb\x12\xc2\xae\xbc\xef\xa0\
\x080\xf7\xa3\xa6\x16X?\xf4\x0au\x14\xef\xd7\xaav\
\x92\x07\x84\x8a\xe8\x94m{\xce_H\xfeo\x0a\x17\xe8\
\x7f\x9b\xb0\x04(p\xff\xc7\xe8\x05\xae\x1e&\xff\x1fD\
\xfb\x9b\xbe\xda\x17\xae\x1e\xdc\x87\xbe\xdfd\x13\xee\xdd\xa4\
\xa2\x016\xf0\x08\xc6j\x1c\xe4\x7f\x90\x0a\xf0[\x12~\
\xa2\x09\xe2\x88C\x01\x08;\xf9\x02\x14\x00\xa8\xb8G\xfe\
D,\xff\xc8\xf8Q,p\x99Q\x0c@\xde\x7f\x02\xe1\
\x87\xf8_\x868\x80^\xc9\x03x1\x9bO\xe6\xcb\xeb\
\xd5k\xd2\x00\xf3\xab_\xdf|\x871\x80]\x1f\xc0_\
O\x1e\xc0\xc9\x03\xf8\xd2\x0a\xa0\xf2k\xf2\x00jH\xbc\
&\xf3_\xaf\x079C}MU\xe6\xb6n\xe8\x99\xdb\
\xb6q\xbe$u\xb0\xb0\x8d\xf7\xa61\x08\xfd\x1b]\x96\
d\xa2I!\xd4\x15\x99\xff\xad5u\x8dY\xfe\xc65\
B\xf1\xf5\x8du\xc6\xec\xe6\xfe\xe1\x00Lw0o\xe1\
\x80\x91\x0f\x81\xf4\x7f)\xd1=\xb6\xfd\x94\xad\xb0\xfe\x99\
\xfda7\x98\x16\x0c\xcc\x80\xfa\xb7\x1e\xc0Fo>\xee\
\x01\xc4\xc2\xf9\xc73\x95:\xa0T\xfd\x11\x08\xa4\xaa\xf7\
\x00\xc4\xd4+\xf6\xfe\xd5(J\x07\x18\x01\x8e\xb9\x06 \
S\xbeR\xfd\x8f\xe1\x01\xe0\x14\x19\x7fzP\x0c\x90\xa1\
\xf2\x97\xa4!\xeb\x0f\xbb\x0f\x15\x90\xe9D\xaa\x00\xc9\xed\
\xf5\xdd|2\xb9;\x9f\xcf\x97\xb3\x1b\xf1\x00\xde\xde\xde\
\xfe\xfc\xb2\xcf\x01\xfc\xe3\xd3\x15\xc0Y\xcf\x0b<\x93\x5c\
\x19?\x8e\xde\xfa\x0f\x1f\xb8\xed\x8f\xfb\xfb\x93\xc0>\xbb\
\x020\xb9\x06\xdc\xa3\xf2\xb6\xa1\x10\x00O\xa4\x02|\x8d\
l\x1f}\xb2\x16r\xed\xed\xda\x94\xb9jZ2\xf0\xa4\
\x01\xea\xb2\xd96\x15\xc9\xbc\xdb\xd2yk)\xf2\xd70\
\xf9t/\xb9\xebfK\x12\xec\xe9Vc\xedvG\xf6\
\xf2\xc2\xf9b\xf1\x07\x12\xc4\xefc\xff\xe9\xae\xdaW\x1a\
\xd5\xdf\x1d\xf6\xff\x80\xf7\x05\x1e@\xfd\xa8\x04@\xb2\x1f\
\xf3\x0f\x09\x808\xcc\xfe\xc6*\x19\x8c\xfa\x0d\xdfj\xc4\
\xc6}\x14\xa7\xb0\xfd\x1a\x0a\x00\x00 0?\xc4\xe6\x83\
\xf5\xc3\xc4\x7f\xf1\xfe#\xae\x00\xeaa\x12_F\x98\xfd\
I\xd8\xf5\xcf$\x05@OD\x001\xf4\x01y\x00d\
\xfb\xefV\xf3\x09\x89\xff\xf2jy\xf3\xeb\x9b\x7f\xfe\xf8\
\xf6m(\x01\xd0\xf1\xcd\xc9\x038y\x00_V\x01\xd4\
h\xe6\xc5@_^\xa3\x10h(\xbe\x07\xea\xb3\xf15\
\xf3=jC\x0a\xa0\xac\x8dk\xb0\xca\xd7,,\x90\x9f\
\xe4\x00\xd8\xd2h\x84\xf2\xf4\x03\xec\xef\xe3'X\x9fv\
\xa1\x1a-\xc0Nck\x0b\xa9/@\xf6\xe2\x0b{\xe0\
_\xc1\xcf)\xbf\xf7\x15\xfe\xa9\xda\x94u\x98\x004a\
\xff\xcf\x01\x15\xe8\xbd\x96\xfe\xa39\x80\x84\xb7\xfc\xc5\xe3\
P\xf3\x17\x02 \xab\x80Xq\xdf\xafl\xfa\x0c\x0a@\
K\xc7\xaf\x10@\x94\x0a\x98\xaf@\xfc\x16\xec\x9ff\xfe\
'\xcb\x7f\x8a\xd6\x1f\xd4\xff\xd2\xe1\x05\xbc\x7fd\x00\xe1\
\xf5\x93&\x88\xf93G\x04\xf7\xb7\xb3\xe5d\xb9\x9a\xad\
&\xf3\x19&\x83g\x9c\x03x\xf9\xf2)\x1e\xc0'\xb4\
\xd2\x1d\xcd\xd7\x9f\x9d\xfd\x8fH\xfb\xeb\xff\xfdI`?\
G\x08\xc0\xc3\xfcM\x9d\xd7p\x04j\x90\x80A\xfd[\
\x08\xfe\x8f<\xfb\x92\xf4\x02\x86\x85\xb1\x97\x13\xa3\x00\xb0\
\xecV8\x9f\xc6m]\xdd(\xe6\x7f\x83\xdeGq\xbf\
\x99\xf2v\xcf\x16'P\x00\x85\xe9Ta\xdb\xde\x01\xa0\
\xb7\x86\xee\x96y\xde\xc2\x1c\xd0>\xb1\xebO\x08\x00r\
^Q\x18Q\x16\x83bZ|\x84\xf47\xf8\xe0U\x96\
t\x9e\xfe\x8f\x03\x05\x80\xc1\xbf\xd2\x0a\x8c\xde\xa2T\xda\
\xfe\xf9\x8f\x9d|\x92|L\xfe\x8e\xc8\x03\xe0\x8c@\xd4\
\xd7\xfc\x00\x00\x88\xa3Hq\x030\x22\x80!\x02\x00x\
\x00C\x9d\x5cp\xf6/\x11\x97?\x0b\xa5\xc0L\xfe\xee\
\xdf\xce&\x14\xff\xcf\x96W$\xfd\x14\x01\xdc\xbd\xfb\xe9\
\xbb\xc3\xe3\xa9\x0a\xe0\xe4\x01\x9c\x8e'{\x00k\xee\xf8\
A\xdf\x0f4\x01\xc9\xbf^\x1b4\x07\xa0\x14\xe0\xc9\xa4\
\xd7@\x01\xda\xd6\xd1=\xaa\xf6tC\xb9-KK/\
\x15\xb7\xf2\x92\x06\xd86\xe4&(\xd3Y+\xef\x1a\x0e\
{\xe0\x00\xb3\xb3\xcfT\x1f/u?\xcfv\xbd M\
Q\xecw}q\x7f\x1f[\xfar!\xe9\x80\xe0\x19\xf4\
\xe4\xdf\x0fY\xfa\x0f\xf3\xffR\xc6\xfd\x8e\xa5\xf3?\x1d\
\xf7\x0e\x00^R\xc8?o\xfbK\x15\xb7\xfbJ\xb6/\
\x86_ \x0a \x89\x98\xfd\x13H_\xb2\xed\x07\x91\xc0\
\x10}?QDA\xbfF\x09\x00\x8d\xbf$\xe7q&\
\x11?\xe7\xfd8\x0fH1\x00]\xcc\xb2\xfb\x7f_/\
'\x14\xffO&\x93\x19O\x03\xbe\xfb\xe9a\x15\xe0\x87\
S\x1f\xc0I\x01|\xe1\x1c\x80\xc6 \x9f\xa1\xc0\x9e\x0e\
\xeb=\xc8\xdf\x98\x0e\xb4\x0b\xe3r\xd7\xf8\xb2\xcc\x01\xfb\
h\x1a\xedu\xe3\xf3\x86w\xfdl\xc1\xfb\xb3\x0b\x0d\x12\
P\xa3Q\xee\xf7\x00~\x92~\xd8b\x95w\xeeA\xf5\
\x97\x87\xe2\x8d?\x80\x7f\x05\x99\x9e\xee\xa2\xfd\xe9\xc12\
\xc00\x0d\xb4o\xfd\xe1\xcf\x1b\xbe\xf6p\xaf\xf7\xef\xae\
\xfc\x0b\xeaw\xd0\xb7\xfe\xf3\xea\x8fx\xc0\xa2/\x89\x7f\
\xa6\xfbj\xf6\x00\xb0\xe4'\xe26`8\x01\x03\x01\xfe\
E\xa1\xec/\xc0\x9f8B\xdb\x1f\x88\xdfQ\x027\x00\
\x89\x7f\x09\xf7\xb9\x00\x80\x00@b\x01\xcc\x01@\xfe\xe9\
\x9e\xfb\xbf\x5c\x93\xf1\x9fL\xeen\x18\x080\xb9\x81\x02\
8\xec\x03xt\x0e\xe0\xec\x11\xefg\x8f\xfc\xddW\xf4\
\xfb\x93\xc0~\x86\x10`\x84\xb5`\xe4\x91\xa3\x1f\x98\xc3\
\x01t\x01(\x06\xfc\x97\xbe6\xf9H\xd3\xd7\xde\x0b\x0b\
\xd8W\x95m\x90\xfc'\xef\xbf\xcc}\xa7\xb6X\xdb\xb9\
\xc5\xb6\x0f\x12v$\xfdj\xd58\xe7\xa5\x0ePwS\
\x84\x07\xcav\x8eQ\x9f\x9c\x03\xd0\xc8\x09\xd0y \xfb\
\xa0\x04\x88=\x7f\xd8\x00\xec\xc4\xda\x8bJ\x00\x01\x90y\
\x80\xfbi>~\xd5\x07{\xfd\xc6\xe1\xe2x\xbf\xed\x87\
y\xdf}\xf9\x1f3\x00\x1aF\x7f\xc3\xd2\xbf\xe1-_\
a\xe8\x1f\xeb\xbex\xcf73\x7fI\x1f\xa0\xfe\x17\x09\
\xffW\x87\xec\x7f\x8f\xfbD\xfe\xef2\x8a\x87C\x1dg\
\xbd\xf4C\xfe\xe3\x8b]\xf4\x1f3\x01\x00\xf6?\xc6 \
\x10\xdf\x16\xbd\xba\x9a\xdf\xdc\xcdg\xc8\xff-_/\xaf\
^\xfc\xe7ys\x00'\x0f\xe0t<C\x0e\x00\x8c\xaf\
\x0aK\xbfA\xf4\xab)\x04 \xa7\xbf\xb5\x95\xf5\xb6\xf2\
\xc6Y\xbahs\xb7\x06\x0d\xcc\xbb\x5c\xeb\xad7\xe4\xfe\
\x9b\xad5ZOyW_\xd9\x19\x8b\x1d\x9e\x8dq\x9d\
\xf5,\xe8L\x05\xe4\x1a^\xa5\xb0\xfc\x17s\xc6\xaa\xdc\
\xef\xf9+\x98\xec\xc7PP\x92\xd8\xa2\x96M\x7fL\x03\
\xe0\xc9\x9f\x01\xae\x99fs\xcc\xf5\x1f\x1f=\xdes-\
\x1d\xf3\x90\xaf\x10\xfe\xe3x\xecd\xe3\x07\xd3\xbf\xb8\xf2\
/\xc4O\xb2\xf8\xc0}\xa9X\x87j\x00\xaf\xfcf\xfa\
\x1f7\xfc+a}\x0e\xb9\x0e\x00\xe2\x9f\xcc\xfd\x92\xec\
\xa7x\x11g_\x12\x00\xe2\xf9K\x12\x00J\xe1\x22\xfb\
V\x8e\xfb\xdb\xab\xc9|y\xbe\x22\xe1\xbf^\xae\xae^\
\xdf\xfd\xeb\x0dE\xfe\x7f\xdb\x15\x01^}\xf3\x18 \xc8\
\xff!\x07\xa0??\x09\xec\xb3+\x00d\xf74|t\
\x8a\x01<\x10\xbf<\xf3\xb7Vm\x03&\x18\xf2|\xd0\
\x00N\xd9J\xe7\x90\xff\xaa\xee,\xcf\x0a9\x0a\x04\xd6\
\x1d\x09\xbag\x19W\x15O\x03N\xf1\xaf\xb4\xea\xc2v\
_h\x82\x06\x1e\x80\xec\xfa\xe5M\xbf\xc8\xec\x9b\xea\x01\
\xf3\x9f\x9b|\xc6\x9bM\xe0\xfdK7`uD\xfd\xfd\
}O\x9e\xfaa\xe9\x17\xfe\x9fT\xff \xfd\xe3\x847\
}r\xdd\x8f\xcb\xff\xa0\xf8\x0eF\x9c\x05@\x0b r\
|H\x06D*\xe3\xae\x00\x1e\xfa\x0fK?y\xee'\
\x82\x0b\x80\x12@\x94\xc2\xd2'\xdc\xf0\x1fg\x97\x97\x12\
\x04\xf4\x85\xc0,\xfb\xf62\x1c\xf7\xaff/&\x93\x15\
F\x810\x0d\xb0\x9aq\x0e\xe09<\x80_\x8eL\xe3\
/GW\xff\xa4\xdf\x9f\x04\xf63\xcc\x02\xac\xc9\x030\
\x8d\xa9\xc9\xcb\x872 7\x9eG|\xbc\xddj\xab\xb8\
\xe3/\xb7k_\x91\xf0\xafI\x86Ke\x17\xa8\xf6o\
\xad\xc7(\x00\xd8\x9e$\xfd\x0bS\x1b3\x05\xfc\x97\xa5\
>Wj\x0f\xffT|\xd7\xfe\xcc\xd4j\xd7\xf4?\x90\
\xfa_\xb8P\xee\xa6\x00s\xf5\xc8]\x7f<\xf5\xc3\x15\
\x00&}\x08\xf6O9\x970\xe9C\x05\xe2\x8f\x12\xb1\
\xc7\x94\xaf\xf0~\x94\xf4\xfc\xc41\xc6\xfe)\xce\x1f\xf1\
\x86/%\x05\x00\x92y\xfa\xcb0\xfa\x8f\xc4\x7f\xca\xb9\
?\x09\x00\x90\x03\xc8$\xfb\x17\x12\x81l\xfc{\x05p\
\xf9j\x82\x0e\x80\xeb\xd7\xf39\x83Af\xc79\x80S\
'\xe0)\x04\xf8\xd2!@e[2\xf5Ui\x9az\
\xdd\xa2\xef_\xdb\x05\x96\x81/\xac\xb3m\xdd`\xe7/\
\xa6\xff\x1c\xfa\x00 \xd9S\xf09I\x05\xb8\xa9\xad0\
\xcb\xdfv-\xcf\xed\x93\xf0\xbb\x96b\x03f\xfd\x15\xa4\
C\x0a\xcbq}\xed)*\xa0[\xed\xde\xe2\x9bC\xd6\
\x9f\x12\xe2\xef\x94\xbc\xf36|\xce\x1f\xcb\xfc\x8b\xc7!\
\xef\x87<\x00_s\xc2\xfe\xe1\x1db\x89h\x00\xd6\x02\
\xe0\xfd\xc8\xe0O\xca\xf2/\x85\xc08\x0d\xdb>\x944\
\xfep\x0f\x10\x97\xfdb\x1e\xf8a\xda/\xc5\xfdl\xed\
/.\xfa\xbc\x7fvy\x91H\x060\xb9`\xb9\x97\x00\
\xe0\xfb\xcb\xf4v6\x99O\x98\x07H\x8f\xeb\xab\xf9q\
\x15\xe0\xa9\xb3\x00\xef\x1b\x9a\xfd\x94A\xdc?\xda\xefO\
\x02\xfb\xec\x0a\xa0\xd5\xe4\xb23\xfe/wZ\x97\xeb\x0a\
L\x10M\x8e\x81^\x94-\xc5\x00yi\x90\x10`\xa6\
_7\xed\xb6(\x8f\xb5\xe4\xd57~\xd4Y\xd2\x13\x00\
\x01v\xbe4uk\xbc\xa9t\xd1!\xe3_\x14-\xa9\
\x81\xb6\xeb\x0a\x92\xf5B\xd1\xef\x8an]\x14k \xff\
\xa6B\xf7\x9bj-\xdc\xbf)S\xfe\xe8\xd0\xf4\xac+\
\xc1\xff\xbd\x87\xe7\xa7\x8f\xcf\x7fs\x81\x82\xffq:v\
x\x89\xf9\x15\xe9\x00\x0a\xfe\xe9\xe8]\x7f~D=\xf8\
O\x0b\xeb\x8b\x0b\x01\x81\xef\xa5\xd8\xf4\xc7\xcc\xfe!\x15\
\xa0\xc8\xfd\xcf\x92(%C\x0f\xecW\xaa\x87C\x9dq\
\xd3\xbf\x8c\xfb]\x00\xfc%\x05\x00\xf6\x022\x89\xfe\x83\
\x12\xf8\x9e\x14\xc0r\xb6\xc24\xd0\xf5\x15\xc8\xe07\xef\
\xde<\xec\x03\xf8\xe1=\xfc\xff\xbf\x7f\xf8\xda\x81\x028\
\xfbD\xdb\xf9\xa9\xf3\xf9_\xe7\xefO\x02\xfb\xfc\x1e\xc0\
\x9a\x8c5\x5c\x7f\xadk\xb3V\x5c\x03@\xdd\x0f\xbb\x02\
J\xba\xe8\x1a\xbf.\x17\xb9[\xbb\x0e\x98\x1f\xe7\xcb)\
z\x82j\xbf%\xaf\xde\xa1\xeb\xb7\xe3\x06a\xe7\xc8\x03\
 \x01w\xaas\xdc\xcc_Y\x06}\x19_\xe4`}\
\x22\xc3\x0fkO\xf78&\xfc8\xc9\xfa\xd3\xf9\x86\x89\
\xbf\x1b\x9e\x06BM\xc0\xed2\xfa\xf4\xdc\x1ce\xf8\x1f\
\x9c\x1f~\x1f,\xbf\xe3\xd0!Q\xf4]\x12\xe3{\xd2\
\x04\xa4\x0d\x12n\xfc\xe7\xe1_\x92\xfat\x14&}\xd1\
\xfc;T\xc2\xfe\x91\xdc?\xaf\xf7U\x81\xfd\xa5\xa4\x15\
\xf8\xbf\xec\x9d\xcfj\xe3X\x16\xc6\x1f\xaaj\xe5\x8b\xe1\
v@\x88B!^\x18\xa3\xa0\x1e\xc6\x1b\x1b\xa6\x17\x83\
\x10\xd3\x9b\x94hHa\x0cR$\xb2\x09\x02U\xc04\
x5\xeb\xf62\x8b\xc1\x9b\xb21\xd9\xf4+\xcc\x03\xd4\
3\xcc\xf9\xbes%;\xa9\xaa\x99J*E&\xdd\x92\
\x9d8\x96\xe3\xe59\xf7\xfc\xfd}*\x00@\xe4\xb7\xb8\
\x02\x9c\xff\xba\xfa3F\x0a\xb0o\x00\x02\x03\x1a\xba\x08\
\xe0U8\x0c\x07\xe1Gn\x03^\xadP\x02\x90\x1c\xe0\
\xfa\xf2\x9f\xbfP\x11\xa8\xad\x01<f\x0e\xa0\xdf\xdaC\
\xff\xf5\xdd?\xfb\xf7>\xfa\xe3}\xde\x19\xec\xd3;\x00\
L\x00\xa5E^\x03\xf5Ie\x0fc\xd6h\x03\x02\x09\
\x88{\xa6\xc8%4\x00\xbc\xd3n\xb2E2\xb7\x99\x05\
\xe6\xc7Z\xe30\x7fs\xcd\x0cP\x03\xc0\xd2\xff\xba\x01\
\x81\x1e\x0c\xfbk\x8a\xeft<\xb1\xf9\x8b\xd7b\xd1$\
\xf9\xfb1\x001\xe1bm\x1e\xbb\xf3\x1f\x11\xf4\x91\x05\
\xed$\x80\xdb\xfa\xc7\xde\x8f\x0e\x06\x10\xdf\xef\x1b\xd6\x00\
\x8cU\x07\xe0[\xf8\x00\xae\xfc\xd1\xfa9\xf6;\xd6\xa9\
\xdf\xb1\xc7\xd6?\xb8\xbfc\x89\xff\x03\x8b\x06\x9fZ\xbb\
\xbcr\x0e\xc8\x1f\x0f\xf4Ms\xfc#\x02\x10\x070\x18\
2\x05\x802\x10\xf6\x00\xaf\x97\x13\xf1\x00\xbf\xbf\x15\xb3\
\xff\xb5\xed\x02\xbc\xef\x98\x80]\x0d\xe0\xd9#\x805{\
\xff\x12\xec[,\xfe/\xc4\xd6\x01\xf8J\xac\x85S\xa8\
\x98\xf9\x13\xe8c\xd2M\x96\x8a\xc1\xef\xb8\xbb\xbb\xabQ\
\xa5_\xa7M\xd1\xce-\xf5\xe2\xb4'\x05X\x22\x00\x9d\
\x09\xa6\xf9\xcf\xee\xcd\xfc@\xe9o\xb6\xbf\xdf\xdb\xfb\x8b\
-\xf3\xff\xaf\xe4\xfc\xb5\xf7\x83\xbb\xf7\xdd\xda_\xc0\xc1\
_X\xff\xa9\x04\x00\xbd(p#\xbf\xe4}\x9dH\xbe\
\xef\xeb\x9f~\xcf\x81\xbe\x1d\xe8\xd7:\xb9?v\x01i\
\xffc\xfc\xe5\x8f\xd4\xfa\xe9\x04\xb4\xe37\xc6\xb3\x09\xfe\
\xbd\xe6\x92\x00@\x8b\x00\x88\x00V\x17\xab\xf3\x09\xab\x00\
\xcb\xc9\x858\x80\xf7\xef\xff\xb5\x8f\x00\x9e\x82\x09\xd8\xff\
\xea\x88\xba\xff\xe5\xbb/\xe4\xfb\x9d\xc1~\x879\x00+\
\xd9\xbe\x91\xa0_\xac\x19M\x00\xf0\x7f\xd7\xf0\x00;9\
\xeb\x91\x0d@#\xcc\x00\x09\x86C\x7f]\xd6\xd9\x0e\xad\
\x01\xe8yn2\xf1\x15f\x93,j\x93W\xb8Ya\
\x18hq{(\xe5KA\x90Y\xb1q\x81\x82B=\
\x1b\xd2\xe7\x9c\x9f\xefq?\xc6\xcd\xfd\x7f-\xe9\xeft\
\xbf\xf5\xd3L\xfd\x05~\xd0,\xfe\xea\x1d$\xf8\x01*\
\xff\x91f\xfaN\xf4[N~\x03\xe5Ol\x02s\xef\
W\xbb~\xd6 \x04\xe0\xf2\xcf\xb1\x7fLs\x1e\x07\xc7\
\x1c\xfd\x1d\xfb\xbe.\xfdj\xd3o\xac)\x80?f\x17\
p\xec\xed\xcd\xdf\xf3^I\x16 )\x00\x1c\xc0\x84\x11\
\x00\x90\xa0\xf8\xf9\xf7[\xd5\x05\xfcA\x1f\x1d\x15\xb8\x8b\
\x00\x9e\xdd\x01l\xd2M\xa2\xd1\xbe\xc5\xcc\x7fY\xdau\
iQ\x05\x14\xdf\x80\xb0\xa0\xce\xc5\xce\x93\xcd\xc6\xf2<\
\xb7\x19\xd2\xfd\x1a\xa4\xce\x8dB\xfe\xec\x9e\xd6\xa9tO\
\xbd\xcdI\xa2\x0a\x0d\xc3\x8dV\xf7M\xbb\xe1\xcbW\x90\
>\xf7\x91\x01\xe4\xbeb\xd7\xfa{\x00\xe9\xb7\xe7\x94}\
\x15\xf3\x07\x8d/\xb5\xfa\x80\xf4?\xac\x01\xa0\xfa\xe7\xf4\
~\x22\xdb\xb4\xfc\x08\xfcG\x0d\xe0\xd8Dn\x11\x90\xc3\
~\xc6\x09~\xd1\xfau\xef/\x8al\x10`\xf5\x17Z\
\x7f\xa3f\xf6G\xd1\x1f\xe4\x7f\x02\x008\xda\xdb?\x13\
\x807\xc8\x01\xe0\x00\x82\xbf]\x9cI\xf8\xbf\xbc>\x07\
\x0b`2\xb9\xfc\xed\x97{\xbb\x00\x8fq\x00\xfdON\
\xd4\xfe\xe7\x0f\xda\xfe\xff8m_\xde\xf7;\x83}z\
\x07\x90\x94\xb6,6iUT94@`\xf8\xe8\xdb\
[\x9b\xa4qQ\xd5q\x9e%\x1b\xdcCj\xc0\xe0>\
\xae\xe6-\xe2/1\x1b\xe0\x81\xa9\xee\x1b\xc7\xe8\xf8%\
\xcd\x04P{\x15\x18\xfd\xd94\xe6\x8f=\x9f\xea.\xdf\
\x17\xc0\xdf\xde\xa3\x81\x7f\x01\xbf\xa7'~\x93\x0b\xf8\xed\
G\xae\xf7O\xa3'\xc9S\x99\xbfT\xfa\x81?\x88\x9a\
\x99\x7f\x9f\xf5?@?\x88\xfa;\xb6\xc18\xf2\xb0\xed\
\x8b\xed?z\x00{\xd0\xf0\xe7\xcaO\xa0\xfcOT\x01\
\xf6\xf6\x1f\x0e\x87\xce\xfc\xd1\x05xw\x01i\xf0\x9b\x0b\
\x9d\x05\xba\xfe\xf1\xfe\x1c@\xc7\x04\xec\x22\x80\xe7\xbd\x12\
\x09\xfaA\x01\xac\xa0\x02j\xe5\xb8O\x16b\xea\xa8\x04\
,\xe4\x97\x9c\xca\x0b`\xfd\xed\x02\xca@)\xd4\x809\
\xcb\x03\xa8\xef\x1c*\xbe\xf2ms\xe7\xe2\xe2\x0fI\x9f\
\x8b$\xaf\xf7T\xdf\xc2\x10\xf0\xb9\xd8\xc3\xbe{\xf2\xfd\
\xde\xac\xf1\x11\xce\xfc\x1f\xc8\xfa\xc7\x98\x8fOqON\
\xfdR\xe1\x97\x9b\x7f\x1c\x03R\xb5\x8f\x93^$a\x0a\
5>9\xfa\x0fa/\x83:\xbf\xf3\x0a\x92\xe5\xfbF\
\xf7~|\x9fU\x00\x08}\xf9\x18\xf6\xb3@}\x01\xf9\
\xc9\xf9^\xac\xfd\x8dt\xcf\x9fE?\x17\x04\xb4s\xff\
\x9e7\x94\xb8\x7f8\x9cb\x02\x00\x91\xc0t\x18|\xb8\
\x98\xa0\x0f8\x99,'G\x12\x07<\xc1\x1c\xc0\x7fI\
\x96\xfb\x9f,\xd0\x7f\xf2q\xbf\xff\xb2\xbf\xdf\x19\xec\xd3\
O\x02r\xec\xbf\x04\xcb')S#\x1e \x93\x14 \
I\xe5(\x97\xbb\xa6L\xea\xdc\x16\xe2\x14\xca\x93\x92\xbd\
\xbd,A\x15?\xa9\xca\x93\xecvw\x8bq\x7f\xb0}\
\xabR\xce\xffk\xa4\x00\x80\x00\x00 \x00IDAT\
*.\xe2$\xbf\x15/\xa0\xd2 \x05\xcf\xfa\xb9\x92?\
\xb0\xda\x83Y\xbf\x5c\xc7\xfd\x0aI&0\xf5\x9f\x1au\
\x17q\xb5\xfdb\xb6\xaf\xf7\xee\xd3\xbf\xec\x16J\x9f\x8a\
\xf7\xc0\xaf-\x05?\xf4\x7fY\xfdS\xa1\x1f\xcd\xf7=\
\x9fJ\x7f\x14\xfc\xc3\x84\x9fw\x02\x97 \x1e\x81\xa4_\
2\xbf4\x15\x00\xe6\x1fz?b\xdd\xbe\xa4\x01A\x10\
R\xe8\x1b5\xfev\xf4\xdfU\x00\xb8\xf7;\xda\x97\xfe\
\x07r\xf4\xbf\x92_\xda\x04\x08\xc3\x817\x8c\xde\x9f\xc3\
\xfe\xaf\x8eX\x03X\xae.\x7f\x7f\xfb\xd3\xe1\xf5\x14\x93\
\x80\xfdo\xec\xbb\xbf\xa8\xefw\x06\xfb\xd4WY\xac\xb3\
\x12{>I\x16\xe7\x05\x8a\x80i\x96\x83\xf3\x89\xa9\xdf\
\xa24E\x1d'%\xa4\xc1\x10\xc8\xaf\xc1\xf9\x8c!\xef\
W!.X\xc0\x8e+\xe3L8I\x5cR\xe0\x08\xc0\
P\x00\x97\x8f+\xcc\x00`\xa6\xdf\x1c\x1e\xf6\xa6U\xf9\
U\xd6\x1fn?\x90\xf5\xdf;\x0dz\xdc\xf0A\xaa/\
\x16\x0f\xd6'w\x00t\x15\xb8\x81}\x9f\xa8\xb87\x1d\
@Dy_\x8f\xc5?.\x02#\xfc7\x1e\x17~=\
\xa5\xfdq\x0e\xe8\x18\x05@`\xfeC\xdd\xfa\xa3\xd5[\
\x86\xfb\x88\xfeQ\x08\x1cs\xffG\x0e\xffv\xeaW\xce\
\xfep\xc8\x12\x00\xbc\x00\xdb\x80\x83\x8f\xef.on\xa0\
\x0b\xb2\xe2:\xf0\xd1\x8a]\x80\xfd\xf5k\xc7\x03\xe8R\
\x80g\x1f\x05\xb6\xb5\xc4\xfc(\x02V9\x00\xa0b\xff\
i!\x91\x80\x84\xf0Y\x9d\xed\xc43$I\xb9\x01\xd5\
c\x97\xc5\x0c\xf2\xcb:\xc1h/7\xfa%\x04\xd8\x88\
[(\xab\x5c\x22\x00\x05\x82\xb0@PacX\xac:\
)\xf6*\x9f-\xfd\xc3u\x02\xb7\x89\xd3\x01\xed=f\
\xf0\xdf\xf7\x9b\xbc_\xeb~{\x0e\x00\xd5\x7fT\xdb\x17\
\xc6\xcf\x84?\xd2~\x9fu\xa0?e\x80\x00\xf6k\x15\
\xf6\xc5\xa6\x1f\xd0\x7f\x11\x96\x80#\xb4\x011\xee\xa3\x80\
\x1f1x_\x93\xfd\xb6\x04\xa0\xdb?\xed\xd4\xaf\x98<\
\x1e\xe1\x905\x00o\x18r\x12h\xe8\xbd\xbb8\xbb8\
[^]_\xaf\xce\x97\xe7\x17\xcb\xbb\x11\xc0\x87\x0f?\
t]\x80\xce\x01<\xb7\x03\x88\xf3\xb4,\xf2\xb4(\xaa\
<\x07\x00\xd4\xd6qn\xd7\xa6\xcel\xbd\xcbv6\xdb\
U\x12\x07\xd8\x18\xe5~p>\xcaJL\x1c\x84OS\
a:\xa0R\xfa\x9f\x86\x00\x84\x80\xa3\x15\xa8\xb6^\xf3\
\x15\xd3x\xcc\x02\xc8\x09J\xb6\x80\xfdP.L\xb2\x02\
F\x00\xbdG\xa9\xfd\x04m\xe9_\xa1?\xbef\x00\x88\
\x02\x22\xc6\xff\x9a\xfd7\x02_\x91r\xff<\xea{[\
:\x06\xebX_\xf0\x01\xcc\x01\x10\x02\xf8#%~z\
~\xb3\xf3\xaf\xd1~\xe00?\xae\x0f\xe0\xc2\x80f\xef\
g\x88\xc7\xd4\x1bh\x0d\x00s\x00\xe2\x02\xde\x84H\x01\
V77\xe7\x9c\x05F\x1f\xd0M\x026??=F\
\x1e\xbc\x11\xce\xea\xf7\xdd\xf3\xf5\xe1\xd3E\xcb\xed\xbf\xbc\
\xbe\xff|\xd9\xdf\xef\x0c\xf6\xe9\x1d@.6\x9f\x83\xfb\
Y\xe4r\x84\xc7\xc5.\x03\x0a$7\xbb\xb2\xa8\x92\xdc\
\xeel~;\x9f\xedf&M\xd1\xa9\x8b3\x8a\xfb&\
UU\x92\xe8\xa9\xae@,=\x06\x11H\x1e\xf1\x0c\x9b\
>\xb1;\xeeQ\xebs\xac\xef\x99\xc2\xc0[\xad/\xa7\
\x00\x90\x9a\x07\x91\xfe\x9a\xe3\x1f\xfb\xfd\xa7\xd9~\xe3\x97\
\x15\xc0\x1ew~\x22>\xb5\xdb\xcf\xda\x1e#\x80\xe8\xc4\
\x07\x00\xc0b\xed\xc7xD\xfe\xb0\xf6O\xd4\xaf\xcf\xe0\
_\xec?\x0cQ\xf8\xb7c*\xfe2\xd5\xd7Z\x7f\x10\
\xecA\x7f\x84~\x8c\x5c\xedo\xd0\x98\xbf\x1c\xfe\x92\x03\
\xbcB\xe0/7\x11\x0fx\xd3A\xf4\xfe\xe6\xec\xf2\x02\
\x11\xc0\xd9\x04\xb3\xc0?~;\x13\xf0\xcf\xc9\x01\xe8j\
\x00\xdf1\x02\xa8\x80\xf7)b\xb1_I\x05\xe2:\xb6\
`\x80\xc6q\x16g\x858\x84\x04\xf0\xae\x0ay\xbcm\
 \x7f`\x04T\x5c\xf2\xd5;\x1b\xcd\xfbo\xc9\x04\xad\
b\x9e\xf6f\x8f\xfc\xaaJ\xe5\xfa5\xe0/\x0e\xfc*\
%\xd8\xc4\x07\x11\xc0\xe9WG\x00\xbe\x9b\xf9\xc9|2\
\xffP\xf33>\xc3\x00'\xf3\xed\xdc\x80\x0e\xf6\xb95\
\x9f\x13f\x05\x5c\xfd\x89\xfc\xb6\xf5\xefz\x00X\xf6\xf7\
`\xf2\xe2\x01$$\x18\x87\xc0}:\xa1\x8f\xc05\xfc\
\xd4\xf4Y\x11\x90\x1f\xd7\xf9\x1b \xf7\x97\x93\x7f\xc8\x0a\
@\xa8N@\xde\xbfBD0\xfd\xf8\xee|y\xb1\xbc\
\xb9\xc4\x22\xd09\xa0\x80\xf7\xbb\x00\xdfF\x04z\xe8B\
\xcd\xa7\x14\xde\x97\xf6\xfd\xce`\xbf\x83\x03\x88\xabE\xb1\
I\xc4\xd8\xa9\x08\x10\x93\xf4;\x07\xee;Ks8\x00\
H~\x18I\xffS\x9a\xbbx\x059\xeb\x93\x0cf\x8d\
\xf8?u\xe7\xbaR\x81!\x07r\xd8\x15\xdc\xba=\x00\
\xee\xe8\xcc\xf7\xc8\x7f\x03hX\xec\xbc\xc1\xe1\xf5%\xf8\
\xdf\xf6\x8e\xf9#\xe2\x8fZG\xd0\x8c\xfd\xfa\xc6\x05\x00\
\x0e\xf9\x13\xd9\x83\xcb3N\xf1\x17i\x00\xd1\xde\xae\xf4\
o\xf4\xf0g\xbc\x1f\x86\x92\x04\x84\xde\xc8\x86\x91x\x83\
q\xab\xf6\x05\xf2\xe7h\xe4\x07\xda\x06\xc4\xe0O\xd3\xf9\
\x1b\xe8\xf1?\x98NY\x07Po\x00?\x80\xae \xb6\
\x01\xcf\x96g\x18\x01\x00\x15\xecly\xa3s\x00?7\
W\xc7\x03\xe8j\x00\xcf\x9f\x02\xd4P\xfaJ\xd28\xae\
mj\x0a\x09\xf9a\xfcv\xb7Hv\xb6\xbe\xe5\xd4o\
l\x92\x0d\x0d6\xaf\xcc\xae\x92\x84\xbf\xae\xe6j\xfe\xb0\
\xe6MBe\x1f\xcc\x06\x83\xff\xa7\xfe`\x0eu\xdf\xa2\
@\xdc\x7f\xba\xd5\xfd\x80v\x17\xa0(\xb4\x06\xe0\x88\xbf\
_O\xfa\xed\xed\xa3\xfdf\xe4\xafU\xfb@7\x10J\
\xbfF\x12\x7f$\xff\x9e3w\xc7\xfb\xd7L\xc0\xc1\xfe\
|\x9f\x9c\x0f\xcfu\xff\x95\xf5}\x8c\xad\x7f\xcc\xfcH\
\xf6?\xb6\x01\xe4>F\xe3\x06\xf4\xc90`\xe4\xc6~\
G\x83\xfd\xd8?\xea}\x03Z=_X\x09\xe0\xcb\xf4\
\x8d\xc7e\xa0\x9b\xa3\xcb\xe5\xea\xec\xfa\x12T\x80\xc9\xe5\
o8\xf9?\xb4\xd7O\x7f\xe9\x1c@\xe7\x00\x9e\xf5\x8a\
\xd9\xf5\x03\xf6+\xa9\xf3\xe26\x89m\x01\xbcg^g\
U\x86\xda\xc0\x0c\xdd\xbd\x1cE\xfd\x0a\xe6\x1f\x83\xff3\
\x9b\xdf\x9a[t\x01p\xe0\xa70\xf8\x84U>t\xfc\
A\xf7\xcb\xddY?\x8b\x8b\xed\x0c\x8fzA\xda\xbff\
\x013S\x81\x00x/\xaf\xff\x94\xf4\xf7y\xfe\x9f\x9e\
\xfe\x12\xfdg\xa7*\xf1\xa9B\x1f\xf2\x02\xe2\x17\xf6\xfe\
\xc9\xfb\xe5\x9cO\xe3\x00\xb4\xe6\xafO\xeb\xb6~\xda\xaa\
\xbf\xc6\x04\xf2\xaf\x11J\x7f\xc7l\x01\xb2\xdc\xe77j\
_\xe3\x91\x1b\x01\x90;\x5c\xfc\x1b\x1c\x5c\xd37\xe1\xc0\
\x9b\x0e\xd9\x03\xe4\xf1/\x0e |\x83B\x80\xc4\x04\x12\
\x01\x1c]\xdf\xac\x96\xa0\x82\xad\xae\xc4\x0f\xa8.\xc0?\
\xda6\xe0\xcf\x9f[\x06\xfa\xfb\xab/\xde\xd3\x1a\x80\x93\
\xcar\xaf\x7f\xaa\xf7\x9d\xc1>}\x04\xb0\x16\x0fP\x16\
uQ\xe4Y>\xbf\xddeym\xab4+\xad<\xf2\
\xb8\x84\xd8\x0f\x9e&\xa7\xe2'r\xfc\x82'9t=\
r%}\xe6\x09k\x023\xa6\xfbN\xcb\x8fy>\xee\
%\x05\xab\xfd\xdb\xed\xb6\xa7;\x00\xd4\xfe\xbc\x7f\xb2\x9f\
~\xe6\xb4\xff\xcc=\x98<\xcd\xfe4\xf3#V\x00#\
&\x03`\xfei\xf1\xaf\xd70?\x0e\x1c\x80\xefh\xbf\
\x96\x8c/\xc2>\x9d\xc8\xa7\xa3\xfe{\xc7\xba\xf6\x83)\
\x000?<7\xf5\xcbr\x7fS\x01\x08\x1a\xf8W\xd3\
\xf7G\xc3?\x9c\x8a\xc1O=v\xff8\x05\x80\x12\xa0\
\xd8>{\x80S\x0f)\xc0J\xac\xff\x9c\xf2\xc0W\xab\
\xcb\xfbL\xc0\xbf>\x96\x07\xf0\x80\x91\x9b?\xd2\xfb\xce\
`\x9f\xfa2\x04\x00\x17\xc4|\xa6Ya\xa9\xfd]\xda\
b\x93\xec\xca\x22K\xe4\xb4\x8e\x09\xfd\x84Vg\x998\
\x85\xef9[|\xe4\x01\x9a9\x14\x81\xf9\x99\xce\xf8\xf0\
E\xad\x9d\x9d@L\x0d\xcb{\x0a}\xcf\x89\xfa\xec=\
\xf6\xe2\xbc\x0f#\x7f\xa2\xff\xdco\xfc\xca8\xf6o\xa2\
\x9e\xb2~\x8e-\xf1?(\x02\xa2\x03\xe0;\xfc\x87\xe7\
\xc6~\x9c\xe6\x97\x8f\x5c\xc0\xe7\xe4\x9fD\x00\x91\xd5\x01\
\x00\xe4\xfa\x8d\xba7r\x7fM\x01\xc21\xe7\xff\xfd;\
\xa7\xbf\x1b\x00\xa0\xd1\xb3\x00H/0\x85?\xd0X`\
\x1a\xa1\x08xy\xb5:\xba^^M\x96\xd7\x93\x9bn\
\x17\xa0K\x01\xfe\xef\x22\x00\x88\x80\xfc\x87\xbd\xf3iM\
$\xdd\xc2\xf8\x87J\xaf|\x11\x8a\x84w\x8a\xa2j\x14\
n\x10\xa5 d\xa3p\xef]\x8c\x94\xe428n\x1a\
D(S\x92M\xb01\xf6u\xe3Wp\xe9bno\
Z\x09n\xfa\x1b\x0c\xf7\x0b\xf4W\xb8\xe7y\xce[\x96\
\xc9$\x9d\xe9\xc4!7\x83\x95\x8e\xb1\xcavy\xce{\
\xfe<\xe7w\x86c\xb0}\xccl\xd33\x92\xfa\x0f\xd2\
\x99\x97\xa4\x1bs\x8b\x95\x1ffsk$\xe6\x9f\x19\x09\
\x0b\xa8\xf4\x9b\x89\xed\xf7g&\xdb\x88\xd9#\xd6\x07>\
\x5c\x92\x03q\x15\x06ppF\x05}L\xf6\xcaSh\
\xff\xd1A\xc8\xe4]cg\xfe\xff9\xbc\xbf44\x8e\
\xf6+\xbf\xe2\x0b\x1a%\xe3#\x020H\xfe\x15\xf6\x07\
\xf37\xb1\xcf\xbd\x9e\x14\xfd\x12\xf7\xe9W\xe2\xd8w\x8b\
>\xdd\xb6\x8f\xdc\xfa=\x1b\xa1\xe1'1\x00\x87\xffl\
\x1cb\xe8\xdfsb\x1f7\xf2\x1b\xd6\x22\xa5\xfd\xef\x1c\
\xff8\xeeOy\xf4\xab\xe8\xcf\xe6\x15\xc0j\xab\xd5\x91\
\xd8\xa0.\xf6\xdf\x89\xe2\xbf_v\xa7\x8b)\xe7\x01\xde\
\xcf\x17\xf3{:\x80\x83\x0388\x80\xd7\xbe\x12\xb2?\
zd|L\xda\x18\xee\x19&^\xe2}2\xab\xcd\x08\
\xb9\xfd\x0aL/\x0f\xa0\xbf\x04\xac\xce\x91N\xf8\xac\xd2\
~\x86L\x7fc6\x19\xf0\x7f}V\x01\xfa\xe4\x7f\xa2\
\xbb\xbf\x12k\xcf\xf7\xfc\xe1]6\xd2\xac\xbf\x8f]\x7f\
\xed\xb1i\xac\x1b\xa5\xef\xfaY\xfb\xa0\xfc\xa5i\x98\x96\
\x1a\x94\xfd68\x02\x14B\xf7O\xd3o\x84n\xcd'\
d?qE\xe2|U\xfdW*.\x05\xc0#\xf4\xfc\
\xfd|\xcd\x17J\x00\x98\xf9\xc5\x8a\xcf\xbaD\x00\x167\
\xaa\xf8Q\xd5\x1f\xa1\x1f>c\x7f\x8f{?\xef\x1d\xff\
\xb4\xf7z \x1e\x80o[t\x01r\xec\xa37(\xf1\
\x7f+\x8a\x02\xe8\x00\x16\xd3\xeb%\xda\x80\xf3\xe5{(\
\x01\xef\xea\x00^\xa0\x04|\x18\x9c\xfd\x17\xbf?\x18\xec\
\xdeg\x01\xc4\xd6\xc5\xec\x87Y\xbbmn\xb3aj\x06\
\xde\xca\xacn\xe5t\xc7\xef\x0aC=\xfd\xf1\x08t_\
b>\x13\xce\xed\x0c\xb4\xb9O\x12\x10\xe6|g\x93\xfe\
\xca\xec\xec\xf23y\x9e\xbf\x862\xa7O%\xa0V\x00\
0\xf7\xdb/\x22\x80\xf5\x13\xa7\xfe\xf6sl\xf3\x86\xad\
\xc3\xee\xc9\xff\xf3S<O\x1b\xd0\xfcA\xed\xef\x88\xbf\
\x98\xf1\xf7\xd0\xee7\xe4\xfeXF\xfe>\x04@>g\
}\xf3\xfe\xbf\xd2\xbe=\x85\xfd\xd5\xc2\xbaV\x00\xe2\xa8\
\xc6\xb3\x9f.@\xc7}\x98\x08\xe0Q\xb8\xab\xfao1\
\xc6\xaf\xb2\xe5\xaf\xaa\x1f\x9a>\x13\xff@\x5c@\xd5\x06\
\x91\x0d\x82\xc0r\x18\xe8z1\x9f\x1e/\x9b\xaa\x03\xd8\
\x91\x02_<+\x02(\x17C\xf5\xbb\xd3\xf5\xe5\x5c4\
s\xf7\xf3\xf2\x9d\xfb\xf2\xbd\xfb7\xf7\xfd\x83\xc1\xee=\
\x05\xe0\xe0^o4\xe9\x8d\xc7\xc6\x13\x17`\xbc\x81\x07\
\xc8GBXO[\xf5<\xca\xfaR\xd4\xe7\xc0\xdd%\
#\xc7\x04t4\xaf6\x93}\xc5}\x89\xa5g[\xc8\
O>\xfd\xf3\x5c\xd6?\x8b\xfc\x92\x01H\xe4\x9f\xa6\xbc\
\x8bU\x05\x94\xca\x8b)Ut\xe0\x8fn\x80\x01\xbfW\
\x89\x81\xfbF\x15\xc0\xe3\xfe?\x1f\xf4/\x15\xfdX\xb2\
\xbe*\xe8\x03b\xe6/:\x97\xe7b\xf3\x10\x00\x82\xf8\
\xa93\xbe$}n\xb7}h#pw\xec\x07\xa7}\
\xddy\x00\x9c\xff0\xff\xaa\xb5\xe2\x15\xaa\x81\x9c\xfe\xe2\
\x02:6\xe8DA\xd4\xa9\xde\x5c61\x0d\xb8<\x9e\
\xce\xa7\xef\x95\x09X\x8c\x02\xfd\xf3b/)\xc0cE\
\xb3\xc7\xfe\xbe\xe5\xef\x1f\x0cv\xdf\x97\xe7\x89\xfd\x83\xe7\
K\x1c0\xe9\x80\x1b\xdd\xec!9?\xc2}\xb4\xec'\
\xb3\x9e\xe3\xfe\x0d\x8c\xaa~\xfb\xdb\x10\xa0\xa7\x9b}\xd0\
\x05\x90\xff\xda\xcfF\xc5\xb6\x9f1h\xbf\x06\x11\x84y\
\x01\xeb\x9fe\xffF\x09l\xff|\xf2\x9fC?&\x94\
\xa8\xc0\x84qX\xe0\xfe+y\xc9/\xf6u\x02\xa0\xc2\
\x19@\x9f\xab~#O\x99_8\xf9\x89\xfe\x89A\xf9\
9\xf7$\x03\xf0\xa9\x00\x8a)\xf1w\xac_E}\x9c\
\xbb\x8d?\x85\xea\xbf.\x07~=P\xd5\xbf<9\x82\
\xf8\x17\xe5?\xb4\xfd\x8f\xea\xe8\x01\xd6;\x16?\xb0\xff\
\xa8\x0a(\xe8Us~<\x9dJ\x00\xc0Y\x80\xbb\x11\
\xc0\xcb\x86\x81\xcaO(\xeb\xfez\x9f\x1f\x0c\xf6\xcf\x88\
\x00f\x09\xf6\x82\x8a\x0b\x98\x0cM\x22\xb6N\x8c\x9f\x84\
\x00\x1ew\x81\xc0\xd47i\x1f4\xefUA\xfb\xed\xb1\
\x0b\xe0n\xd0\x02p\xef5\xeb\xef\x15\xca_}\x8a\x89\
\x80\xf5\xa3L\xbfo\xd3\xff\xd0\xfa\x13co\xac\xdd\xac\
\xdf\x96\x02\xdc\xc0&o\x8e\xfe\xf2\xc0W\x0f\x00\xe8w\
\x5c\x92\xf3\xbdR\xb1\xba\xfa\x13\x13\xbe\xe4|\x18\xf9\xc1\
\xf6\x1fk}\x8c\x01\xa2\xe3\x07\x00\x90\x1c\xfa\xb1\x18\xbf\
\x17\xe6\xc0O\xbf\x96\x93?\xf4\x11\x14\x82\xc5\xb6\x0f\x16\
\xf85\x00\x90\x08 \xd0\xe7\x12\x01\x04\x10\x05\x8b[\x90\
\xf3\x1f\x172\x80 \xbe\xb9\xbc\xbc\x9a\xcf%\x07h\xf2\
\x07m\xc0\xbf\xed\xfc\xbc\x00\x0a\xfad\xf3\xac\xfc\xc7\xce\
\xd9\xb7\xf5\xfd\x83\xc1\xee\xfb\x9a\x01\xf3\xe5a\x9fw\x0f\
d\xff\x0c\x1b@`\xcc\xb7<\xed\x87\x13\x82>\x93\x11\
\xf7{\xab\x89\xcb\x836\xc2\xfdd\xe4N\xfaU\xb2\x03\
\xfa\xd3\xed\xbe[\xe0\x17I\x7f\xa5\xc7I\xbfO\xd3\x7f\
\xd8\xeb\x83\xfc\xcf\x8fs\xf8\x8f\x9b\xfe\xe3\xc9_\xd2\x08\
\x00\xa9\xbe+\x02z\xcc\x05\x18\x01\xa0\x1b@\x18\x006\
~\x81\xf9\x17\xa9\xfa\xc7Zq\x09\xe7,\x00H\x22\xe0\
\x03\xfa];?\x0du\xc7\xafR\xfe\xe4\x8d\x83\x7f\xcb\
\xebi\xb1\xed\x03\x81~\xfdT\xe3\x7f9\xfd;\x12\x10\
\xa8\x10\xa8c\xf9\xdc\xb6\xc4\xfe\xcf\xceZA\x10\x05g\
p\x00s\xb7\x19\xa4\x09(\xd8|\xdf\x9b\x81\xbe\x93\xb2\
\xf1\x5c\xd1\xfe\xff\xcd\xf7\x0f\x06\xbb\xf7\x08 \x9d!\x07\
HM{\x22V\xff\xc98\xcc?\x8b\x00P\xfe\xb5s\
\xb0\xaf\x12?\x93QR\xd0~\x09\x0b\xff\x94\xef\xf2\xdb\
=\xf2\xe5f\x94\xed\xdcg\xab\xe7v\xff\xdd\xbco\xc1\
\xf8\xdb\x0a\x82B*\xfe\xd9\xfa\xaf\xd0\xd8\x1d\xe8\xd3S\
G@\xee\xaf\x8a\x80s\xda\xbf\xef\x86\x7f\xc5W\xa0\xe0\
\xcf\xd3\xdf\x8f0\xf6Ss\xab}u\xfa_\x07\x7fC\
\xb7\xf6k[\xfcg\x10\xc0z_\xd5e\x00\xa7,\x02\
\xb6\xac\xc5\xf4o\x0b\x04\x80(\x90\xd8?\x08Zg\x9d\
@\xfc@PE\x04\xc0*\xa0BA\xe7\xaf\xac\x03x\
\xf3~\xe1`\xb0{\x17\x02\xcd$\xd4\xbf\x05\xe9;M\
W^b\x06\x9e\xd9\xac<l\xed6X\x18\x8c\x1a@\
J\xce\x1f\xea\xfd\x9a\xf6\x13\xff\xd9Nx\xfa\x0f\xb6(\
@\x02\x81\xd7\xa5\x9c\xfe\x9d\xd3\xff\xa1\xd2\xf9\xb4\xd5\xfc\
\xafw\xa7{\x1e\x88\x00\xd6\xf7\x22\x00Z\xbe\xbf\xd6\x95\
\x1f\xa1\x8f^\x00b\x00\x09\x00L\xde\xf6S\xe2\xa7.\
\xfc\xd9\xae\xfbB\xee\x8f\x01`\x06\xfc[\xde'\x8e{\
O\xeb\xfd\xd6\x8f\xb0\xe8O\xd2\xffZ-\xe6\xaa\xcfp\
;\xf7O\xf8\x07u\x7f\xaa\x01\xca\xaf@\x17\xfe`\xe0\
\x8f\xb2?F\x01b\xfd\xb6\xc5\xc4@B\x83\xf3N$\
\x1e\xe0\xc4\x06\x98\x04p)\xc0\xb4\xbb\xe8.\xaf\x97\xcd\
\xe9\x145\x80\xf9\xc7\x8b\x97v\x01^`R\xe5\x17\x9a\
\xe4\xeb\x7f\xff`\xb0{\x8f\x00\x12s\xeb\x0d\x93\x19j\
\x81\x09\x90~\xe8\xf8C\xea3Jh\xd43\xfc\xcb\x86\
\xe8\xf8s\xc174?.\xaf\x1f\xb8\x19\xffU\x06\xa5\
\x1f\xf9`\xa5\x92\x9b\xf2\xa7\xe9\x17K\x7f\x1f'\xfd}\
\xab\x06\xe0\xeb\x9c\x9f\xafU\xc0\x06%\x80n\xec\x87\xab\
~+y\xe5O\xf7{\xdaJ\xbe\xe5\x17\xb7\x18\xfe\xc7\
\xcc\x1fK\x7f\x86\x0b\xff\xb8\x15\x08;>\xe9\x02B_\
<@\xddW\xc2G\xae\xfb\xdd\xae\xfcu\xcb\xff\xee\xf4\
\xfe\xc5\xd0\xd9\xf3\xa7\xfd\x9f\xc2\xf0\xc5%\x04\xda\xfe\xab\
\x9f\x8aCA\xe1/\xe8\x88\xe1w$\x05\xb0\x9dH\x22\
\x80\xe6\xd5r~=]^O\x8f\x9b\xcb\xf7\xf3\xe5\x97\
\x8f\x17\x9f\x0b \xd8?^\x00\x05u9r\xb9\xfc\xae\
\xfc\xd0\x1c}\xf9\xdd\xbd\xb9\xfaw\x0f\xcf\xd9\xbf\xb1\xef\
\x1f\x0cv\xef:\x80t\x94\xf6`\xda\xb7\x90\xf0%J\
\xf5\xc5\x1d\xc8\x7f\x86J@\xfcc\x08`T\xf5\xab\xa2\
\xbf\xac\xdd7I\xaf\xef\xa2\x82\x5c\x07\xdc\xd7\x13\xbc\xc8\
\x04\xb8\xf4c\xfd\xe4f\x9f\x87\x9e\xc5*\xfd\x15\x07`\
\xd2\x066}+\xfa\xbf\xc4\xe8?.\xe9\xd0o\xacy\
?G\xfd\xb0\xed\xc7p\xb5\x07]A\x85z_:\x80\
\xd8\xd1\x7f<\x1bId@\x07 \xc7\xbf\xe7\x87\x91c\
}\xb8\xe8\x7f\xeb\x0d|\xca\x80\x8b\xd3\xbf^\xc7|\xef\
\x91N\xfe\xa9\xd2\x97\xfe\xa0\x8e\xc2?K\x836\xea\xe0\
\xfcg\xfe\x8f2@ \xa9@d\x7fmN\xbb\x97\xcb\
\xcb%T\x00\xc7\xcb\xe9\xe5\x97_.~\xfe\xf9Gw\
\xfd\xeb\xe6\xe6\x87\xd3?\x8f\x07P~\xf2|}{\xdf\
?\x18\xec\xbe\xafl8N\x87\xc9\x80\xf6\x9f9\xd2\xe7\
\xc8\x8c\xd2\x15\x08\xff\x83\xc4\xe8n\xafl\xc8<?A\
oo4\xce\xe8\x14\x5c\x8eO\xa4\xe7\xe8\xde\xe6/\x9c\
\xfb\xb3\xec\x0e\xfb\xff9\xbb\xfe4\x0a\xc0\x98\x7f\xe8\x0e\
\x7f<u\xab>b\xe4\xf9Z\xfe\xc7\xb0\xbf\xc3\xfc\xab\
\xce\xd7\xf1~=\x07\xfa\xa1\x08\xc0\xd7\x16`\x14\x86\x11\
g~\xc4\xe4\xc5\xcc=\xb7\xe6\xdbq\xfe\xa8\xffg\x08\
p^\xaf\xee\x1c\xff\x90\xfcX\xdd\xf8\xa9E\x00\xbe\xa0\
\x0cxzTG\x08\xd0\x0a$\x00\xe8\xc8\xcbI'P\
\x11\x908\x84\xc0\xde\x1c/\xba\xd3\xee\x95\xe4\xff\xcb\xf9\
bz}\xb5[\x03\xc00\xd0O\x07)\xf0A\x0a\xfc\
\xba)@\xc6L\x7fh\xc6\xe31\xce\xfd\xb6\x19l\x94\
\xeb\x978\x80'g\xf7'\xdb\xde`\x01\xf6\xccf[\
m?\xd3\x821\xb4\x00\xf2p\x90c?]\x0d\xe0\xd1\
j\xff\xfa\xf1\x08 v\xa3?!\x1b\x00\xa1I]\x00\
\x80B \xe7~\xdc|\x8f\xd6\x01t\xda\xc7c#\x00\
\xc2\xbf\x98\xe1\xbf\xb2\xbe<\x9d\xfb\xa3\xf6\xd7F~\x1c\
\xb9\x00 \x8e\x99\xe2\x9f{!D?N\xed\x83\x7f\x9a\
\x02\x84b\xe2;\xc2?\xb9\x0b\xeaUW\xfd\xd3\x14\x80\
^\xe1H\x9eJ\x12`i\xfd8\xf4\x03\xe4\x01\x01e\
@p\x047\xc7\xdde\xb7\xdb]6\xa7\xd7\x8b\xcbi\
s\xf9\x9f\x8fw\xbb\x00?\x1c\x1c\xc0\xc1\x01\xbc\xea5\
\xf4n\xc7rX\x8fA\xf5\x1e\xca\xcf\x04\x94\x8f!a\
\x1f\x92\x02\x0ch\xda\x98\xfcm;u\xd0h\xac\xe7\xfc\
\x98\xb9\xfe@\xa3|\xdc\x03\xffa\x1ak\xad\x01\x80\x0b\
T\xa0~\xbfE\xfa{\xa8\x02\xd0\xd0\xda\x9f.\xfc\x01\
\xe5\xd3o\x84`\x00r\xdb\x07=@\xe8B\x00\xa0\xfe\
t\xc9\x8f&\x021\x9b~\xcc\x0bT\xf9\xaf\xe3\xbe\xbe\
\xb1\x5c\xf7#\x0e \xaca\xcf\x9f\x8d1\xfd\xef\x88_\
T\xfd\xd5\xc2|\xefWM\xc7\xff\x8bq?m\xf4U\
\xb5\xecg\xb9\xf8\x07o\xc4+\x1c\xd9\x96\xf8\x05\xdb\xb2\
A\xa4\xc6/!@ \x99\x808\x80\x0e\xab\x80\xd5_\
\x9b\x12\xff\x8b\x0f\x98.\xa6\x97\xf3\xcb\xc5\xd5\xfc\xe3\xdd\
Y\x80\xc30\xd0\xc1\x01\xbc\xee5n+\xd7\x078\x0f\
y\xbb!\xfb\xa3m\x18\x16\x98a\xca\xf8\x1f\xe6<6\
i\xca\x08 \x1d\x8dS\x83\xd9\x80A\xbfd\xd2>t\
\xc1\x98$\x9a\xe45\x80\xb5\xea\x00\x18\x13\xb8\xaa\xbe\x9e\
\xf4\xebu^\xe8_ou\xfe \x06\xdf\xe9\x0d\xe0\xde\
W\xa9\x1f\x0b\xfe\xb0\xffx\xcd\xf8\x1f\x7fJ1w}\
\x96X\xfb\x8b\xb1\xef\xc3\xb5\xfet\xdb\x97\x1e\xfd\xbe\x1f\
\xeb\xe8\xbf\xe7\xc0\xbf\xf2\xc4`\xe8\x1f\xe0/\x89\x00\xa2\
\xc8\x8b\xc3P\x5c\x00Z~\x1e\xb1_\xac\xfe9\xee'\
\xab\x00[\xdc\xb7j\xfel\xab\x83\xbc\x9f5\x00\xab[\
\xbf\xc0\xfb\xa0;\x08\xea\x08\xf9;\x0c\xf9Q\x03<;\
\x0b\x5c,`\xe1\x00\x16\xf3\xee\xd5\xfc\xaa\x09,p\xb7\
{\xf9;&\xe0\xf7\xf3\x00\xca\x85\x82\xbe\x5cT\xcf~\
\xf7\xf6^\x8e].\xdfyy\xab\xdf?\x18\xec\xdeS\
\x00\x82\xfeF\xe3qb\x08\xf5k\xb3\xbb\x8f\x87\xb3D\
\x09\xa0&!\xfa\xbb\xa7\xbb\xbe\x87w7\x81\x95p\xd4\
;,\xf8N\x0d\xc0\xad\x01x\x96\xee?t\xf5\x7f?\
\x0f\x004!@\x0a\x10*\xeb\x93\xbb=\xd9\xf7\xa7\x03\
\xe0\xd9\x8f\xde\x1f\x8a\x02\x96\x1e _\xf5k\x1d\xfd\xc7\
\xb7X\xf0\x0b\xb5o\xe4\xb9\xb3?t\xa7~q\xf2\x9f\
\x13\xf6\xcd\xda\x7f\xad\xee\x12\x00\xed\xf9\xb1\xe4'OH\
\xfb\x86\xe1W\xf9\xb0~\x84\xba`\x84\xa8\xdf\xe5\xfcx\
\x7fr\x1a\xd4O\x98\x00H\x04 )\xc0b!9\xc0\
\xa2\x8b\xc5 \xf3\xe3/\xbf\x5c\x5c\xec4\x02\x7f\xfc\xe9\
\xf4\x10\x01\x1c\x22\x80\xd7\xbc\xc0\xff\xc5q=\xc1N\x8f\
4\x19'\xa0w\xf5\xda$~\xb8%\x1fm\xc8\xfe\xdb\
\xce\xb4\x87\x0a\xf6m\x8f\x0c\xc9\xbe\x0d\xe7\x00\xd6D\xfd\
\x19\xdd\x02\xa6\xa9??\xf1\xe2\x7f\xff\xe1\xeb\xeb\xd7j\
\x1f\xd1\x7fC\xa9\x9f\x8e\xfe\xe1s\xf7w\xcc\x9c\x80\xb9\
\xbf\x04\x01\xb1q\x82\x1f\xa6\x00\xbb\x0e\xc0\xc4\xb1a\xc8\
_\xb1'\xbf\xf1\xfa\x90\xbf~\xc0;\xbc|\xc0\xeb\x07\
\xfc\xf2\xcdo_\xad\x16\x01U\x0d\xc0\xa9\xdf<\xf9\xaf\
k\xc1\x8f\x7f!\xfam\xf1\xf4'\xf1\x87\x9ft\x22$\
\xff\x11R~H\xff\x91\x08D'g(\x04\x9c\xb8\x1a\
\xc0U\xb7\x0b\x0d\x10^\xbb\xf3\xf9\xfb\xff~\xbc\xf8\xfc\
\xb9@\x82\xdd\x1c\x1c\xc0\xc1\x01\xbcr\x0d@1\xff\x92\
\xec'\x8e\xea7P\x85\x0f\xd2\x00R\xff\xfb\xc3>]\
AOY\xdf\xf8|\xe8f\xfd\x87\xfdRA\xff\xedO\
\xc6\xa6\xe1t\x00%U\x01\x94L\xf6?\xf6\xae\xef\xb5\
\x8d+\x0b\xff\x09\xf9c\xb4\x0fE\x17\xc3\xe0\xe9\xed0\
H\x95\xd8\x1d\x8c\xc4l\x07\xf9\xc1\xf3\x10\x96Ex\xb6\
eQM!d0H\xb2\xf0\x8bqm+),\xb3\
\x0f\xdbw=\xec\x83X\x8a_\x12\x13\xf4\xb05l\x03\
6\xac\x95\x904)\xc96\xdd\x92\xf4Gh\xca\xde\xef\
\x9c{G\xb2\xe3\xb5\xa5D\x90\xa4\x9d\xab_\xa3\x91\xc7\
\xf3t\xce=\xe7;\xdf\xf9\xce\xe5\xc7w&_\xb7\x8e\
\xe2j^[\xbc\x9e\xf2\xedh\x7fP\xf5\x1d\xa1\x0b\xff\
\xca\xce}\xf4\xfa\xfb)\x08H\xb1>\xa1\x81\x0e\xcd\xf6\
V{}yxk\xc2\xf5\xf4\x99Ks\xbeH\xfd\x0f\
\x8a\x7f,\xf6O\xcc~\xd8>\xbfreF\x01I\xf3\
G\xe5\xf7\x12\xbc\x7fI\x99\xbetm\xde\xef]\x97b\
\x00zDt\xa2\xbc\xb3\xd1\xeb\xf7\x94\x13\xe8\xaf70\
$\xbc\x9b\x5c\xf9\xdd\xb5\x9d\xcf\xc6\x22\x80\x0c\x03\xc8\x1c\
\xc0+]+\x02P\xdf\xb6X^^\x1d`\x94_G\
\x08\xcd\xfa\x87\xe2\xe7\xe6\xa0#6\xe3M\x81\x89\x9f<\
\x08\x8c\xb5\xff\x94\xa5\x13\x0e ,\xd3\xefkt\x00\xf2\
\xf9q\xde\xbfp\xff\xfb\xd6\x14\xeb\xc1\xadGy\x87\xd4\
\x7f\xcc\xd4\xafj\x9eg\xfe\xf84\xe7\xa7\xc4>\x80(\
?\x8ed\xde?Q\x80\x04I\xff2\xe6WT\x09\x80\
\x90_L~\xe3\xa7n\x8d\xe5\x7f\xd1\xfcW\x93\xe3\xd3\
>(\xde\xaf\x90\xe6W\xc5\x93.\xa9\x7f+\xbb\x0f\x8b\
 \x01\xa1\xdeO\xe1?5\xfe1\x02H\x8e\x004`\
|*\x07\xb2\xd3^o'\x18\x0e\xb8\x94\xb4Q\x0c\xbc\
}\x05\xd5\xbf\x8b)\x06\x90\xc9\x82g\x0e\xe0\xd5\xaem\
\xabe\x01\xdb\xaf\xaf\x89z\xab\xa3\xd3\xf8m\x98\x7f\x87\
\x1e\xfc\xa9\x07{q\xf9\xafSO\xb7}\xe6\xf9Pm\
\x80\xec}\xd50\x03\xd2j\xfe\x8f\xf7\xa7\xf1\x00\xf7\x0f\
c\xb4\xfe\x11\xdd\x87\x18?\xf4F\xd1D\xc9'\xe8O\
0\xd2\xc7\x8c\x7fD\xfe\xc4\xfbW\xb9\xbf5\x86\xf9Y\
r\xf8\xd3\x83I\xef\xf9\xfd~\xc0`\x00u\x02\xa6\xb4\
\x7f\x04\xfb\x9a\xef\x8b\x0e\x1f\xc0~\xc4\xfb\x0f\xc1\xfa\x0d\
9\x0ePA?6\x7f\xa6\xfd\x16\x19\x0ap\x8b!\x93\
\x80\xa2\x00\x0e`\xfd\xed\xa4\xddk\xf4\xfa\xa4\x09\xd6}\
\xfb\xd3+\xc7{\x01^\xa4\x19\x88\xe0\xb0\xcb\xbf\xce\xcf\
\xcc`g\xcf\x04\x5c\x1dP\xe1\xbeU\xb7\x80\xeco\x02\
\x04\x84\x95\xab\xdd\x9f#\x00\x0a\x11,]\xdb7\xbd\xfe\
H\xf3-\x8a\x06\xf6\xf6\xcc\x8c?\xf4\x11\x82\x07`d\
?Q\xe3\x8b\x1f=\xdb\x9a\xc6\x03<\x1bb\xe2o3\
\xcf\xf9\xbf\xc0\xec/h}\x13\xed7_\xe0\xe2\xbf \
k'\x07\xa0A@\x88~h\xa9O\xc2\xff,\xff\xf0\
\xfbI\xef\xf8\xe4\xc7\xa1\x19\xfa5\x22\xfe1\xde\xefU\
t\xe7\x9fG\x1c`\x00\x80`\xfe\xe3\xe9\x15Ct\xfc\
\xdb\xdc\xfbC\x06\xcfq\x80+m\x9cu\xdd\xc0\x0e\x16\
=og\xa9\xa1\xf6\xfd\xeeF\xd2kC\x19|\xfdd\
\x15\xe0\xe5\xca\x80\xbf\xfc\xfe\xff\x93\xbfg\x06;\xfb\x14\
 ^\x1e|\xb2-n\x88\x12\xf4<\x94\xf5B\xf3\xff\
\xc6\xb2\xd0\x11\xc0`5\xeep^o1F\xb0\x06\xad\
/t\xfd[\xeaW\xa8\xfc\x81\x13\x18\xe7\xe3\x16J\x06\
\x9a\x07@\xd5|\x8b\xde\x077\xbf\x9b.\x04\x80\xf6W\
\x01W:\xcd\xa6\xc3, \x98x\x15}@,\xf9\x81\
T\xdf\x87\x03\x10\x96\xa4\x00\xa0\xa4'\xfc\xe9w\xc7*\
N\x11\x00|{$\xa9\xfeW\x1b\xd9\x7f\xd9\xad\x94\xf5\
|\x1f\xe6\xfcT\x88\xf4W)G2\x0cC\xbc\xa0\xf7\
'\xd1\xef\x8b\xce\x9f\xa2\xa9\x00\x10\x15(R\xf6\xaf\x1c\
\x80\xa7\x1c\x80\xf2\x1d\x1f\xb4\x7f\xdf\x9eo\xf4\xba\xf3I\
\x7f>!Y\xf0\xe3<\x80wNh\xff\xff\xf1\xc4\x5c\
\x80\x13\xe7\xb2\x14 [3^\xa4\xf2\xbbL\xfa\xde\xc0\
\xff\x18\x09L\xdb\x02\xe88\x16\xdc\x0d\xc8\xbb\x7fkl\
\xda\x8f \x8f\x11w\xd6Ldp\x8a\xa2O\xf9\xa7\x7f\
\x9do\x85\xa3(\xe1\xd9#\xaa\xf8\x81\xfb_m\xe2\xff\
\x95\xd8\xfe\x89\xf8[\xd2\xed\x7f>\x8f\xfb\xc5V\x9f/\
\x15\x85\xe5\x18\xc6/\xd5\xfc\x8aN\xf9p\xe2\xc4\xe3\xe1\
\xe1U\xdd\x0b\x94V\xferH\xf9I\xeb\xb7\xa2G~\
\x97!\xfc\x03! d\x00@\x00\x22J\xfd#\x98z\
\xd1F\x02\x10\xa58\xa0\xf2\x0c\x81\xab\xc2\x7f;\x0c\x16\
\x17\xbd\x9dF#\xe9w\xe7\xd1\x0b\xd0\x9f\xefo\xf4?\
\xff\xf0b\xda\x0a\xf0\xee\x0b\xce\x05x!z\xfd\xa4]\
w\xaf\xf9\xf5\x99\xc1\xce<\x02\xb8N}\xbc\xd75\xf3\
\xf7\xba\x91\xfb\xa1s\xf4\xad\xde10\x9f\xc6\xf6Y$\
`\xbb5\x86\xffi\xd2\xefiK\x1c};E\x04\xb0\
u\xef@\xa4\x8d\x00\x05\xe1;4\xe4\x8f\x99\xbf\x8e\xe6\
\xfb\xb0\xfe\x87\x8f1\xbf\x1c\x07\x10\xe9\xcf\x918\xe0\x81\
\xbfGO'\x86\x1d/\xdc=\xa9\xf7\x0b\xd4\x8f\xfa~\
H\xfa\x87\x05\x00T\x08\x10Q\xef/p@\xd4\xfb\xa8\
\xe4g\x07 \x00\xe1\x15\xa0\xeeG\x04`WFv\x10\
\x84\xf6b`\xdb^P\xdbi7\xd6\x13H\x02w1\
\x16 i\x7f\xfe\xe1{;c\xeb\x83w\xb22`\x16\
\x01\xbc\xda\x08\xc0\x82\xa0\x17I{\xc2\xae\x07\xab\x84\xee\
SG\xff\x00Q\x81:\x99\xa2\xfed\xfe{y\xa3\x03\
0\x86\xfa\xa7s\xfeN\xd1\xf4\xfb\xfa\x0f\x0fO\xdf\xf2\
\xb7\x8em\xfd&%\xbf\xf0H\xa0\xeaWp\x0aM\xae\
1\x96X\xee\x9fL^\x13\xfe\x90\xee\xfb\x84\x05:$\
\x02\xc6:\xdfVM\xe7\x01\xe5\x83o\xce\xbc\xc7\xd8\xf9\
{\x07\xb5\x85\x85\xf2\xa8\xe7\x8f\xd2}\x15\xeaKp~\
T\xf0\x1f\x1a*\x80\x8a\x02rH\x0dT\xf6\xcfm\xbf\
\xe8\xfbU1\x7fHY\x80M\xb6O \x80\x8c\x02e\
\xfc\x01\xd9\xbf-w\xda\xc9\xd2R;\xe9\x91\xf9\x93\x03\
\xb88\xbe\xde}\xefE\xda\x81G\xcf\xcb\xe3_\xc6\x94\
t\x7f\xb1\xbfg\x06;\xeb\xb5+V\x06\x83\x95\xd8(\
\xfd\x0d\x06\x83X\xbd\xc7\xf1j\xacN\xc6\xb4\x94i\xd3\
\x0b\xab\x83\x04 \xae\xaa\xa3jU\xfd\x0d\x0e\xf0\xa1V\
\xdc\xaa\xd3\xe7\xf3\xeb\xe3g\xc7\xadp\xeb\xad\xb3\xbe\xdf\
?\x94\xcdB\xd5\xc7\x85\x10\xf5\x11F\xf7\x03\xd4_\xdf\
\xe2\x14@R\xe3/$\xc0\xb5\xc8\x8f\xd0\x18\x00\xa9\xff\
\x15\xef\xde\x99\xf0~[\x0f\x0e\x87\x15\xa7\x5c\x19\xdb\xfe\
=L\xfc\x92d\xe9\x15N\x01 \xf9\x1f\xca\xa8\x22\xd5\
\x0bc?\x08\xfbc\xe0O\xa2\xe0\x17\xa9w/(F\
\x1a\x0a\x08U\xee\x0f\x0f\x10*\x1f\x10\xd6\xa0\x0a\x9c\xb0\
\x22 \xaa\x00\xcfa\x00\xd3k\x02\xce\x9d\xdeW\xff+\
\xf9\x9e\x19\xec\xcc#\x00\xbd\xddC\xea\xb7\xde\x22\x0a@\
<\x92\xf4\xe1V?t\xfe\xed\xa2\xb9gE\x97\xfc\x98\
\xeb\x8b\x9c?>\xf6\xa7\xa7i\xfa\xe5\xf3\xf1t8\xe0\
\x85\xab\x5c@,\x88<\x93~Y\xea\xab\xe4\xe7}\x9f\
S\x00\x1f\xba\x9fZ\xfd\x87\xfb\xfdI\xea\xc3\xe1R`\
-\xb8\xf9\xe5\xa4\xf7z|d\xd5 \xebeF}{\
\xd8\xf6\xcb\x95\x08\x03\xfe\xe0\x00*\xfc\x06\xe2\x8fz\x96\
!\xfb\xab\xac<\x8c\x0c\xfd\x17\xfb\xbd\xab\x22\x00\xd0\xff\
\x83@=\x83P9\x00\xf5P\x1f\xa1m\xdb4\x17 \
!M\xc0KP\x04\xeb\xceV\x13\xf09\xd0|\xee\x8c\
\xaf\xa7\x9ex\xd3\xae\xcf\x0cv\xd6\xaby\x83T\x817\
uO\x8fz#\xa5\xbf\x95\xe6.i\xff\x90W\xd0\x93\
\x01\xb8\xbdG+\x006WR\xba\x1f\xf4\x006\x9b\xe3\
\xa2^'>\x7fn\xfd0m!\xa0\xa0c\x7f\xca\x01\
\xcc\xbc\x1f_c\x00 \x04\xc9\x12\x86\x7f\x90\xd8?\x01\
\x80B\x0an\x01\xb0\x8a\xfbw&\xbe\xd5\x81\xbb`&\
}\x87e=\xde\x13\x1e\xc0UQ\x80\xd6\xff#\xa7\x00\
\xd2O\x85\x94~\xa1\xf7Cu~d\x00!\xd2\xff\x00\
\x8d\xc0Q\x11F\x1f\x22\xf4W\x07\xe4\x03\xec0\xb0k\
;\x1b\x0d(\x81$\x09\x01\x01K\xddl6`\x86\x01\
\xbcn)\xc0u\x96\xfa%\xf8_\x0f\x04H\x9b\xfe\x0d\
\xe5\x07\x18\xc0\x8aQ\xf9\xca\x8f\x22\x00\x11\x8f\xa9\xff\x9c\
\xae\xea\x8b\x8b\xeeN\xc5\x07\xbc0\xa4\x19\xbf>[z\
\x89d?\x1c\x8a\x00,N\x01t9\x80d\xbeh\xe2\
\x8f\x9e\xf6\xc9\xe2\x7f\xc3\xfd'\x13\xde\xe8?\x17\x86\x0b\
\x15\xed\x00BI\xfb\xbd+Y\xea\x8f\x9a\x7ft\x11\x90\
\x88\x00\xd0\x03\x92\xd4\xed\xc7t?\x0f\x07\x81r\x09\x01\
\x17\xffT\xecO\x9b\xbf\xda\xf7Cz(\xfb\x0f<\x06\
\x01!\x08|\xa9\xbb\x94\xd0h0\xb5\xf3\x8f\xba\x812\
\x07\x909\x80W\x0f\x02\x8aT\xe9\x97\xe4=;\x86\xf1\
7\x16\xd8\xc7F\xf9C\xa4\x92\x80y\xcc\x00\xe1!@\
\xe2<\xa5\xbf\xaf\x87\x0f\xa7\xa3\x03r\xf6O\xf0\x7fI\
\xed\xeeL\xf8E\x04`i\x10\x90\x1b\x00\xc8\x03\x90\xea\
\x9f\xc5\xad\x7f\xca\x01\x14\xf6\xbf;\xb5\xbex\xca\xfa\xea\
\xa0\xa6\x1d\x00u\xfb\x95\xb9\xe8\x87o9\xcc\xfb\xa1:\
\x80\xe7i\x01 \xe8|A\xe9\xc7\xd0\xfcq\x10F*\
\xfe\xb71\x06H\xc5\xfeEc\xfa\x80\x00\x03\xec\xff\xf6\
b\x0d\xb3\x011\x1a\x14\xb3A\x96\xcc`\x90\xb1f\xa0\
\xd9\xc9\x82\xcf\x9d\xa3\xa6u^\x1d\xee\xcd\xb8>3\xd8\
\xd9\x13\x81\xae\xb3\xfc\xdf\xaa~P\x0a\xb0\x22\xd6\xc8-\
\xd47\xeb\xad\x91\xae\xb7\xf6\x0a\xea\xf7\xcdz:\xf1#\
OZ\xa0gk\xfd\x8bG\x7f\x9d&\x04\xf8\xcd\x90\xd1\
?6v\x01\xbe/\x0b\x00\xa0\xe5\xc7\xa2\xb1\xdf\xc2'\
\xad\x1f-\xf3\xad\x15\xff`\xca\xc5G?OJ=\xfc\
r\x7fHJ\xff\xd2\xa8|\xf1\x9eO\x01@\xe4Ux\
\xe6/\xbb\x80\x10m?@\xfd\x8b\xb6z\xb0\xf6\x0f\xf4\
\xff\x18\x06\x94H\xfe)\xf2\x0f\xcd\xf6\xcf\x91\x80r\x00\
\xf3I\xa3\x97t7\xba \x02A\x14\x14\xa3\xc1>K\
\x99\x00\x7f\xfe\xed\xacy\x00Y\x04\x90\xad)A@\xda\
\xf2\xeb\xdb\xda\xa2?I\xc5\xfe\xd6\xd2\xdd~s$\xfc\
\x99'\x83\xa7c\xd3\xee?\x89\xec\x9fsw\x1a\x1c\xf0\
\xfe\x81\x83Z\xbf@\x87_\x89F\xf9\xb1\xf2\xb7\x8a\x00\
\x08\x0d@*\xe0\xeba?Z\xf5\xc7a\x1ep\xc1/\
\xdc\x9c\x98\x04\xfc\xf8\x8b\x1a9\x80\xb2\xa6\xfc\xea!\x9f\
4\xf1\x93\xf5\xff\xbc\x08\x9c\x7f\x95\x1d\xd0\xa8\xbf\x88=\
@\x8a\x00J\xd6\xfd\x09\x00\x04`\xbf\xc73H\xb7\x7f\
|S\x0e\xa0\x8d\xe9\xa0H\x02\xe6Q\x0c0\xc3A_\
\xaa\x17 s\x00\xd9\x9ae\x04\x00.\xe0\xf62k\x02\
\xad\xc6\xdb\xcc\xee\xeb\x8ct}\x0d\x06\x80S\xd54)\
\xa8\x8a\xb5\xf8\x1cU\xdf\xf1u\xb5\xfe\xc3\xa8&o\xb6\
\xe8\xad\xad\x93ey\xfd\xd3?\x87\xf0\x00\x0ef\xf8)\
7\xc0\x9a\x7f\x16R\x80\x92\x0f\x07\xc0\x06O\xbb\xbe\x03\
\xec_j\x16\xa0\xb3 \xe5\xc7\xbb\x0f\x8e\xc7\xfe\xa3\x83\
\x137\xb9\x7f\x18\xf0\xc0\xaf\x1c\xc7\xf8\xb92U\xfd)\
\xf8\xf7@\x04r%\x22\x80\x8atCI\x9d~!\xf6\
\xfd \xd0\xb2\x7f\xdc\xf1\x034  \xec\x0f\xdb~`\
/\xf2g`{\x8bX\xc0\x00\xba\xfd\xdeF\xb2\x81\xd1\
\x80K\xfd\xa5\xdb3\xed\x05\x98\x96Q7\x85\x08\xffk\
z}f\xb0\xb3^-\xee\xf3_\xae\xaf\x09enq\
3F\x0a\xb0\xa9E\xfd\x00\xe2\x83\xe1\x9f\xaf6c\xee\
\x06l\xea\xa8\xa0)\xf6\xe2\xbd\xb1l\x7f\xcf\xe8|j\
\x0c`\xef\xf8\xa4\x8fjs\x1a\x1cp\xeb\xe1\xbf\x9dR\
I\xfa\x16\x87\xfc\x88\x00|M\xf8)q\xef\xbf\xa5\x87\
}Zf\xffG\xf4\xef,\x14\x0a\xe5\xfdI\xd1\x86'\
\xbbwA\xfe\xf7r\xd4\xed\x0b\x9d/l\xf5L\xfbA\
\x22\x00\x19p\x9c\xc9\x81\xf6\x1f\x8d\x1c@H$\xc0T\
\xf7\x13e\x00\x98;\xc2\x7f\x9b\xab\x00\x01H\xc0jy\
\x8b\xb9\x1a\xca\x80\xeb\xbdd\x1ez@\x1b\xbd\x8d\xee\xa7\
\xefg\x9a\x80Y\x04\xf0:\xadm\x0bJ\x7f\xcbb\x99\
\xa6}\xaf\xa2\x9b/\x1e\x09\xfdR\xf5\x0f\xdf\xd7v\xc7\
\x90\xc1U(\x05\xb3\xae\x9f\xb5wv\x04\xb0g\xce\x95\
\xc4\xbe/\x97\x00\x00 \x00IDAT'/\xceS\
\x08\xc0\x91\xbe^\x0e\x8d\xfcU\xd6\xce\xef#\xc3\xa7\xc2\
\x9f\xa0p\xc0_(HGNN\x02\xfej\xbf\x88Q\
\xbf\x1e\xd3\xfc\xf0\x0c\xb9\xf2\x87X@\xf9\x85\x1cu\x01\
\x87Z\xec\x9b\xe3\x7fp~R\xca?\xf1\x80\xc2\x10\xd1\
\xbf\xa7\x8c\x9d\xca~\x84\xfc\xa9\x10\x00\xc6\xaf\x5c@\x8e\
@\xc0n\xa3\x81\xe8?Yo\xf7\xd6o\xbf<\x0f`\
\xce\xe8\xe5\xcd1VF\x8f\x13\x1f\xe6\xe0\xff\xfc\xd9\x9b\
{}f\xb0\xb3O\x01V\x10\x00@\x120\x85\xfd[\
f\x0c\xa8\x99\xf0c(\xff\xf5\xb1\xa4`J\xa9\xbf\xe5\
\xe1\xdf\xa6*\x04H\xf0}Jz\xb3\xa7A\x1f\x18\xf5\
#8\xd7\xa7\x89\x1f\x84\x01P\x13\x80Z~\xb1\xe8\xfb\
\xd2r\x8f\xbe\x99\xf4\x0e\x1f\x0f\xcb,\xee\xa7\xbb~h\
\xc0\x97\xca\xf8!\xf8\x0b\xb1\xff\x1c\x9a\x7fa\xff\xbc\xe1\
G\x5c\x00$\xb1\x1f\xea\x04p\xa9\x19\x18a\xbf\xda\xf0\
\x95\x07`\xd8O=\xe1\x0d`\xfcX\xb5\x9d\xf9\xfe\xba\
2\xfe\xf6:\xd3\x00.\xfd\xe5\xa3\xf7\xc7\xe7\x83g\x11\
@\x16\x01\xbc\xfa2 4\x017\x97[d\xf0-\xad\
\x04H\xa5\xfe\xfaH\xe9\xa7\x9a7j\x80l\xfc\xd5\x09\
&\xfb\x1c?\xe7\xdf\xbc7\x85\x07\xf8\xc7\x90\xd3}_\
;\x00\x96\x01+I\xcb\xb4\xfdI\x87\x91\x7faI\x9a\
\xf3\xe1\xfb\xea@\xee?\x9e\x94\x02p\xeb\xa8\x86\x88_\
\xed\xf3\xdc\xf7Gj\xbf`\xfd\x96+nH}@\x9e\
\x07\xda\x1f\xec?\xe2p\x9f0@S\x01 \x05\x90(\
\xb0\x8bH\xf9\x17u\xe9\x8f\xf2\x00\xb5\xff\x1bh_9\
\x80v\x7f\xa3\x914\x92vc)i'\x8d\xf5\xbf\x7f\
tqT\x03\xbcv\xedO/\xe9\x00\xce\xa1\xd2\x9d\xe8\
\xaf\x9f\x9b;'\xd3~\xfd\xaf\xcf\x0cv\xf6\x11\xc0*\
\x89\x82\xc2\xb4\xeb\x22\xaeC\xff/&\xe3\xcfk\xeb\xaf\
wb\xe2\x01`\xce7\xfe\x0a\xea?\xd53\xb5\xfe\xab\
\xa7\x9e\xfb\x1f{W\xd7\xdb\xb6y\x85\x7f\x94rQ\x88\
\x10\xa0\x85xK\x10dB\xa0\xb4B\x81+G]\x88\
C\x0a\xa13Bd\x06\xb4`@\x10c\xf0W\xed\x1b\
\xc1Q\xa3\xa47\x1e\x0a\xcc\x97\x9b.\x85a\xebM\xac\
]\xd6@\xe3\xac\x06\xea\x0c\x88\xf3\x81,q\x12\x14[\
2\xac\xc5\xde\xe7\x9c\x97\xfat\x12JQ\x96\xa6%\xed\
\xe8\x83\x8a|w\xde\xf3\x9cs\x9e\xf3<\xd7\xbc\x07\x13\
@\x80]G\xf3\x09\x05$\x08@\xc6?\xc4>U\xfe\
\x17I\x13 D1\xe0\xdbt\xcf:\xdaK\x0b\x00\xee\
\xeeC\xd7GB\x07Z\xf6w\x1dV\xfb\x95\x00@\xb8\
\x22g\x93\xdb\xb7`\x91O\xca\xfa6\xef\xfd\xc4\x09\x04\
`\xdd?.\xfbU\xfa\x97\xaf+\x81\x1a\x00\xea\xfd\x03\
\xe0b\x1dr`u\xfa\xa9\xd2\x18\xf0\xc3\x1e\x00x\xfd\
\x03 C\x00\xd9\xf5\xfa\x08`y\x9eJ\x00\x19\xe3k\
\x9b\xc9^?\x87{\xa2\xf4\xdbU=\x80>5\xe88\
\x04\xf0\xb2{\xf0\xf3\x1d\xeb\x03\xbel`\x7f\xe9@\xa3\
\x9e\xdf\xe9\x81>@\x91\x8d~\x18\x050\xf3\xdf\xc6\x8f\
\x8f\x03\xc0\x16\xc2\xd9\xbf\x9f2\xfe\xbf\xfa\xef\x01\xe5x\
SD\xd8\x04\x8aX\xed\xd7#\x08  \xf9\x9b#\xb7\
\x0f\x85\xf9!\xfa\x89\xdf\x98\x1d\xbf\xa8(0cL\xfa\
\x82\xa8\x964\x00(\xf0e\xe8\xd3\x11\x90\xcc\xed\xd1\x04\
l7\x1a\xed\xba\xcc\xfeuy\x06\xac~\xf9\x9bS\xa7\
N%=\x80\xf3\xe7g\xaf\x07\x90\x1d\x00\xd95)\x02\
 \xdc\xbf\xa6,@\xe6\xfb\xd0\x1fw6\xc9\xfaoS\
\xad\x02\x5c87\xa5\xd1\x1f\xa9|>\xda\xbf30\x02\
|\xc5\xf3\xbd\xc3\x00<\x00\x8d\xdb\xff\xa4\xfeE-?\
\xca\xfeB\x91\x80\xc8\xfd\xd7\xc7.\x900d\x0dpy\
\xe5Y\xba\xbf\xff\xe0\xe9\x8d0b\xea\xaf\xc3\xea_$\
\x03\x00\xa9\xffX\xa2\x01\xd3\xb1m\x91t\xfb\xc1\xf8\x85\
\x0cp\xc4\x1c@\x05\xfe\xa1\xfc\xc7\xc4\x7f\x17\xc3\xbfJ\
@'\x00\xd7\xfe\x83\x08\xe0,\x8cA\x1b\x9d\xad\x8dz\
{uc\xb5\xde\x98\xd9.@a\x8a\xe7\xc2\x94\xdf\xfb\
\x01}?\x0b\xd8\xd9\x13\x81\xb0\xff\xa3-.\xc3\xebK\
[^\xfcD\xcb/\x92\x0e \x9b{\x92\xd6\xdf\xda<\
\x14\x80P'\xd0\xcaOq\xc0\xd7\xaf\x9ct\xfa\xfbn\
?c\x08@\xfe\x7f\xbf\xdc\xf5\xf3\xf9\xc3\xffL\xd0\x05\
\xf8\xe3eK\xa3\x03@\xc3\xfc\x0f{?\xe4\xf6YT\
;\x7f\xf4\x0a\xa7\x01\xd0\xbf!!\x80UrRs\x80\
\xee\xed\xc9lN\xc6\x1e\xc4\xfea\xecO/L\xb4\x05\
=\xd33c\xd1w\xfa\x0b\xc0\xf7G\x07 \xc2m\x97\
H\x80<\xfa\x8fP\xff\x93\xfa\x07\xfa\xff\x04\x06\x86\x02\
6<[\xfd\xf9F{K\x9e\x00\xa4\x09\x88\x12\xe0\xff\
\xc4\x03\xc8\x10@v\xa5%\x02\xed\x9c[Y\xebB\xf9\
oS+\xb3\xde?\x0d\xfcX\xdbo\x91\x94\x02\x17\x89\
\x1d4\x5c\xd3\xf7\xab\xfd\xf2+\xee\x1aVY\x83\xb6\xb7\
\xf1\xf5\x04\x12\xc1\xf7\xf6\x04\xb9\x7f\xf6&\x7f\xca\xf0G\
S\xda\x7f\xa0\xfd\x02\x08\xf8\xe8\x01\x1a\xb6o\x85\xb7~\
\xf70%\xcf\xe0\xbb\x03\x1e\x008\x82\x95\xff\x1dW\xc9\
\xfdz^\x94\x03\xef\xcf3c\x16\xf9\xe7\x94\x1f\x80\xfe\
k\x83\xf0\xcfU\x80\x09\xcd\x1f\x97N\x00\xa2\xfc\xd1\x08\
\x80\x06\x7f\x95\xca\xd0\x09\x10^Y]ml\xe1\xa7J\
\xaa\xc0\x1b\x7f\xf8\xed0\x0f\xe0\x17\xd3\x08\x82\xfc\x04u\
\x00\x92\xf7Y\xc0\xbe\x01*0\xcd\xf9\x91\xed)\xeaY\
\xf9gQ\xcbw\x17\xbb\xf9d\xe3\xaf\xbb\xb6C\xcf\xc7\
)\xfe\xbc\xf2\x1f\x8c\xbd\x96I\xed\xfb\xd6\xce\x04}\xc0\
K\xb7,\x19\xec\x8a\x00\x80\x86\x1f\x84?\xe8\x04\xe0)\
\x80\xe7\xcb;\xb2\x02\xb0m\xdf\x86\xa5O\xb8\x9fv\xcc\
\xf0\xaf}\x938\x7f\x9e\x9b\xe3\xb5\x7f\x07\x13\x7f\xc1\xfa\
\x1fB\x90\xd5\x9fH\xba\xfd\xc4\xf6e\x0d \x19\xffx\
\xcb\xd9>\xa80\xf3\x1f\x95\x80\xcb\xa8\x1f\xdc\x9fa\x08\
\x10\x9e]m\xb7\xaa\x9d\x93\x9d\x93-\x1c\x02j\x1b\xf0\
zo\x15`\x0aA\x10\x15\x0f\x9f\x8f\xa4\xc6\xcfG\xee\
\xfeH?\xcf\x02v\xf6\x08\x80\xd8\xff\x9f\x0d\xb2\xfe\xf3\
\x09\xf3\xbf\xa7\xfb\xdf\x9d|\xf0\xdfs\x06 u?~\
\xd6n\xdc\x1fo\xfd5_\xc8\x05pd]o\x9c\xf6\
!\xf5Mf\xbf\x90\xfd\xb0\x05\xa7\xff\xa2\xf0d\xf8K\
\xeco\xc0\xee\xafd\x95\xfc\x83\xef\x1e\xbeBpT\xbd\
\x7fvt\x99\x16\xff\x1d2\xf8f\xbf?\xb0\xfeH\xf0\
_D \xfe\xa1\xd0\xd7m\x93\xdb}\xdc\x02\xe4\xed\x7f\
R\x02$\xbd\xcf\x8a\xab3\xfd\x1f\xef\xd4\x01\xe0\x8e#\
\x80j\xab\xd1j\xc9\xf8o\xc8\x87D\x0f\xa0\xbf\x0dx\
\xf5\xc3\xac\x04\xc8J\x80\xb7\xdd\x03X\xd4v0\xe5\xdb\
\x84\xcf\x17\xeb\xfa\xb1B\xb0,\x0c\x08\x09l\xae\xbc^\
\xf67`\xf2\x9b'\xa5_\xff\xf9\x04\xd2 O%\x04\
0P\xfe\x0bM\xc6>\x09\xfe\xb0\xfa\xaf\x102\xe8\xe5\
\x01P\xf2\x8b2\xfb\xcb\xcfl\xabT\x0a\xf6R\xd6\x17\
\xcdowm\xd7u\xd0\x04 \xf9\x0fA\xbe\xbf<\x15\
$\xab?r\xfb\x8a\xd9\xefGg\xea\x9f\xbc\x15\x11\xfe\
\xc7\xda\x1f\xe9}R\xb2\x87\xf47\xa1\x7fS>\x98\xf2\
\x04\x18\x0e\xd7\x1a\x10@kc\xab\xda\x91\xa1\x0f\x22P\
\x95{\x00\x1f\xcdN\x0f\xe0\xb8\xa5\xd9I\x16q\xdf\xb5\
\xefg\x01\xfb\x06z\x00\x90\xfb\x83\xb8_\x91\x9e\x95\xf8\
\x1f_e\xf5\x1e\xb2\x7f\xc5\x11\xa9\xbf\xe2\xd8\x8dQ1\
@\xc3(\x93\xb1\x9f|i\x95\x0d\x0b\xc2\x81\x87\xb7\x87\
\xf2r\xf3e\x09\xfbq\xe0`\xe7\xcfG\xdf\x8f,\xff\
l\xa5\xfcax\x96\x10\xa1gYp\xfa.\x1ad\xeb\
\xe7\xef\xde>\xe6O6\xc7U\x01\x9b\xf7\xbe\xd6=\xa6\
\xfcy9r\xfc \xbfo\xe2\xfdE6\x00\xbf\x1e\xf0\
\x8a\xaf\xea\xf7\xb3\xdf\x87\x19D\xb2\x000\xdd\x0a\xe3|\
\xb4\xff+\xc4\xfa\xa7\xde\x9f^3#sX\xc3\xbfV\
\xfbx\x01L\xc0\xb6,\x02$\xf8\x87=Hgk\xac\
\x07\xf0\xcbc\xf4\xff?~\xf1\xbd\x81\x03\xa00a\xee\
\x9ct?\xff\x87\xf9\xfd,`g\x8e\x00\x96\xbf \x80\
\xdf\x955\xff\xfc\x8aV\x86\x09\xf8\xb2\xea\xe8\x13:\xb8\
\xc0\x1e\x00\xbd\x0e\x7fw\xb0\xe3\xdf\x1dy?\xf4\xb9a\
\x19~\x19>\xbf\xcb\xcb2\xfe\xf1\xb9\x9f\x7f\xb4{\x97\
BQm\xe65\x87\x83t\xf8\x83\xf7.\xdd\xa2\xfe\x9f\
&\x0b\x00\xda\xfb\xa3C\x00\xf1\xefy\x06\xd1\x7f\xe4[\
\xdb\x08\xc9\xd7\xfbh\xef\xce1\x7f\xb89\xf6\x87\xdf{\
\xf8\xc9\xb6c:\xc2\xa4\xa5\x1fr\xfc\x84\x11@\x0ej\
\x9fL\xf1\x85\xc6/\x92\xbd\x1e)\xd2\xbf\x1eSK\xc0\
\x8cx\xec\x07\xde\x8fZ\xf8\x8dt\xb5\xf5\xe7\xe6j\xa6\
94\xb7\xafl\xd7P\x02\xac\xaf\xd6\xeb[';\xad\
\x8b[\x17[\xac\x0a<\xb2\x0b0\x05\x0f\xa0\xd0\x8b\x87\
\xc2\x89\xe1\x97\x85\x91\x8f~|\x9fg\x01\xfb&\x10\xc0\
\x80\xce\x8f\x22\xfa\x0c\xc9\xffL;\xfb\xb7\x12\x0e\x80\xa5\
\xba\x00\xa8\x03\x9c\x0b\xe9\x8b\x80\xc7{=\xde\x8f\xcdD\
 !!\xbf\x04\xfc\x16\xd3\x01q\x00\x18F\xc9\x81\xaf\
\xdfnZ\xf7\x81\xfb\xfbADk~\x1e\xdc~L!\
bR\x05\xe7\x81\x1f\xd3\xfdE\x14\xb0\xf2\x0fg\x7f\x22\
\x01\xc7\xe8\xfdq\xdc\xbb.\xb5\x01\xd5\xe0\x8fz\x01\x95\
Q\xac\xbeP\xe3\x1e\xc0_ \x07\xd4\xe8@\x12\x98\x94\
\xc1Fy\x00S7\x01\xb3\x1e@v\xcd\xa8\x07\xa0\xc4\
~\x93\xb5\x1f\xca\xdeX\xff\xf9lm`\xeb\xe7\xb8\x1d\
\xff\xf2K\xee'\xde\x1e\xd4\x00Pg\x00\x8e\x01C\xbb\
\xf1\xef\xf4]\x80\xdb\x07\x16\xcd\xfd\xa9\xf3g\xe0\x18\x00\
\xe7\xaf\x18\xca\xf0\x0f\xe5\xfd\xb0$\xc3?\x0ca\xebs\
\xf3y\xcae\xc3\xc7\xb7n\x0a\xc1n\x7f\x9e\x9b\x13\xc2\
3\x85\x04\x00\xa6\xeb\xf5\xfc}E,\x11\x80II\xdf\
5M\xa5\xfdk\xb2\xde\x1fI\xfdU*\xc4\xf6S;\
\xffn\x85\x98\x7f\xc7\x5c\x12\x03\x84\xeb\x8d\xba:\x01H\
\x14xc\xd8\x17`6\x82 \x85\xd4\x88\xba\xf0\xe2\xbb\
\xef\xc8\xf7\xb3\x80\x9d\xf5\xf5\x05k|&9\x9fg\xff\
}\xca/K\x81\x1e\xaf\xf4\xf7\xc2{e\x98\xfa\xd0\x19\
\xa0N\x01\x0b\xe7\x80\x85\xf87\xf2\xd7\x9e\xa7\xde\x0bn\
\xde9t\xa8\xf5\xa7\xe1\x08\xc0\x14\x80Z~\x94\xfe\x0d\
\xf9\xca2J\xa5\xb0\x18\x86Vh\xef\xa6U\x1c\xfa\xf3\
\x81k*\x01 W\xc8B \x86\xda\x7f\xe4\xa1\xf5G\
N\xbfq\xac#\xdcQ\x08\x80\xf3\xc3\xa0\xc0\x14\xb4\xe5\
Oj\xff\xdc\x00\xa4\xf1?\xd6\x00*L\x00\x1e\xba\x96\
(\xfc\xe5\xcd9\xf3J\xb5\x0eW\xf0-\xd6\x04\xedl\
\x0c9\x03\xa1\x09\x98!\x80\x0c\x01\xbcm\x04\xa0\xb4~\
9\xfdw\xb9\xee\xef\x9f\x08\xd3 \x00_f~\xf8\xfb\
\xe6{\xa7\x00PE\x1e\xb3\x00\xdf\x9a\xc0*\xac\xf9d\
\xd7\x02\x01\xc0\xd7H\x01\x14\x8c\x7f\x22\xfe\x81\xfd\xc3\xbd\
\xff04\x80\x00.\xaf<H\xbb\x04\x14$\xb6_\x90\
\xfb\x07\x15\x18\x9e\xdf\xa6\xf2\xf9\x8ec;\x8eX\xe7\xdf\
\x96\xe7@@\xb2\x1fqDf_D\xf8\x09h\xf7\x97\
.\xa6\xfe\xbac\xf9\x9f\xc2\x7f!W\xd3s\x0bz@\
=\x80F\xa7J\xf8\xbfU\xdd\x18\xf4\x06\xfc\xe8\xca\x95\
_O5\x06,\x8ce\xd4\xc2\xf1\x89\xb6\xf0\x8al\xfb\
\xee}?\x0b\xd8Y_;\xa3=\x80\xb5\x1d\xf5b\x87\
\xf6\xfe\xa6\xe1\xfd[I\xe8\x1b\x86\xdf{\x09\xad\x7f\x0b\
\xcc^\xe70\xfd^\xf0c\xe7\x1a\x09\xfe\xcaB@V\
\xfb4\xf1+\x0a\xcf\x93\x0f\xbe\xb0JV)\x94\x18\xc0\
2B7\xa5\x1bx\xf3\xab\xa3[\x9e\x1b99\xd8\x7f\
\xb82\xf7\xe7\x1c/\xe7\xc1\xeb\xc7\xd6\xd5\xe2\x8f\x88c\
\x22\x01R\xdd\xcfd\xa0H\x06=\x0b\xfd\xa1\xde\x0fh\
\x0c\xc0\x1c\x00\x1c\x05#\xf9\x7f;\x99\x00\xe6\xe6\xe4\x07\
\xb5\xf5?A\x0d\xa4\xb1\xd5i\x919`\xe7\xafW\xfb\
\x0d\x00\x8c\x01\xdf\xcfx\x00\x19\x02x\xab\xd79M\xc9\
}\xac\xcckJ\xfac\x91\x9b\x01k\x83\x0d\xc0\xb4\x08\
\x80x\xbf\xc0\xfa\x04\x00\xb0\x02\x84\xd7\xf2>\xd6\x01\xd9\
\xe4\xd3\xb8\xfc\xb7\xf4|\xc0'\x07\x16[\xfe\x0af\xfd\
\xf9\xbeD\x02\x96e\xd9\xc5P\x86\x7f\x89&\x00%\xef\
\xe0\xf7)\xff\xe2S\xa2\x00\xd0\xd8\xdf\xcd\x09'\x87\xe5\
\x7f\xa1\xb6}M\x1e\xfac\xd6O~\x7f1Z\x02\xba\
\xfc\x05\xe1\x1f\x91\x8f'\xd6\xfe\xac\xb0\xf4\x9f^\x19k\
\xfe\xe5j\xea\x14X\x90\x1f/\xcd\x99\xeb\x17\xdb\xed\xd5\
V\xbbS\xed4 \x0c\xb6\xf1\xe5\xd5\xd7\xdd\x05xI\
\xb1\x5c\x18[\xa0\x1f\xfb\xb8Px\xb7\xbf\x9f\x05\xec\xac\
\xaf\xbe\xfe\xffr\xd2\x03 =\x80\xe1\xe8\xc7\xcf\xa8\xfa\
W\xb1[\x1eS\xffB\xae/\xab\xb6?\x9f\x012\xf7\
\xcb\xe8\x97\xe9?\xcf>\x7f\xf2\xf2\xd9*\xac?\x9e\x1b\
\x9a\x076G!\x00\x09\x7f\x82\xf0/\xd3\xbeU\xb2}\
ax\xa1\xe5\xa3\xf3G\x00@\x1e\x02\xce7w_@\
-\xe8\xddj\x92(\xe8?o\x1c9l\xf6+\xe0\xfd\
\xe1\x0a\x07R\xff\xc2V\xa3~\x1a\x02\xea\xec\xfa\xcdf\
\x1f2\xfd+\x9f\x9f\x80\xa4~\xa8\xff\x0f\x09\x00]m\
\xfd\x1e\x83\xfe\x97\xe8\x14\xd8\xcem\x9f\xd1\x17\x82\xb3\x90\
\x04\x96\x99_\x96\x01 \x02\x82\x0a\xfc\xc1\xc0\xcf,\x9a\
\x80\x85\xd7\x9c\xbb\xbfS\xdf\xcf\x02v\xd6\x17c\xffy\
J\xf7\xc4\x03`\xe7\xaf\xb4\xdd\xfe\x91\xfb~\x99[~\
h\xf7i8\x04\xe8\xff\x11\x02\x00\xfe\xcf\x9f&\x10\x10\
|\x7fg\x02\x08 \x04\xa9\xfd\xd9a\xd1\xb0\xe1\x0ah\
\x17-\x0b\x83?\x8a\xff\x10\xa3\x80\x14B\x80\xcd&D\
\x81\xff~\xe0@\xf8K^1-\x01\xc9\xf0\x8fY\xef\
\xdb\xeei\xfd\xc5Q\xc0: \xb1\xda\x04\x0c\xb8\xf9\x8f\
\xfcO\x04 \xca\xfc\xbd\xad\xdf\x819\xfdvR\x02\xe8\
2\xfa\xf5\xa5m\xfd\x8c>\xb7\x0eU\xf0\x8d:h@\
\x10\x05\xdd\x18\xe5\x01d\xbe\x00Y\x09\xf0v/\x96\x01\
[K\x04?\x95\xf9\xc7\x94K\xffV2\xfd\xc7\x19@\
\xe1O-\xc0e<!\xf2}-\x0f}_\xff\xf0\xdb\
\xf4]\x80GG`\xfc\x81\x08\xe0\x19\xa4\xff\xe1\xfb\xa0\
\xfe\xa3\x01\x80.\x80|\x11\xec\xa7T\x02\xbe\xffM\x10\
9\xbc\x00\x8cI\xa0\x80\xdd\x87M<_S\xa9}\xc9\
\xa0\x8fu\xe0~\x93Y\xff$\xf3\x15Dj\xe8\x87\x22\
\x80\x86~\x95q\xec?W\xcb\xcd\xe5js\xf2\x81\x8a\
\xff\x05\xbdV\xab\xcd\xd5\x80\x00:\xedF\xbb^\xc7:\
0\xf5\x00\xce\x0f\xd9\x83\xff*\xeb\x01d\x07\xc0\xdbF\
\x00\x9bZ_\xed\x0f\xca_\xe5\x09\xe6\xfd\xe5\x91\xb5\x1f\
 ~\xa6\xfe\xfbI\x0f@\x96\xec\x12\xf6\xc3\xedW\xe3\
\xed\xfeb\xd19L\xbf\x17\xfcd\x97z\xfe\xbe\x8dB\
\xc06\xfc\x90\xa3^\xe6\x7f\x8b\x0e\x00K\x1c\xa4<N\
\x9e}\x7f\xd9\x16\x90\xfd\xc0\x04\xd0\xf5z[?&3\
\x00Y\xea_\x15\x03\xf46\x0aX\xe4\x8b\x18\x80\x81R\
\xfbB\xe2\x1f]\xfb'\xe6/\x1et\xa4\xff\x9a\xbe\xb0\
P\xd3kK\xfa\x99\x9a\xb9^\xad\xd7\xb7\xaa\xf5V\xbd\
%\xf1\xbf\xc4\x02[W\x7fv\xfd\xca\x805\xd8\xfb\xd3\
\xf4\x00\xd4oA\xfd\x9e\x18\xfcUh\xb9\xf7_N\x8c\
\xfe\xbe\xdb\xdf\xcf\x02v\xd6W_\x0bX\xfb\x14\xfe`\
\xac\x02\xf0*\xa5\xbf\xfc\xf8=\x9f;}e\xd4\xfc\x08\
{\x00\x00\x03D\xe025\x14\xfc\xbc\x06\xcb_H}\
\x16\x8b\xe2\xf0\x1f\xa9\xfb\x80\xcf\xbe\xbfI\xa2\x9f4\x06\
\xe4\xdc\x1fr\x01`\xd1\x14\x80I\xc0\xe9:\x80a$\
r\x98\x02\xb8\xb2\xfa\x8f\x92\xd1\x9f\x8bM_\x96\xfe2\
i\xff\x0f\x1f\x044\xf7\x0f\x14\xe3g\xd0\xf1\x0b\x95\xff\
8\x02\x98Sg\xc0RNF\xbe|\x5c\xd0\x97r\xb5\
3\xb5`\xbd\xdai\xb7!\x07X\x87&\x18z\x00\x1f\
\x5c\xbf\xfeZ\x08\xe0\xa7\xa9\x03\xf0?\xf6\xae\xe7\xb5\x8d\
\xfc\x8a\xffQ\xcea\xd1 \x10\xfe2\x1d\xb43+\xd7\
\xccH\x16\x13fe\x16\x89I\x18\x96\x82\x0eSB\x08\
\xe3K\x91Q\x1aSpk7J\x0eE\xa7\xd5\xa9P\
\x1f}\xd8[Vg\x17\xe2\xd4\x86\xda\xbb\xa5\xd9\x86m\
pR\x9atSB\xe9\xfb\xbc\xf7\x1d\xd9\xb2e{\xe2\
\x1fM\x9c\xce8\x19Y\x13&\xb7\xf7\xbe\x9f\xf7\xde\xe7\
}>y\x0f\xe0\xf2\x12\x00\xe2\xf37w\xe9\xe3\xeeo\
\xf7\xb7\xfe\xb2)\xfd\xee?\x07\xdc\xc7\xe2O\x9d \x00\
z~\x05=\x04\xa0\x1f\xc3\xf6u\x06\x80\xdd\xa7\x88|\
\xceld\xe7\x03>\xdb\xc0\xfa\x9f\xe9[X\xff\xb5\x01\
\x00\xd0\xff\xb7\xd3\xf8od\xe5\x15\xfcm{e\x8e\xa1\
?\xef\xfe\xb6\xe4\xd0o;\x92\x00\x1c\x91\xfetD\xf7\
S\x05\x82\xf7\xdd\xd4\xecWC\x80\x14\x01\x1c\xa5\xfc\x11\
\xfc\xa7\x8b>\x94\x17E\xf1\x14r@'R\xb52x\
\x00\xeb]\x18\x847)\x03\xf4\xa6\x0f\xf7\x00\xceW\x02\
\xbc\xebB\xcdQ\x15\xde\xab\xf6~\x1e\xb0\x97\x91\x00~\
\x86\x04\xa0\xfb\xfe\xc3c\xea\xfb\xe1I\xdfG\xfd~\xcb\
\x1ar\xec\xdb\x1a\x00\x14\x10\xff\x1a`Tl\xf6\xf7\x84\
\xc3\xaf\xe1\xbfC\x1f\xf0\xc7\xbd=\xdb\xa6:\xa2\x8a\x99\
\xbft\xffx\xf8\x87\x0c@7\x95\x8dY\xb8\xfa\xfc\xee\
\x0e\xdb~\xb0\xf8G\xcb\xd1\xf1\xce\xf3?T\xfem9\
\xfd\xd9\x05D\xb9\xd8\xf8\xc1M\x89\xe3\xa7\x12\xd6\x8f\x1a\
A\x80\xb1\xa0Ti\x0d\xa0\x94G\x05@\x14u\xa2X\
\xc5\xca\x0b\xb9\x04X_\xbf%=\xc0f\xbf\xbf\xb6t\
a\x9a\x80y\x0f \xbf.\xa8\x09\xa8\x15\xff\x7fad\
U\xfa=\xfc<\x1d\xf9\xd7\xf9\xeeK\x07P\xb2\x80o\
\xc8\xf8\x8f\xbd>\xb5\xa97\xd2\x80o\xf1\xb9}\xc4\xc0\
o\x7f&x\xe0\xf7g\x1b\x8eo\xfaU9\xfd\xa5\x03\
\xc0\xc7?\x13\x81\x1ch\x8c\x9c\xfc\xbe\x06\x12\x8f\xe7\xd9\
\xf2\xaf\x05\xb9\xef4\xf8\x9dvK\x0a\x00\x19\x04\xe8\x84\
\x00\xde\x0f\x1b\xfd\xe9\x8d?\x99\xff\x0b\xeb\xef0\x02\xf0\
\x14'\x00T\xff\x9e\xaay\x8ap?\xa0\x00\x1d\xff\x91\
R\x94\x00\xaeO\xaf\xc1\x1a\xa8\x07[\x00\xbd\x0ct\x10\
\x01\xe4D\xa0<\x01\xbc\xef&\xa0H\xfeH\xed?^\
\xd9OR\xfa+\x1cy\xa6{\x7f\xb8l\xdd\x05\x00\xed\
\x1f\xbd\x00Cs\x7f|\xdc\xd8\xeb\xb7\xc2Y\x80\xbe\xcf\
\xec\xfd}\xcc\x1e\xf4\x93\xe3\xd5|^\xfc'\xa8R\xf5\
\x8f\x89\x1fG\xbf\x8d\xf3\x9f\x1b\x81\x0dknw\xef\xf9\
i\xef\x8b\x17\xf8\xe6\x13\x87\xa0\xff\x8c\xcb\xbc\x1f\xf6\xf7\
\xe0\xc6?\x07~\xbb\xdd\x16\xf9?d\x86 p\xd9\xef\
\xb3\x95\xea\xfcc\x00\xf0\xa5l\xfd\xa9\xf2\x81h\xe4=\
}\x84?J\x00\xaa\xf9\x09\xfcS\xf8\xab(\x8e:\x5c\
\x10\xd4TM\xddo\xde\xeau!\x0a\xda\xec.\xf5\x17\
\xfa\xcd\xef\x1e\x8c\xeb\x01L*\x01\xbe<\xfe\x99\xf4\x00\
\xb4U\x96\xfe\xfc\xbf\xfa\x9e\x07\xec%\x8c\x01Q\xfe\x1b\
\xc3\xa3\xa7}\xbdp\xba\xfe\x7f\x9dw|-\xdd\xff[\
\x5c\x04\x04\xa8\x0b( \xdc\xce\xf1_\xf1\x01\x02*\x02\
\xfd\xf9\xf8\xc7(\xd0\xde\xfd\x22s\x1f\xf0\xe5c_\xe0\
~#\x8d~\x19\x004\xac\xaa\xf9\x97\x8c\xbc\xe2\x7fn\
\x94M\xb3L\xb5\xbf\xe6\xfd\x07e\xb3\xcd\xab\x7f\xe2\xfc\
\xa1=\xff\x1cU.\x0b\xd8\x97\x01\xa0n\x01\xf2\xd2\xdf\
\xfc\x01\xbd\x7f\xfd\xd9IE\x80\x90\x1b:\x08zU\x8b\
j\x03\x15O\x0d:j0\x88k\xea^wym}\
\xfa\xd6\xda:\x8b\x02//}\xf5\xe0\xe6\xaf\x1f\xe9\xeb\
3,\x03\x9dU\x0f\xe0\x1d(7\x1f\xd3\xf7<`/\
\x9e\x0a|\x1bE\xc0\xdd\xe19\x04\xff0\xf7\x13\xd9_\
\xc1\xfexj\xa7]?]\xfd\xfbP\xf6\xa8\xf8|\xfc\
\x97,\xabb\x98\x99E\xbcW_m\x04L\xfa\x01\xec\
\x97\xe8\xafB\x04\x149`\xf7m\xc6%\xa0\xad\xc0)\
\xcf\x11\x04\xe0\x05\x7f\x8ew\xa1\xfc\xa7\x1a\x002\x07p\
\x02\x17^\xbf.\x13\xff\x04\xf13\xfaw\xb5\x06\xe0\x11\
\xd6o\x84\xcd\xffHy\x11\x8e\x7f\xba\xd5T4\xe0\x0e\
\xe0\xd4\xc0MB*\x01\xba\xd7Q\x00,\xf7\xd7\x96\xfb\
\x0b\xcb\xe8\x01\xdc\xfc\xfa\xfe\x81+\xef\x01\xe4%\xc0{\
\xa7\x02\xb3\x16\xe0\xf0\x0c\x9a\x7f\x14\xf8u\x0a\x7f\xee\x03\
\xa0\xf2\xe7\xd8\x97\x0e\x80\xa1\x87\xfe\x82\x01x\xa3\xb7D\
\xe7>{|\xc1\xf2\x93 \xc0^\xe3U\xe6A\xc0\xa6\
\xc3\x8b\xbf\xb6\xa8\xff \xfc\xb9\x05P\xcd\xca\x01\xfa\xf1\
\x97+3se\xd6\xfbu$\xe0\x03\x11\xfb\xd2\xc7\xbf\
)\x9f\xcc\xf7\x05\xe1/\x90\xc6?{~h\xab\xefC\
\xa3?\xaa\xf3\x07)\xf1\xcf\xa3j_E\x18\xff\xa9\x8e\
\xaa!\xfaU\xac:\x1d/\x0c\xbd{\xcd\xee\xad^o\
}}\xba\xbf\x8ee\xa0\xa5\xef\x1e\xdc\x1c#\x02\xe5=\
\x80<\x01\xbco\x04P/d\xf8\x19\x1e\xfd\x8e\xad\x9f\
:\xe1\xfd\xfa\x22X\xff\xa8\x00\xf8\x1b\x9e/\xdaF%\
m\xfdQ\xbdO\xe1\x8e,@G?P\x00\x0f\x02\x91\
\x01\xb2\x12x\x08\x02\xbcQv\x95r@\xd5\xd2E\x80\
\xfcT\x1b\x7f\xfd6k\x11\xd1 \xeco\xca)\xcf\xeb\
~-E%@\xbb\xdd\xd2\xfa\x9f<\x05P\xda\xec'\
`\xbd\x1f\xe9\x01L\x14\xfbE\x02\xf0F\x18`@\xc5\
~\x8c\xe6\x1f\x1d\xfb\x94\x03(\xf8\xe3\x81\x0akQH\
\x09\xe0F\xb7\xd9\x9bn\xf6(\xfc{\xfd\xe9\xf5\xe9\xf5\
\xaf\x1e\x9c\xd7\x17`\x14\x0b\x93\x85\xb3?\xf2\xefy\xc0\
^\xf4\xf5\x8dq\xd2)?<\xf9\xf4\xb7\x16\xf1\x979\
\x00\xb6\xd0\xfe\xea\x04\xff\x0d\xdb.\xf8\x5c\xef\x1bl\xea\
\x8b\xd0G\xf3\xcf\x97\x9b\xc5\xcd@\xca\x063\x1bO\xb3\
s\x01(\xeaK\x0d\x1e\x00\x80\x06$\xad\x80\xb9`;\
\x1b\xa3\xf0\xe9\xe6\x13\x93\x8fy>\xff\x83\xa0\x85b\x9f\
K\x80\xa0\xac\x9f\xb3\xdc\x87+S?V\xfbg\xd7/\
-\xf7??i\xeb\x871\x00\xfd\xc5\xde_M\x85\x11\
\x83\x005P\xb5Pu\xa6\xe2P%!J\x80\xe6u\
H\x02\x81\x07\xd0\x1c\xf9\x02\x9c\xcf\x19\xa8\xb8\xbfT\x7f\
p\xbb\xbe\x98\x92f\xc6\xff\xbd8\xf6\xbdx\xe8\xfb\x95\
{?\x0f\xd8\x8b\xbe\xce\xc8\xfb\xd7\x83\x7f\xcc\xfbY\xe8\
\xc3*\xa4\xc4\x7f\xb0\xfe\xedBZ\x02@\xcc\x83\x10\x00\
t\xfd\x80\x02\x90\x16(\x01\x08!\xc8\xdc\xf9\xf7\xeaX\
\xa7>\x1d\xdc\xad\xee\xeb\xf8\xea?\xaf6U\x95\x95?\
ld\x00=\x05\x98s\xd8\x0d\xfc\xf4\xf7\x7f\xf8\xd3\x8e\
\xdb\xd6\xed>\xfa\xa0\x0a\x1f\xd5\xbe,\xffsRh\x83\
\xfb\x83\x83^\xef\xfd\xa1\xf4\xd7z_\x93\xe2_\xf4\xfe\
\x22\x84\x7f<\x15S\xf4c\xec\x1fF1\x9a\x80!}\
M\x90\x00\x12J\x00at\xa3\xdb_fk\xb0\x05\x82\
\x00,\x09v\xf1<\x80\xe3\x9af\xc7}^\xe5\xf7\xf3\
\x80\xbd\xe8\xeb\xb6q\x06\xbd\x7f\x08\xfd\xf9\x84\xfd\x17y\
\xf5\xc7G\x07@j\x7fB\x06~\xa1\x82'\x8c\xfea\
\xe9\xc9\xa7\x7f\xc9\xb20\x00`6\x00\x9b\xfe\xb2\xdbW\
c\xa4\xe3\xb1:\xc9\xc6cuL\xca\xd3op\x05\x00\
\x0e\x80\x80\x80\xc6\xcc\xde\x08B\x9c\xfc\xfe\xeb-\xc2\xfb\
m\xfcQ&\x5c>\x02:\xf7\x95\x88\xff\xa1\x02\x00\x07\
\x80K~\x97W\xffX\xf7K:\x00\x1c\xfb\x87\x88\xff\
\x11\xa2~\xca\xf3D\xf7\x87\xcb}\xfa\x890\xf5\x8f:\
,\x03PK:n\x1c\x86I\xa7\xa3\xa2{\x0b\xdd~\
\x9f\xa5\x00\xfa\xac\x09\xc6z\x00\xfb\xfb@\xe7\x5c\x07.\
\x9e\xc2\xac\xfb\xf8\xfe=\x0f\xd8\xcbF\x00\xc7\xab\xff\xd5\
\x87#\xde\x9fe\xe9\xed\xbfz*\xfe\xa9\x89\xbf6\xef\
\xfdA\xfc\xc7\xc7\xc5\x93?\xc0\x00\xa4\x01\x8b\xb1\xbfi\
\x89\xbb'\xba\x82\xce\xee\x9b\xac5\xc0\xf3\xb7\xbb\x0d.\
\x01d\x00\x80k\xa6\xb1\xf12[\x07\xf0\x8f+z\xe0\
\xc7\x86_m'\x08\xb4\xd8??\x0bZ-\xc2\xfc\xb8\
\x09\xd7\xd7e\xba\x1fs\x80'!\x80A4*\x03\x98\
\xf4\x0f\x04P#\x00\xd0\x89\xbc\xc8C\x1f0\xf6\xc2N\
\xdc\x09\xe9\xeev<B\x00\xcd\x85~\x9f\x01\xc0B\xbf\
\xd7\xfc\xc3\x1dB\xfe\x07\x96\x81\xce\xae\x0a|\xea\xf0\xac\
\x98\xed\x9c\xbdZ\xef\xe7\x01{\xd1W\xfd8U\xdfc\
\x9f\xc9\xaa\xaf,\xff\xfau\xd9\xfa\xb1e\x13\x98p\xbf\
\xcd7i\xff\x95\xb4\xbb/\x06\xffL\x01\xa8\x08\x00\xe0\
u\x00\xd3tJ\xc6\xce\xcb\xac\x19\xe0\xf5c\x87\x10\x00\
{\x80\x00\xfd\xe3Z\xd9\xcd\xd6Cx\xb9U6Q\xf2\
\x07z\xd8/\xbc\x1fv\xfd\x84\xfc\x0f$>\x84\xf9\xc7\
<_W\xe8?J\xa5\x08`\x5c\xee[\xe2\xd0\xa3?\
j\x8a\x0a\xfeX\xe0?\xee\xe8\xff)\x8a\xff\xe4\xa7\x04\
\xffU\x92`\x10\x10\xddX\xb8\xd5\xef\xafM\xafM\xf7\
{\xf0\x06\x91\x1e\xc0\xef?\x1b\x99\x03~~IS\x80\
\xe29\xbb\xed\x1f\xea\xfby\xc0\xfe\x0f\x12\xc0)b\xff\
\x1c\xfe\x96\xb0\xfd\x0a|\xda[Z\xff\x1b=\xbf\x82Q\
\xf0\xa9\x06\xa0x\xd7\x00\x80>}\xc3\x02\xfd\xc7\xe0\x16\
@I\xa4\xfeM\x96\xf9}\xb8\xfd\x22\xe3 \xe0\xf9\xe6\
\xc3\x19\xa6\xfe\xd0\xf9/\xbe~\x8d\xadlJ\xc0\xdfo\
\xab\xb2\xe2Po\xcb\x18 \x00\xf7\x1fv\x7f\xc8\x08\x81\
^\xf6\xc3\xb4?\xdd\xfb\xc5\xf0\xcf\xe5\xde\xff$\xc5/\
\x0f\x10 V\x91\xa7\xd0\xff\xeb\xa0\x05\x00\xce\x9f\xc2\xfa\
O\x8c\xd1\x9f\x17&\xea'\x1e!\x83\xc4S\xf7\x08\xfe\
w{\xec\x0b\xd0\xd4\x8a@\xef\xd3\x17\xe0\xca\xe7\x85<\
`/7\x01\x0c'!\x80\xe1p\xf4l\xa8\xc3\x1f\xbf\
\xc2\xed\xc7\xe6\x85?\x1b\xda\x9fB\xfaA\xecW\xb0\xfd\
\xef\x97\xb8\xd8G\x020\x08\xf7W\x18\x06T\x0c\x8b}\
\xbe\x91\x03p3\x9c\xddo3\x0f\x02\x1e7\xb0\x0e\xd4\
\xa86t\x02X\xd9\xcb\xc4#\xf8\xe1\xf6\x06\x1f\xf7m\
4\xfc\x99\xf8\xdb\x12\xf6O[\x9f\xfe\x07\x96}\x09\xf3\
\xeb\x16\xe0\xfc\xfc\xa4\xf0\xef\xb0\xdcwD\x00\x80\x0e\x7f\
\x15\xd60\xf4\x8f1\x03\xa8E\x1c\xffI2\x1b&^\
\x12*\xca\x02q\x1c'^|\xa3y}\xa9\xd7]\xe2\
.@s\xc2.\xc0\xb9\x11@\xf1\x9c\xf1w\xc5\xde\xcf\
\x03\xf6\xb2\x11\xc0\x09=\x00\xde\xee\x91\xf0g\xa5\x7f\xde\
\xfd\xe7\xea\x1f\xfb\x04\xb6\x16\xfc+ \xd2Q\xff\x83\xfd\
W\xd1\x12 \x96.\x01\xd8\xe7\x1b6_\x94\x1b \xf2\
c\xcd\xfc9+\x1f\xf0\xf9\x9b\x87T\xfb\xcf\x8d.7\
\xa3\x1b\xf8\xebm)\xf9!\xf5\x09\x22\x104?\xdb\x9c\
\x0a\x9c@\xd4~\x82\xfd,\x10\xb8\xa3\xad\xdf\xc3\x9a\x1f\
\xd1\xbe\xde/N{\xc5\x13?5@#@\xd5j\x10\
\x00\x8ag\xa3\xc4\x0b=\xc2\xfeq\xe8}\x9a\xa8p\x96\
\x11@o\xba\xd7\xa5\xe0\x87&`\xff\x88&\xe0\x99\x04\
A\x0e\xd6\xc8\xc5\xe2\xb5\xe2\xa4=\xfa\xe2\xb5C{\xf5\
\xd7&\xef\xd9_\xb1\xf7\xf3\x80\xbd\xe4\x04p\xa2\xdb\x8f\
`}\xad\xf3ci.\x00\xcf\xfe\xb8\xe8\xc7\xe1/\xa3\
?`}?\x1d\xfb1\x18\x90\x12\x00\xf6>\x10\xf8E\
\x0d`@\xe5\xb3d\x05oO\xf5\x0a_M\xb9\x00N\
u?\xfe\xab+_\xacf\xf0\x02\xff\xe4\xe9\x9b\x15\xbd\
\xf0\xc3\xe2?p\xfb\x08\xca\xb2\xf9\xa3@\xfc\xe5]\x9f\
\x80\xc5\xbfZ\xc2\xfa\x9f\x17\x19\x90\xc3\x00@E\x1a\x03\
x\x14\xec\x14\xf7\xcc\xf9\x09\xc1\xf8\x07\xfe\x97)`\x12\
{\xb3\x89$\x00\x8fr\xc1\xa7Q|\xafy}m\x1d\
,\x80\x1e\xe2_J\x80\x8bs\x07.\x9ev\xde\x16\xcf\
\x83\xc8?\xc4\xf7\xf3\x80}_=\x008}\x16lA\
\x00\x86\xf4\xfc\xfc\x91\x01\x98\xafW~\xf9\xbcG\x02\xd0\
\xb1_1\x08\xee\xfb\x22\x03@\x87\xbe/\xf0\x9f\x93\x00\
P\x80a\x9a\x8e\xb9\xf5\xf2\x84\xd8\x1f\x87\x00j\xff\xf8\
\x9fS\x9b\xdf\x9f\x16\xfb\xe2.\xb61\xe5\x88\xdc\x8f\xa9\
\xad~\xca\x9a\xfd\xefP\xd0k\xdd\x0f\xf4\xfd\xe6\xb9\xf8\
\x9fR\xb2\xf7{X\xf5\x83\xcf\x7f\x18\xfe\x11\xf4\xaf\x81\
\xf4\xcf\x98\x1f\xd5\xbf\x8aP\x0b\x84t\xc5\x09]\x9e\x97\
&\x80\xd0\xab\xcd2\x02X\x86$p\xaf\x0fy\xe05\
X\x83\x1d\x18\x02\xdc\xff<\xa7\x02\xe7T\xe0\x0f\x1d\x01\
\xf0\xb3EC\xd3\x7f,\xdd\x07\xb4\xec\xfa\x10\x1a\xe06\
e\x06\x16\xfc\xf0\x85\xf7\xcf\x09\xa0\xe0\x9b\x86o\x95x\
\xdc\xaf\x07\x02\x18\xfc[\xba\x01X\x12\xc7?\x98{\xfa\
3\x9b/\xb2\xd3\x01\xa5\xfa\x87\xaa\xe7F6\x1e\xf1\xbf\
\xb6\x9e\x94S\xb1\x1fG\xc4?\xb5\xed'\x95\x02L\xfb\
w\xc5\xdf+\xe0\x8d\xffc4?;\xcc\xf8\xd7\xd4\xff\
\x0e'\x80\x1aC\x7f\x15\x85\xa0\x00\x848\xef)\x09$\
h\x00P\x02\xa0\xe0\xf7<\xaa\x00B\x05\x04\xc0b@\
P\x04\xa1\xdf~w\xe7\xd1\xfd\xaf\x1f\x8d\xae\x9f\xe7\xe6\
\xa0y\x02\xf8\x90\x12@}b\x0f\xa0n\xc1\xe7\xdb\xe6\
\xe6?w\xfdd\x03x\x91\x07\xff\xa2\xf6\xc3\x8d?9\
\xf8\x01\xf8+:\xe2K\x84\xf4\x01\x00x\xf6'\x8d?\
6\xfb\xe3D\xe0\xf8p\xf8\xadd\x95\x08^\x1dA\x00\
\xd7u\x83\x9d\xa7\x99\x96\x08\xbe\xd9\x11\x87O\xbd\xf6#\
i\x00L\x00\xfa?R\x97\x9f\xf9\xd4\xea\x83~\x9f:\
\xaa\xf8\xc5\xac\x7f\x9d\x00\xa2\x01\xb6~\xb1\xf4\x1f\x11\xf8\
\x8fB0\x80\xe28\xa2\xb3?\x8e(\xfe#/D\x02\
\xa8%\xb3\xb3t\xfe\x7f\xeay\xd1\x8d\xe6\x12o\x02\xdf\
\x12U\xf0\xde\xaf\xee\xa0\x00\xb8\x90]\x80<\x01\xe4\xd7\
E$\x80\xe1\x98\xbcW\x9d\xbe\xd4\x0fM\x05\x10\xf5\xf5\
\xc2\xa25\x94\x8d_\x91\xfe\x90\x5c``\xe8\xa7\x0f\x7f\
\xdf\xe0]\x7f\xb0\xffd\xfd\x9f\xcfyS~w\x08\x0d\
\x88\xc1\xb7\x99N\x01\x1d\xb8\xfd\xd0}f;\xabU\xd8\
\xb3\xed\x06\xd0?\x01\x00'\xa3\x1b\xf8?\xb6\xdc2\xd2\
\x05+\xfd\xb6\x95\xc6\x00N\x8b\x83\x1d^_2\xf5\xe3\
\xdd_\x91\xfb\x8f\xb4\xe2\xd7\xfe\x1e\xbe\xe8\xfd\x0e\x90\x01\
\xfe\xcb\xde\xf5\xfc\xb6q\x1e\xd1?\xa1\x7f\x8c.\x86\x16\
\x02\xb6Z,?\x90\xbb\xa6\xb9\xe6\xc7\xa5\xb01\xb1:\
\x88\xa1\x8bE/m\xb1\x00\x0b\x18\x14\x02\x16tY\x88\
\x17!\x12\x22\x03=\x10\x01Z^\xcbC\x0f\xbc\x1b\xe9\
\xad\xd5A6b\xa0N\x9d\xd8u\xe0\x04q\x8b\x1av\
\x82\x16\xed\xbc\x99o)\x8ab*\xc6\xa5S;\xd9\x15\
\xb9\xfc\x05\x1dg\xbe73o\xde\xeb%\xe0\xfc\xf3\xd6\
\xbf(\xff8\x1a\xa5?\x05\xbf\xe6\x04\x80\xf5\x1fN\x03\
\x9a2@\x12\xe80\xdd\xdb\x19\x8e\xfb\xfbt\xf4\x0f\x08\
\x05\x0c\x8fv\x1f\xcc\xef\x02|s=\x80\x8dS\x06\xfd\
\xc6i\xf7\xec\xdc\xdb\xb9\x1a{c\xe3\xcc\xedM\xfd\xff\
<`\xbf\xfd\x1e\x80\xf0\xfe\x22#\xf19]\xfb\xc7\xcd\
\xb4\xfe#\xd9\xfb\x03\xf8W@\xfb\x11C~\xdb4\xff\
\xb3\x04`1\x05\xd0\x95\x1c\xe0z\x91\x1f\xa9z=\xa6\
\xb7_\xfcjIi\x90g\xff<\x80\xafW\xd5\xad6\
\x1e.\xc5\x01zz|\xe0s\x02\x10\xdf__D\xc0\
\x1b\x99\xcag\x03Z\x7f\xf2i\x8a\xfa\x8b\xc5\xb3\x08\x80\
9\xbf=\xd1\xfe\xa2\xca_\x03\xf6'-\xe8\xfe9\x09\
K\x80P\xe4\xa7T\xf1c\xf7\x8fB?\xe8$\x09\x8e\
\x7f\x1dP\x0dP\xd2\xe9\xf5\xcd~{<\x1e\x0e\xda\xed\
v\x9fR\xc0\xe0\xf77rM\xc0\x1c\x01\xbc\xa6\x09`\
\xa1\xfe\x1f\xebz\x8b\xe3\x8f$\x80L\x01\x08;\xff\x9e\
Y\xfb)\x9b\x0b\x08\x9f\x0b\x81\xc8\xe5\x05\xa0\xa8\x9c\xa5\
\x02F\x00\xbe\xe5K\xf5\xefF\x91\x17\xdbQM\xb1\xd9\
wt\xef\xd3\xa5\xb9\x00\xf0\xf3i\xa2\x03p\xb8\xcc\xe4\
\xf0\xab\xe3\xb8\xc8\x09\xa0\xc9s?\x07}\xc0\x22\xcb\xfc\
\xb1\xe2\x97\xe9\xf8K\xf1\xbf\xbd(\xe0\xcc\xd6\x1fN\x7f\
\xb0\xffRN\x00X\xfcc\xef\x9fj/u\x82\xd4i\
!\xfa;\x9a\x9e!z\x00\xba\x92 \xfe\xe9/\x0c\x92\
\xbd\xcd\xfex28\x12\x8f\xf0\xa3\x9d\xc9\xcay\x00y\
\x02\xc8\xaf\x15%\x80\xad\x05\x0e\x00J\xb6~\xcd\xe6\xbf\
\x12\x1a\x10\x5c\xff\xbc-f\xfd\x96Q\x02\x18\xc0\xcf\x10\
\x80\x17~#a\x01c\xf9\xdfb\xca\x9f\xcd3\x7fW\
\x06\x006H\xc0\xbe\xe7y\xcaW\xae\xef\xba\xca\xbe\xfb\
\xe3\xa7\xe7{\xf9\x87\x0bz\xfb\xcf\x1e\xdem2\x008\
~|\xa1\x0a \xbdy~\xac\x19\x00T\x1b\x0d\xa3\xf9\
Sl\x14!\xf7#9@\xc8~\xdb\x0d#\xf9\xf5u\
A\x07\xbb\x1fG;)*\x00B\xfe\xd2\x00\xd0\xc9(\
qz=\xac\xfc2\xf4\xef\x00\x09t\xd2\xa4C(\xa0\
B\x18 \xa0gX\xd2\xce\xde[\xed\xe1\xe6d\x07+\
\xc1;\xc3\xf6\xb0\x8d)\xc0\xf4\xbaz\xf5r\x90'\x80\
<\x01\xbc\xbe\x08@Z~\xd1\xa9\xeb\x97'N\x1f\xd8\
\xfb/[[\x14\xdf\xdezY:\xff.\xcb\xfdr\xd0\
+\xe9\x01\xe0Vv\x15\x05\xb8\xab\x98\x00 F\xdf\xf0\
\xf8\x84\xbd\x97\x1fE.\xe7\x05\xdfw\xcd\x81~x>\
\xf2\xe7\xd2\xc0\xdfN\xaa\x10\xf6<\xfej*\x03|\xb8\
\xc8\x0aT^\x9e\xbd{\xbf\xe8s\x0f\xb0Z\xe5\xc5\x1f\
d\x03\xee\xfaI\xffO\xf6}\xb9\xf8_D\xfb\xd5k\
#\xcd%\x00\x85\xfb\x1a\x08\xbf\xd2\x01\x08C=\xea\xa1\
\x0f\x18\x12\xc8\xd7\x88\xffV@\xb1\xdfB\x02\xe8\xe8\x12\
\x9a\xff\xa1\x0e+:\xa4\x0cPq\xf6v\xdb\x83\xe1@\
|\x01\x86\xbb \x02\xfdh:\x02\xbc~\xfb\xf6O\xf3\
\x12 O\x00\xafm\x0f@\xadO\xbd\xfe\xa6#\x7fK\
\xa6\x80\x8a7~\xa0\xfbC\xa7=\x05}\xa4,\x16\xfd\
\xa5\xe3\x1d\xc9\x00\x9c_\x17\xd9 \xeb\xfa\xbb2\x03\xe0\
\x04\x10\xb9\xae\x17s\x170\xb2\xfdX\xd5\x94\xe75\xee\
-\xc9\x07|\xf4\xf0\x0b\x97\x00\xc0\x9d\xa5t@\xfeq\
\xaf(\xc6?@\x01\xbc\x06\x04\x7f\xcf*\x03\x7f\x0c\xff\
\xb3\x19\xe0\xf6\x22\x00 \x8a_\xdc\x00\x84\xc0\xf7\x88\xe2\
\x7f-\xe5\x91?}\x5c\xeb9I\x88\xd1?\xc5=O\
\xff\xe8\xe4G}\xd0\xe2\x04@E@\xb1\x14\x86A\x88\
\x12`0\x18L\xdaG\xfd\xc9x\xd8\x17&\xe0)\x00\
\xb8\xf6\xde\xed\xdb/S\x02p;\xec\x9d\xef\xe7k\x1e\
\xb0\xab\xbefN}\xfb\x0c\x02\x90\xf0\xe7\xff\x07]\xbf\
\x00\x00 \x00IDAT\x13?2.\x7f\xd1z\xb4\
\xc5\xea?0\xfb0\x92_\x80\xfb\x0ab?\x96\xa8\xfe\
\xdb\xe6\x86X\x9f\xc9\x00f\x08\xa8|\xb8\xfb\xba\x9e\x07\
8\xe0\xd3\xdb\x9a\xc7\x1b~\x07\xbf\xf8|Y\xa7\xc0j\
\xf3\xcarZb\x8f\x8f\x13\xc0\x7fA\x00\xb87\x1bU\
Q\xfc\xe3\xfe\x7fUR@\xa6\xf77\x9f\x00FF\xf5\
\x9f\xe2\x1d\x94_g\xd4s\xd6\x08\xf5C\xea+L\xa0\
\xfaA\xe0\x1f\x08\xa0\xe3\x80\xfdO\x0fMW\x10\xd2W\
t\xfek\x8a\x7fzTtw\xaf\xcf\xc6\xa0m\x90\x80\
\xf6\xf7\x8ff\x15\x81.\xaf\x9e\x09\xf8\xdd\xd7\x07\xc8\x03\
v\xf5\x08 \xfb\xb3g\xbb\x00\xbc\xdb\x07\xf4\xbfEy\
\x80>\xdd\xf4\x22\xf9\xdd\xf3d\xd972\xaa\x7f\xae\xb0\
~\xb9\x02\xc0\xae\x1fw\x04\xcc\xe4\xdf\x85\x9d/\xd7\xfd\
xQ\xcau\xc5\xe7\x13N_\xb6\x8fwJ6\xfc\xaf\
\xf8\xf7\x96\xdb\xec\xbb\xf4\xe2 q\x8bK\xad\x10>\xf9\
\xd7q\xb1a\x12@\x83.\x97\xd5}9\x05\x88\xdcg\
\x03\x04\xa0\xa4(9`\xaa\xf3/\xcf\x9e$\x01\x82\xfe\
\x09\xe5\x80\x90\xe0\xbd\x03\xbd\xbf\x94W\x80\x92$\x09d\
\xec\x9f`\xec\x87\xd1?\x9a\xfeA\x00\xf8\x1f\xb4(\xee\
%\xfe\x03N\x00G,\x08\x06\x22\xf0p\xb2\xbf\xf3\xa7\
\x9f\x9f\xd5\x04,\xcc\xfb\x0c\xcc\xf9\x02\xcc}\x97\x97\x00\
\xf9\xf5\xea\x10\xc0\x8c\xe2\x0f\xf6~,\xe3\xf7\xc7~\xbf\
2\x05\xf0\x94x}X\xa7\xad\x7f\x19\xf5!\xca)\x0b\
 \x13\x98q\xa0\x1c\xfa\xc2\xfc\xb3M\x02\xa0\xbbWS\
nD\xf8\x9fR\x01\xd5\x01>{|A\xe0\xeb\xa3\xf2\
\x92|\xc0O\xee_\xb9\xff\x87'\x97.\xa6\x01??\
\xb9\xdb\xe4\x04\xd0\xf0Y\xf1\x03\xa8\x9f\x83\x9d\xbd>\xa4\
\xf5GP \x01\xfa\xa7\xf3\x7ff\xde\xde3%\x00\xbc\
\xbeF\x0e;|8\xe1\xc8a\x01\x10\x0d\xe1\xff4\xa5\
\x14@\x81\x9f\xa6\xcc\x01\xc6\xe9\xdf\xe2\x04@\x85?\x08\
@8\xfb\xc3R%\x0c\x82\xee\xde\xfe\xd1x2\x9c\xec\
L6w\xb1\x0e4\xf8\xed\x8d\xb9)\xc0K\xf8\x02\xbc\
\x14\xbd~\xd9\xad\xbb\xd7\xfc\xff\xf3\x80\xfdVz\x00^\
v\x8b2\x09\x000\x7f\xb0\xfeo\x90?o\xff\x08\xe1\
\x9f\xa7\x00Q\xc4%\x00o\xfe\x00\x02\xb8v6\xf3G\
!\xa0\x04\x0e(\xdf\x8fb\x0f\x87\xbf]\xafS\xe5\xaf\
p\xfe\xa3\x09\x10\xd7\x94\xbf\xa4D\xf0\xe1\xd3;w\x8f\
\x97!\x0e=}x\xd0lH\x02px\xedwZ\xf5\
7\x9a\x8d\x8c\xf9kF\x80\x8b\xc0\xb6\xe8}'N\xd8\
\xc2\xbe/\xef\xfc\xf7\x1c\xec\xfd\x00\x01`\xd3\x97\x12\x80\
\x93\xa6h\x01\x80\x07L\x81\x8f\xe3_\x87\xa1\xae \xfc\
+\x15d\x81J\xb2\xd7\x17)\xa0!/\x03\x8f\xff\xdf\
z\x009\x02\xc8\xaf\x0b\x11\x00\xd3\xfc\xb6\xe8\xf8\xe7'\
\xea\xfeu\xd9\xfa\xdb\xf2,!\xf6\xa0\xff\xc7\xf2\x1e\x84\
\xfb\xd7\xa3\x0c\xfc\xbb\xfc#\x12\x02\xe1\x7f\x9c\xf6Y\x1a\
0s@_a\xf4\x8f\xf2\xdf\x8d\xeb\xaa\x0eU?U\
\x8bc\xdb\x8bY\xe9\xef\xc3\xcf\x16\x1d\xeb\x87\xe7\x8e\xf7\
\xdf\xfc\xf9\x8fO\xbe\xee\xb7\x99\xeb\xab\x935\x01\x00\xe2\
\xf3\xc5\x88\x1f\x03\xc0mQ\xfc\x92\xc9_\xa6\xfa5?\
\xfa\xc7-\x81\xda\x1f\x81|V\xfe\x80\xd4/\xab~\x84\
\x98\xfa\xa7\xb8\x08\xfe\xa7\xa9Nu\x8bb^\x97\x92@\
3\x06(!\x01\x84\xba@\xe1_(\x85\x81\xde\xdb\xa5\
\x12`\x7f\xbc\x0fY\xf0L\x10\xe4\xea\xa9 \xd0\xe5k\
/\xb3\x0e|\xfaxg\xf6\xc3\x8c\x92\xeew\xf6\xf7<\
`W\x8e\x00\xe6.\x0a}\xba\xe3\xb9\x15\xe1\x13\xbe\xf2\
\xac\x9b\xf4bY\x94\x01\xa2\xad\xc8\x13\x14\x80-\x1f\xdb\
/oQU/\xba\xff\xb2\xff\x17Y\xb6md\xbf\x14\
\xb7\x01!\x02\xa88\xfe\x91\x15\x22?\xa2\xaf<\x9b\xad\
}q\xfcC\xe1\xc3\x86\xed\xd7\xfd_~>\x8b\xe7\xe7\
\xc5=\xa7\x9f\x1f\xff\xfb\xaf\xff\xf5wQ\x02~\xfc\xe1\
A\xb3\xd9\x90\xcb\x11\xa7?\xf0~%\x158\x99\xe6\xc7\
y\x00\xd0\xcbV\x7f\x1c\xe8\xfd\xa6|\xea\xa7\x0e\xab}\
\xa5r\xdec\xda\x0f\xfao\x87\xfe\xb0\xf2\xd3\xa2\x83^\
w\xc2\xd9\x04\xa0+\x05\x00\x80\xb0\xd4\xd5{\xbf\x06\x05\
\x80\xe2\x7f2\xdc=bA\x10\xaa\xfc\xafO'\x81\xb7\
\xbe9\x02\xd8X\xbcW\xff=\xf9\x9c\x07\xec+@\x00\
\xf3f_\xec\xf4s\xd3\xbb9\xdd\xf65^\x1f\x1e\x14\
\xc0E\xf8\x1be>\x06~*b\xb1\x7f\x9e\xfaSN\
\x80\x10(\x9a\xfe1\xc6\xfb\xae\xa0\x00\x8b\x99?\xdc\xf4\
\x93\x0c\x00H`\xac\xbdcd\x00E\x08\xc0&\x08p\
\xb2\x5c\x1f\xf0\xc5\x97\xcb\x08\x01}\xd9\xfdIS.\xd1\
\xf7h\x1a\x97?\xf98\x85\x00\x0b\x88\x7fF\xfb\xcf\x81\
\xe0?l~Y\xf1c\xd4\xe2\x84@p\x1f)\xc0,\
\xff8)\x05;\xf6\xfetH0\xa0\x10p\x17\x00\x00\
\xa0B5\x00\xa5\x80RX \x040\xec\x0f\xc7C\xd0\
\x00\xe1\x0cpN\x0f\xe0\xda*\xa7\x00\x1bg\xbf\xd8\xb8\
\xe0\xf77\xf1\xff\xf3\x80]\xf5\xf5\xc1\xec\xda\x0fE\xfa\
\x07\xa0\xf9\x99U\x1fO|\xfe<\x11\xfbG\xd7?Z\
\xb7\x18\x01\xa0\xfb\xc7\xc4?V\xfd\xb7 \xf6\x1b\xb1\xe4\
\xb7eg-?<b\x05\xe6/\xb7\xfb}i\xfb\xf3\
\x0c\x90}\xbd\xe0\xf4\xc7]\x00\xce\x00\xf4\xc5G\xb5\xe5\
4>_,3-\xbcW\xa4\xf3\x1f\xe1?U\xfc3\
n_\x99\xe0\xe7y\xf2\x0f(?\x86\x03\x90B\xec7\
\x15\x95?\x02\xfbP\xfd\x0d\xd3\x1e\xaf\xf92\x08H\x82\
V\x02\xe5/\xc4;T\x00[%>\xff\xe9\xe8G\x03\
\xb0R\xa0\xd3\x9f\x12@\x01\x08\xa0\xdfn\x0f7\xc7 \
\x01A\x16\xb0\xfd*|\x01\xf2\x1e@~\xad\xa6\x09\xc8\
t?v\xfb\x99\xca\x7f+6\xff\xa0\xfa\x9fq\x7f\xc4\
\xc4_p}%\xee\xd9\xef\x8f\x0b\x00t\xff\xa1\x05\x84\
5\x7f\xca\x02\xbe\xc5\xc7?\xe2\x1f\x88\xbf\x16\xd1\xb7\xa8\
\x03(\x01D\xb1\x12Y\x7f\xa0\xff\x9aB\xf4\x13\x1a\xb0\
\x09\x0c\x1c\x7friE\xd7\xa3\x8f!\x03\xd4h\x0a\xfc\
o\x8a\xdf\x8f\xa9\x02\xd0\x0c\x5c\x13\x040G\xfd1\x92\
?\x14\xfe@\xff!\xb7\xfd\xa1\xf3\xdfr\xd8\xee\x0b\x15\
@A\xa70\xfc`\xd3\x8f\x0e^(\x01h*\x02\x8a\
\x15>\xff\x03\xdd-Q\xf0\xa3\x08\xa0{)\xec\x02\x01\
\xb4a\x0c\xb29A\x0a\xd8\x19\xfe\xee\xc6\xff\xec\x0c\x94\
'\x80\xfcz5\x09\xc0P~\x09\xed\x8b\xc9\x8f\x92\x86\
 \x13\x00\xc1\xfb\x8f2\x91o\xf6\xfbr\xc5\xf1\x03\x0c\
\xc0H\x89\xe4\xb7\x08\xfes\x03\xc0\x07\x01\x98\xa7\x81\xae\
\xab\xbc\x18\x09\xc0G\xfc\xfbQ\x8d\x07\x7f\xec\xed\x15\xd7\
\x91\x03\xd0\x0c\xf0\xf1\xb9q\xe7\xb3KK\xcc\xf7\x96\x18\
\x15\xfc\xe5\xc4\x85\xe0O\xb3)'\xbf\x04?\xa6\x7fU\
\xa9\xfb\xd7\x9cbq!\xfa\x1fQ\xf5?Z\x83\xdc/\
\x0c\xfep\xf8c\xfdw\xd4\x03\x06Hu\x1ar\xf8k\
\xb6\xfd\x82\xf0g\x0b\x08\x80*\x00\x1c\xfc\xc8\x00A\xa9\
[\x08\xc3RE\x170\x08\x08\x0b\xdd\x00D \xf4\x00\
\x8e6\xc5\x17\xe0\xc1\xad\xb3\x9a\x80\xab[\x06\xda\xb8@\
M\xeb\xa29\xdc\x9b\xf1\xffy\xc0\xbe\xb2\x04\x10\x19\xa7\
\x0f\xe8}z\x99\x03\x80\xb8}\xb3\xd8\xbf,\xfc2\xf9\
\xb7\xcc\x95\xbfB\x13\x10\x13>i\x08r[\x80\xf0\xbe\
\xc5t\x7f\x9e\xfb\xdbX\xf5\xa9\xd7\xf1\x91\xc5\x7fl\x1f\
\x91\xcf\xde>\xb8y\xb5\xfa\x95\x98\xca\x84\x18l\xe0\xd8\
\xab\xc6\xf7\x7f\xf0d%\x00\xe0\xf9\xc7\x0e\xc8?\x1c\xf8\
<\xf23\x92\xffP\xfeN\x1cY\xf8?;_\xef\xe1\
\x95k\x80\x11\x94\xbe\x1d\x16\xfc\xe4]\xdf$\xe9U{\
\xd5Q\xdai\xa5)\xc4\xbe \xf9#\x9b\xfft\xfa\xb7\
\x90\x02\x08\xff\x83\xf7\x8b\x0a\xa0\x80\xf3\xbfT\x08\xe5\xfc\
/u\xc3\xe0\xfd\xdd\xa3\xf6\xb8?\xd9\xe9\xb32\xf8d\
0\xbc\xf5\xc33\xee\xc0\xa5U\xf3\x00r\x04\x90_/\
\x93\x00\x10\xeb\xa7\xd4\x7f\xe3\xf3-\x1c\x00\xa1\xfd\xf2\xa3\
\xec\x96Y\xf4C\xba\x80\xe8\xf8+q\xfb0\x97L\xfd\
\x98\xf2k[\xe8\xfe{\xae\xaf<\xde\xfaQn\x8d\x10\
\x00\x88?1\xa7\x80\x9a\x1c\xfd\xb0\xfb\x81\xe97}q\
\xa5^=\xfet\x15\xf1\x7f\xf8\xf0\xc0uD\xe7S\xe4\
=\xb9\xf9\xdf`\xd8_l\x9e\x97\xfc\x11\xda\xaf\x16\xc9\
/C\xfb'\xdc\xaf\xd9\xea/LFI\xaf\xc7\x15?\
\x8a\x80VBo@\xf9\x0b[\xe8\xf8\x87%\xec\xfd\x04\
\x0c\x00\xe8\xd4/\xa0\x05\x10J\x1b\xb0R\xeaV\xdeN\
\xf7\xfa\x04\xfe'\xa2\x09>\x1c\xef\x8f\x1f\xdc\xfa\xd9\xed\
\xf7f5\x01s\x1e@\x9e\x00^\x83\x04 \xcb>\x8a\
\xb9\xfej\x9a\x07\xf0\x95\x05\xd2\x8f\xa8\xfdp\xd7OJ\
\x802\x94\xbe`\xfc\x89\xa9\x1fv~\xd1\xe9\xe3\xa2\xdf\
T\x00\x16\xe5\x81\x1a\x98\xffh\xfa\xd5p\xf8S!P\
\xf3k\x8a\xe2\xdf3\xe6~&\x07(y\xa9\xd5\xeb\xb5\
\xbb\xf5G\xe7\xc6z\xa7o\x0e\xe7\x7f;<\x9c\xa7\x0c\
\xf0\xed\xef'\xd9\xc2/\xab}8\xdb\xec\xf8\xb7-\xae\
_\xe7\xc3\xdf\x98}\xd2\x0f\x04\x0fz\x90\xfaG\xe9\x1f\
R\xe5\x9f\x8e\x12\xc2\x01\xdc\xef\xe7\xa2?u\x12\x96\xfe\
J:\x9a\xc7~\x15\xb4\x00@\xfb\x01\x00\xe8v\x11\xf5\
]*\xfc+`\x01R\x01\xf0v\xa1\x10\xbc\xbf\xf3\x16\
\x15\x00\xffa\xef\xfa^\xdbH\xaf\xe8\x9f\xd0?F}\
(\x16\x06\xd5\xe3\x99\xc1\x92,\xcf\xa0\xf1\xd8\x0c\xdb(\
\x0f\xb2\xb4\xee\x10?$\xee\x14\x05\x82\x5c\x10L1\xc4\
/.\x0eQRXD\xfc\xe0\xb7\x16\x05Z0%\xfb\
\x14B\xfb\xb4\x81f\xdb\x04\x92B\x1f\x96BB\xbb\xa5\
\xdbRh\xa1\xf7\x9c\xfb\x8dl\xcbv7\xb6\xa3\x8dw\
w>Y\xbfG\x0f~\xb8\xe7\xfe:\xf7\xdc\xed\xfe~\
\x7f\x1b\x080\xf3\xc9\xcd\xef?\xfe\xf1\xa1\x08\xc0\x99T\
\x0d`\xfa\x22t\xbc\xcb\xfb\xfb\xdc`'\x01\x00\xae;\
\xf5D\xd7\xfd-?Yv\x8b\xa4\xfd\x99\x10\x80\xaa\x1f\
&\xfcW\xb3Wyo\x1b\xf5\x7f\xdb\x0c\x02C\xe7\xc3\
vG\xc4_\x9d\xfc\xb1\xf1\x09z\x81\x154\x07\xedh\
\xd1\x95\x94\xdf\x85\xddk\x05\x00}@\xd74\x03G\xcb\
~^|~\xf1\x00\xe0o/v\xb8\xe7\x13\xe6\xaf\xab\
~H\x00\xe0\xf4\x8f\x89\xffO \xfeH\x14\x90\xea\xae\
\x8f= @\x00\xf5?K\x12\x02\xf4\xfc\x92$\xec\x06\
~;\x90\x00 \x80\xf2o\xdb7s?\x19\x00\xf8\xe2\
\xf3{i/t\xc4\xfa\xc5\xfe{\x0eZ\x80-\xdf\xf7\
\x93\x07\x9b\xfd\xad\xfd\xce>\x97\x02\x0c\xb7\xb1\x1c\xf4\xe8\
,@^\x04\xcc#\x80\xf7\xdf\x06d\xc7O\x95\xfe\xa2\
Q\xdd\x8f\x89\x01\xac?\xcb\xfd\xd9\xf2C[\xbfD\xfd\
\x0f\x15\xfe\xe7\xe2_\xdb\xcc\xfb\xaa\xdc\xb7\xce\xfcc\x05\
\x080\x00\xdc\x00T\x009\xf4\xd7`\x03p\xd1t\x00\
\x98\x0b\x94\xc4\xfa\xeb\x8d\x86\xad\xe7\xaf/^_\xd4\xfe\
\xdf\xfc\xf1\xd5\xf5\x15\xee\xf8\xa1\xea\x0f\xfb\xfe\x86\xf1c\
\x1d\x0b\x00T\xf03`\x06 1\x7fH\xde\x7f\xcc5\
\x7fi\x01\x92_m\xcc\xfe!\x02\x08\xd8\x02T\xc1\xff\
\xc0\x8f\x03\xe4\x00!u\x7f\xe0\xfd\xcb\xe2\xf8\xa1\x00\x02\
 \xf0z\xf2\xe0\xb4<\x9f\x000\xb3=\x1c\x0c\xb9\x18\
\xa09\xd8\xeal}t\xeb\xc2\x8a@\xd3\x99^\xde\xb4\
\xd6\xcax\x1b{\xca^\x9cr\xd9\xd7\xf7\xf7\xb9\xc1N\
$\x05\xa8\x98\xc6\x9f\x99\xff\xd5&@T\xd1\x1d\x9f5\
\xa5\xfd\x17Y\xf6\x17\xb3W\x1b\xa7\xf4\xaf\xd9\xfc\x9d\x0d\
\xfc\x9b\x18@\x02\x02H})\xe9O\xac\xdff\xf7_\
\x82\xfcR\x85\xbb=+\x0a\x02\xe8\x06\x00\x100\x0dh\
\x8e]\x7f\xfa\x9d/.\x08\x00\xff|\x1e3\xf6\xa7\xe3\
\x97\xa0\x7f\x85^\xffD\xff\x1fP\xed'\x06\x00\x04\x05\
\xcc\xf9K\x0a\x00\xee/R\x00p\x00bT\xfd\xbb1\
L\xbf\xad\x00 \xce\x1f\xd5?(~\x22\xed\xf7\xc2\xc0\
A\xb9\xbf\x5c\xf6$\x03\x08\xe4\xd1\x0f\xbd\xb4\xe78-\
\xb8\xffV\x0b5\x80Ag\xab3\xec@\x10\xa4\xb39\
D\x11\xf0\xe8,@\x1e\x01\xe4\x11\xc0\xfb\x07\x00\xea\xfc\
\xc3\xfbW\x96\xb9\xf1\x07pP\xcc\x0er\x7f\x9b:_\
EN\x01\x17\xd9\xfcG(\x10ec?U\xd3\xff\xd3\
\x02 |?\xda\x80\x9c\xfdE\xfa/^>b\xb9/\
Z\xd4\xfe\x9f\xd2\x80\xf8\xb0 \xa9\xbf\xd9\xf6\xbbT_\
Y\xb9\xff\xb6s\xc1\xa7\xd2\x84\xee\xbf\xca\x98\x7f\x8c\x02\
\x0e4\xff\x18\x01\x8c\x01\x00G\xfe\x8d\xe0\xa78{\xac\
\xfc\x8aC\xb0\xfeH\x00\x0cC\xd3\xf0\x8fY\xfbG\x0a\
\xe0c\xe0O\x1d\x7fF\xfb\x15\x00\xf0\x03\xa7\x87\xe3\xe1\
]\xea\x84\x92\xfd\xe3\xa4-\x89\x00\xb6\xb6:\x83\xceL\
\xbf\xd3'\x04\x90\x09\xb8\xbe\xbe\xce\xbb\x00\xc0\xda\xc5\x00\
\xe0K\xa8tc\xf3\xf5\xd3\xd3_\x92i_\xfe\xdf\xe7\
\x06;\x01\x00\xa8(\xe7OU\x01]\xd5\xff\xad\xb8\xc5\
\xac\xf2\xcf@\xdf-FQ\xd1V\x19\x00\xe3\xf9K\x08\
\x09\xecb\xa9\x9a\x95\xff]\x15\xfd\x82\xd2_)\xaa\xb2\
N\x00\x01\xa0\xa8\xba\xa8\xc4_\x01\x82\x11\x05\x80l\x80\
\x86+\x96\x9fy\xff\x85\xba\xbc\xacWv\xdc7\x17\x02\
\x80\xbf?\x83\xef'\x02`\xf0ge\xae\x90\xc9\xfe\x14\
N\xd2\xfbW\xcd_]\xed\x09\xb1\xef\xbd \xb4\x12\x84\
\x00q\x22\xfe\xde\x07\xf7\x0fu\xff\xc4'\xef'\xa6\xd8\
'\xe6\x7f\xfcP\xed\xbf\xe7\x04\xbe\xd3\xf3%\xec\xef\x01\
\x03\xe4\xd1\x83\xe9#\xfc\xd7\x08`c\x7f\xb09\x1c4\
\x87\xd0\x03\xea\x0c\x04\x00V\x1f?V\xef\xff\xf8g\xab\
\xab\xf3ky\x17 \x8f\x00.E\x04\xa0Q?\xd4~\
\xa7\xa8\xf7o\xd6|\xa9\xe0\x1f2~C\x02\x88\x94\xff\
\xeb\xea\xda\x0fM\xf8M\x0fPi?b\xfa\xb8/Q\
\xf1\xb3\x1aA\xfdS'\x7f\xcc\xe4\xbf\x09\xfb\xd1\x07h\
`\xd1\xefh\xdbW\xbd.o\xea\xf5\xb7\x5c\xf9s\x0a\
K\xe8\xf5\xf3\x9d\x02<>\xab\x7f\xf5\xba5\x17\x17\x8e\
j~]\x1b\xd5\xfe\x10\xfe\x17\x82k\xec\xfd\xb7\xf78\
\xf6\xdf\xb6(\xf6\x9f\x90\x02l\xa1\xdb\xcf\x1d\x7f\x9c\xfe\
\x8dc\x15\xfc\xf5\x91\x02\x8c\x02\x00\x01\x00\x07\xf4?G\
S\x80r9D\xf0\xef+\x02\xf8\xbe\xa4\x00C\xb1\xff\
\xed~_\xac\x7fc\xd8W\x000\xe7\xd1\xdd\xbbw\x9d\
\x9c\x07\x90\x03\xc0e\xa8\x01D\x07d`\xd5\xfb\x03\xed\
\x9f\xee_'\xfb\xe8\xf9KT\xfa0\x02\xe0\xae.\xfe\
\xc0\x92\xdfZ\xcd\xec\xfc\x04\xedO\xe2~0\x80\x18\x06\
`\xfc\x97e?\xcc\xfd1\xf5w\xf9\xb8\xc8b\x80\x96\
\xfe\x8d\xf93\x02\xc0\x93\xa5|\xc0;cF\xfev\xcf\
o~\xfb\xd4\xd2\xe9_*\x00\xc0\xed\xab\xe5\x8f\xf3\xfe\
GO\x12\xfd\xefA\xf6\x83;\xbe\x03\xf4\x00\x02\x16\x01\
\xba\xdc\xf0\xc5\xb9\x9f.\x82\x80\xd8\x8f=\xb4\xffM\xd3\
\x0f\xbc\x1f\xdf\xf7\xca\x88\x00P\x03\x08=\xa4\x00\xa9\xd3\
\xd3\xe0\xdf\xcf\x00\xe0As\x7f\x0bj\x80\xfd\x0d\xa5\x02\
\x7frs}uu\x9d\x87m\xc0s\xa7\x00\xd3\xe7x\
\x9e>\xe7\xef.\xd1\xefs\x83\x9d\x00\x00\xa0\xec\xb7\xfc\
\x04s\xff\xee\x93\xe5\x9fB\xf3\x0b\x80\x80\x94\xdf\xaee\
\xbe\x9e\xb9\xbfM\x95\xbf\x1a\x9b\xff\xba\xde\xc7-\x12\x00\
\xe4\xab\xe2h\xdf\x8f\xcb\xaa\x9f\xcb\xd1\x9f\x88\xcc?\xca\
~5\xf4\x85`\x00\x1b\x7f\xf2BM_w\xfd-\x89\
\xfdS\xf3\xbf\xbex\x11>\xe0_^Zu\x92\xff\xc9\
\xfdS\xb1\x9f\xe3\xb1\x7f\x5c\x18\x15\xff\xc5\xe6\xdbb\xef\
T\xf9\xe5\xce?\xae\xfc\x94\x04\xc0\x0f\x0c\x00H\x0c\x10\
\x86A\xd77\xac_p\x7f|\xd6\xfe\x95\xf1\x13\x94{\
b\xfbe/\xe8yeF\xff\xe5\xa3)\xc0fgK\
\x82\x80\xc1\xb03TU\xe0{G\xbb\x00y\x110\x8f\
\x00\xde\x7f\x0d`\xb9\xb2\x1c\xb9.t\x00\x97]\xba~\
\x15\xfc-R\xdd\xc7%\xa9W\xb9\x7f\x91[c\x00`\
\x93\xe2o\xc6\xfe\x05\x00X\xfec\x00 \x19?G~\
\xc4\xf8\xdd\xc8\xb0\xfe\xb5\xe1gh?\x88\x00\x94\x044\
\x02\x80\x82Z?w~\xc9\xdf\xfd\x97\xff:\xaf\xfd\xbf\
\xfet\x0f\x8a\xdf\xf8\xbbj\x96}\x9edE\xb1\xb6\xff\
\xe1\xf9\xf7R\xcb\xda\x93'A\x00\x96\x00\xa1\xfb\xd3E\
\x00\xa0\x9a\xbf\x0a\x00\xd8\xf9K\xde\xaf\x97\xe9}\xfb\x1c\
\xf7\xf7B\x9f\x01@\x8f}\x80\xd4KS\x02@\xd82\
\x00\x90\xb6\x92\x87\x5c\x0c4\xdc\x1e\x0c\x9b\x83\x99A\x7f\
\xe3\xe31\x1e\xc0\x95\xf3\x08\x82|\x0bu\x00\xb2\xf7\xb9\
\xc1N\x00\x00\x96\xa7\x8c\xf6\x1f\x9a\x01\x10\xfd\x99*\xaa\
\xf6\x8f\x02\x80\x0d\x10\x88j|@\x1d\x10S\xbfd\xfc\
\x91\xf4'\xa9~\xa9\xa8\x8d\x7f$\x01\x11\xab\xfeU\xcc\
\xffk\xaf\xaf\xa2\xed\x7fE\x01\xb7\xc1``\x91\xc9\x7f\
v`\xffuF\xff\x82\x01\x88\x05\xfe\xf4\xefs\xd6\x01\
\xef\xfc\xe3\xa9\xf6\xffGZ\xdf'\xad\xfb\x88\xcd\x1d\xd4\
\xbfP\xee \xfep\x02\x005@+\x11\xc3\x17\x00\xc0\
\x90o\x16\x01@\xf6\xc3+\x8b\xf3\xe7\xc8\xaf\xfe\x95=\
\xdc\xbd0\x00\xe9\x0f\x7fb\xfe\xe2\xf1[\xe9X\x04\xf0\
ps\xd0\x81\xf9o\x0f6\x9b\x9a\x02\xbc\xa3i\xc0\xdd\
1\xd7\xb8;\xf6\xe97\xf4\xfb\xdc`'Q\x03\x882\
\xdd\xff\x88e\xfe\xa9\xa8\x22@`3\xe9W\x060\x93\
~2\x7f\x22\xa3\xf6\x9dA\x80\xce\xfds\x02\x80\xe5?\
z\x7f\x08\x82T+\x86\xf9C\x14\xa0\xf4\x0f\x9b\x00J\
\x0480\xff\x85\xa5l\xe1\xf7\xca\x0a\xec_^6\x9e\
}\xfe\xffJ}\xa7\xbf\xff\xec\xf9N\x9d\x9b~\x0e)\
\xfe\x8f\xd3\xfeU\xef_\xee\xb1\x05\xa9\xaf=\xda?$\
?\x0a{m+NB\xf0~\x08\x00h\xfa\x11\x00\xd0\
\xfa\x87\xce/\xa4>\x8c\xdc?J\xfee\x10\xfet\xea\
't\xbc\xd4I5\xfbw\xcar\xb2\x1a\x80\x93<\x90\
\x14\xa0\xd9\x9f\x19\xec\xcf`\x1ep\x86\x00\xb0\xfeUP\
\x81\xf3\x14 ?ou2-@h\xffW\x8a\xca\xfb\
\xd3\xb9\x7f\xe8\xfbE\xca\xffc\xd9?\x82\xe2\x17\xbb~\
\xb6k\x9a\x00\xd5b\xd5\xe5\xd4\x1f\x98>\x1c\xfa\xabF\
\xf2\xa5\xd8=\xb5\xbe2\xca\xef\xa2\xaa\x7f\x19\xfb\xc7'\
Y\xe9\xbf\x00\xfbg\xee\xbf\xb2b\xaf\xa0\x10\x88\xdd\x9f\
;\xcf\xcf\xc5\x07\xfc\xe2\x07\xaf\x0c\xf9w\x14\x00\x8c\xd9\
O\x12\x8f\xd8\xbf0\xfd\xd0J0\xfa#w+Lc\
\xae\xfc\xea\xa2\xe5\xcf\x14\x80\xa4_\x04\xffb\xf1qy\
\xce\x9b\xa3\xca\x17 \xa0\xec\xa3\xe1'\xa1> \xc1\xa1\
\x00\xe8\xc8\xf4\xf5\x18\x00(\xff\xc4\x03\x11\xa8\xbf\xbf\xdf\
\xa4(h\xd3\xd4\x00~8\x9a\x05\xfa\xd1\x07\x17\x04\x80\
\x93\x86f\xcf2\x88\xfbu\xfb}n\xb0\xef<\x020\
\xea\x7f\xcb\x99\xf5\x93\xee\xa3\x1d@\xee\xf6\xa4\xe6\x8fF\
\x03\xd1\x01\xf5O\xc5\xbe\xb9\xf2\x0bj\xbf\x92\xff/\xba\
.i\xbf\x98\xf8+-R\xf0C\xab\x7f:\xfaO\xf1\
_\xf9p\xa9q\x10\xff\x8b\xfd\xc3\xe3K\x0e\xb0\x80\x85\
_\x0b\xf6u\xc1\x03t\x04^\xfd\xf7\x84\x05\x81w\xbe\
w\xea\xe60#\x03\xf4R\x87\xff\xaf\xe9\xd2\x8f\xab\xd7\
\x8c\xdawv\x8f\x95\x06\x14KT\x90^MX\xed\x0b\
)\xf4\x85i\x7f\x90\xfeq\x1c\xc8\xfc\x91\xfa\x0b\xdd\xcf\
\x98-\xbf\xae\xdf\xc6\xb6\xafPK\x00\xe5@\xfc?\x98\
\x7f\xa1D\x00N\xe0x\x9eG\xebwF\xc7\x00\x80\xf7\
\xc8OQ\x03\x90\xd8\xbf\xdf\x9c\xe9\xf7\x81\x02\x1f\xdf\x92\
\xcc\xffP\x04\xd0\xaa\x1f\xd7\xff\xbfV8\xf5\xb3C\x00\
0}F\xdfy\xd6\xf9\xfc\xcb\xf9\xfb\xdc`\xdfy\x04\
\xf0d\x0a\xea\x7fQ\xc5X?\xc8?U\xaa{J\xd6\
\x1fq\xd3gMY\x00\xd4\xfdP\x9e\xbf\xab\x00\xc0\xb1\
\x7fy\xbf(\x01A\xc5\xc5\xceOI\x03\x16\xa9\xf3\xa5\
\xe1~\x85\xb4\x1f\x16\x00\xa8\xfe\xe7\xc2\xf4\x0d\xed\xdfF\
\xdb\x0f\x18P@%\xb0\x8e\xf8\xbfnc\xfb\xb7|\xd6\
x\xfe\x99\x11\xf7<\x98\xf4\xbbs\xc4\xf8\x8f\x7f\x08\x0a\
\x80V\x00\x0b`\xfc\x9d\xd0GO,f\xff\x09&\x7f\
S,\xfc\xc1\xe0\xef\xd5\x04Z\xdf\x96\x95`\xcbG\xdb\
\x12\x97\xef\xb5-\x07y\x7fbu\xb5\xe0\x1fg\x94?\
\xb5\xffP\xcc?`\x0e\xe0!\x08\xf0$\xd9\xf7\x19\x02\
\xb4x\x0b[\x04\x00\xa7|\xa5\xec#\x02\xe8\x0c\xb1\x19\
\x84\xcb\x01\xfb\xcd\xadc\xdb\x81\xcf\xc1\x03\x98\x1e\xd9\xc3\
\xf4w\x8f\xbe\x9c\x1e\xfb\xea\x9b\xf7}n\xb0\x93\xe1\x01\
\x80\x09$\xa6?E\x08(\x15K\xdc\xee[sk\x8a\
\x09%\x9d\x06\xe6\xfe\x8f\xaa\x19\xfc7\xba\xff\x04\x80F\
\x95\xab>\xc4\xfcQ\x07hP\xed\xbbA\xa6\xafa\xfc\
C\xf4\xaf\xd1(5FC?rV\xea4\xff\xa5\xb9\
%%\x00\xd4\xc9\x05B\x15\xb0P8O\x1d\xf0\xcdo\
\x0c\x07\x90\xfc\xffc\x95\xbf=\x93\x02$\xc8\x00 \xfd\
\x11\xa7F\xf03\x85\xf8\x07\x98\x7f\x82\x00~hu\x03\
\xab\x9b\xb4\xbb\xe8\xf9A\xfb\x0f\x13?Z\x00\x08\x02\x95\
\xf9)\x8b\xf3\xf7A\xfb\x01\x00\xb0\xde\xd7\xf2\x98\x05\xa4\
\xce\xa8\x12\x00\xfb\xf7\xaf\x08\x00<\xd8\x1cl\x0c\xb6\x87\
\x83\x01U\x01!\x0a\xba~\xf8\xac\x9eQ\x158f\x04\
\xb0{\xf4\x8c\xfb\xca\xdd\xd3\xcfWq\xe9\xee\xee\xc4.\
\xcd#\x80\xc9\x00@\x053\xff\x11\xed\x7f\xaa\x86\xc4\xbf\
f\xb4\xfe\x99\x06D\x11\xea\xff\xf2f*b\xc5O\x1f\
0\xfd\x030\xa86\x00\x04\x0dn\x00\xb5+\x95\xa8D\
o?\x92\xf9`\x08\x80\xb6\xffR\xc3=\x5c\xfa\x17o\
\xbf@S\xb7\x17\x0a\x0b4~\xe4\xff\xf2\xb44gK\
*\xd0\xf8\xf3\x99G\x02~\xff\x9fgF\xfc\xe3\x94\xa1\
\xff\xc4\xd4\x01\x88\x00q\x9a\xb0\x04\x98\xe0\xbd \x80\x98\
?\xb8\xbe\x12\x010\x11\xa8\xb7\x83\xc0\x09\xba\x1c\xfb\x03\
\xf9\xd7p\xfeC\xc7\xcb\xd8\x7f~\x0f\xca?\x8e\x12\xff\
$\xdc\xf7Z\xad\x16\xee\xfa^\xdc\xbf \x80\xe7'\xb7\
7\x9a\xa4\x02\xe3\x0c6\x9a[\xbfzt\xe3\xc3\xdb7\
\xf4\xfc\xee\xc6\x8d\x0f\x1f\xdd\xff\xc3Y\xce\xce\xcf\x7f\xfd\
\xad>\xbf\xcc\x0dv\x12<\x00\xdd\xf7A\xf6\xaf\xaa}\
d\xcb\xbd\xe5\x03\xac\xfa\x86\xe2WTB\x07@\xf2\xfd\
#\xb3\x7f\x0d\x0a\xfe\xbb.\x12\x80JeI\xf2\xfdj\
\x15\xe5?\xb9\x8c\xf3\xbe\xca\x04\x80\xf0?\xe4\xff\x96F\
\xb4_\xb5\xf4:\xf2\x01\xb2\x00\x16\xe8\xfc\xe5\x14\xaa\x02\
\x00\xd7\xe7z\xe7\xe8\x04\xbe\xfet\xa7@\xc9\x8f\xd3\xfc\
\xbf\x9a\xbf\x95\x90\xed\x13\xc7\x16S\x7f\x00\x81\xee\xf9\xe8\
b\xd7W\x1b\xd5\xff\xa4\xdb\xf6\x82v0\x87}?\x81\
\x99\xf2\xe5\xa2\x1f\x8f(\xd0\xeb\xf5\xfc\x1e\xc4\xff<\x1c\
\xed\xf7\xf9\x87\xce\x15\xff\x03B\x00\x22\x80\x87\x1b\xb3\xb3\
\xcd\xe6\xec\xec\xec\xcc\xcc,^m|4v~q\xb6\
s\xbb5?\xbf6\xdf\xba\xe5\xdc[\xbb\xb7f\xce\xcd\
\xb5{\x8e\xdcZ\xf7Z\xeb\xadU\x7f5]M\xe7\xe5\
&\xaf\xe4\xfd\xad\xd3.]\xe5\xa5\xf3\xc7.\xbd9~\
\xe9\xfa\xa1KW{\xf2\x1a\x97\xe2\x9b\x83Kyav\
i\xef\xa4K\xd7\x8e\x5c\xdaz\x8bKO\xf8\xa7\xd6\xd6\
\xe6\xd3\xdc`'\x00\x00\xc5(\xd3\xfc\x8a\x8aF\xf8\x13\
J\x7f\x91k\x17##\xf8%\xa8\xc0j\x1f\xc4~\xc9\
\x00\xfa\x1f{\xd7\xf3\xe26z\x86\xff\x84\xfe1fL\
\xc8\xe4`\xc6\x91\x14\xc9b\xf4\x09kd\xc68v\x0e\
\xd1\x18*\x1a\xa8\xa1>\x94\x09\x8e\xc1\xc4\xf4\xb4\xb7\x98\
\xa59\xcc\xb1s\xcb\xa1\x90S\xc9\xc0\xde\xda[\x08\xd9\
\x92B\x86\xb24\xd9\xb6,lK\xd9\x85M\x0b}\x9f\
\xe7\xfd\xe4\x91=\x93m6\xf1\x1c\xb6\xd17\xb6e\xc9\
\xc9\xf1\xfd\xf5\xbc\xcf\xfb\xbc\x9a\xfdc\x10\x10\x18\xc0^\
\x18:\x92\xed+\xcf\x17\x15\x7f\xc1\x02\xd8+.Q\xa7\
\xb3d\xfdw\x94\xf3\xa78\xa0\x8f>\x808\x00@\x02\
\x99\xfc\xe2\x00\x09|\xf8\xe2\xf5{t\x01\xfe\xf1\x92j\
\xdf\xe7f\xfe,\xef\xb7y\x0c\x8d_@\x7f*\xf67\
\x86\xfd\x8f\xa5\xfe\x1fN\x12\xeb\x00\xf2|\x88\xda\x7fL\
\xd2\x9f\x14\x04\x14\xfaD\x1b\x80\xeb\xfe\xc4\xe4!\xfa\x17\
\x88'\x98\xcf\xe7\xeeL\xad_\xc7\xfe\xca\xe6\xef\xc6}\
x\x80\xc0L\x83\xf8\xb7\xf7v\xec\xb9\xad\x9f'7J\
\xe7\xe8\xc6'[r\xea\xf6\xad\x1fo\xfdR\xdf\xaa\xd7\
\xff\xf0\xb0\xf61\x9fve\xb0\x9bw\x00-U\xfc\xb7\
r\xbf\xbbl\xf7\x8b\x9dc\xe2Wr}d\x03\x8eB\
\xff!7\xfc\x16\xb2\x7fR\xf1C\xed\xbb\xeb\xc9\x0b\xdb\
\x81 \xed5 \xc5O?\xf7,\x03\x00X\x00g~\
\x0a\xd6?\xcc_\x99\x7f\x9d\x9a\xd8{T\x93\x8bT\x00\
N\x96\xf9Q;\xca2y\xf4\xf2w\xefC\x03zU\
;\xbd@\xed\x9b\xe0\xff\xb1T\x00P\xfb;&\xe7\x07\
J\xdfc\xcc\xff\xc3\xfeS\xa8|\xa3\xfb/\x1fc:\
\x80\xf1Xr~\x7fH\xa5\x1f\x90\xff\xf1I\x9do\xdb\
\x08t\x1333s\xe0}t\x00e\xfc\x9f\xbd\xc0\x18\
\xf9\x7f\x1f. \x8e\xdfH\x06\x80\xb3\xa3\x97\xeb\xf7V\
\x1d\xc0\xd1\x91\xd8\xb5\xb5\xffw\xb9\xd6?\xfd\xa8\x1d\xc0\
\xad\x9b\x95\xc1n\xde\x01x\xdb\xe0\xfel\x8b\xb9K\xb8\
\x87\xcc\x07\xc3}\x03\xa3?\xbb\xce.\xb1>;\xf0g\
\xc7\xfe\x1dV\x01^\xb7\xd5e\xfe\xdf\xe2\xc2\xafnw\
9\xf6\x87\xf1\x1fO\x9b\xfe\xda\x08@\xdf?R\x07\xa0\
\xe6\xdfV\xee_\x0d%@\xd6\xe1(\xb0\x98\xbf|\xad\
\xc9\xbd\x93=\xf8\xfc\xfd\xa8\x80\xdf\xbc\xcc\xcfe\xff\x88\
\xff\xc7d\xfeA\xf0\x13\xb4\xdf!t~\xa0\xfe\x97\x1f\
C\x01l\x82\x86?\xd6}L\xc69\xf8\x7f\x098\x00\
\x92\x0e\x04\xd4\xfcH\xd1\x07@\xe2o\xb0\xee'\x98\xb9\
\xc1\xcc\x04\x90\xfd\x90\xac\x7f\x99\x01\xc0\x05(\xfe75\
f\xda\x83\x0f0R\x01H\x0a0~s\x0f\x91\x9f\xf6\
\x7f\x1b\xd7\xd5\x0c\xe0\xc6\xd1\xc9\xd6\xdbO\xbd^\xaf\xaf\
=z\xf4\xe9\xcd\xca\x01Tg\xd3\x19\x00\xa3?\x97{\
+\x00\xd0\xdd\xbd\xea\x14 @\xb1\xe6\xdb\xca\x00\x15\xe5\
\xbf\x03\xb3\xee6\x1a])\xee\xc5\xf8\xc3\x96\x9d\xf8a\
\xc2\xdf\xc1\xc6\x0fK\x04\xe0\x0f\xb0\xfdh9\xf9\x0f\xd2\
oF\xe0\xdfA\x09\xa0B\x00\x99\xdf\xc9\xa2Z$\xf1\
\x7ft\xf3\xc5\xb7\xab,?\xed\xf7-Vn\xca\x9d\xc0\
E\xf1\x0f\xbf{\xda\xbcH\xed_\xb9\xff\x92\xfd\xa3\xe7\
\xdf<\xce\xf34W\xfe\x1f\xe2\xff\x04j\xfft\x009\
\xd5~\x92I\x8eu?\x1a\xfeS\x94\x00\xba\xeb\xdb\xb8\
P\xfcI\xf1\x9a\xcf\x88\xf9)\xdd\xd7M\xb5\x088\xb0\
\xe0\x9f\x11\xf3\x7f\x82$\xc0L\xfbF2\x00\x98\xfd\xd9\
{%\x038\xbaqt\x88\xc4~%\xdb_\xcf\xfe\xeb\
Kw\xb0Ue\x00\x95\x03\xb8\xac\x12\x00\x88\xbfv\xfd\
\xac\xf8_\x03]?8\x00\xaf\x90\xfb`\xd7\x1fj\x9f\
\x9c\xfa\xf7ZL\x00$\xf0{{r-f|\xe4\xcf\
\xae\xfb\xb2\xb2\x7f%\xda_\x04\xc0O\x02<)\xbfH\
\x01\xa2\x1a>\xb2\x88L@\xa4\xffN8\x0a\xfd\xe8\xe9\
\x05\xe3\x80\x8b\xc5b\xf1N8`\xa9o\xce\xa1\x9f\x9f\
\xc1\x094\x93\xda\xad9\xf0>l\xf8E\xeb/m\xde\
\xc2\x04@\x9e\xaa\xcc\x87\xdd\xf2\x9d\x83\xf3\x9b\x0c\xc7\xb6\
\x00H\xec\xdc_\x82]_\xb3\x04\x9c\x1f\xd6\x00\xee\x5c\
B\xff\x81m\xf8I\x19\xa0\xe0\xffT\xfe\x9e\x18\xb1\xfc\
\xa9\xbcc\x83{7\xd0\x12`\xc7\x96\x00;k%\xc0\
\xd1\xc9\xe3g\xd7\xea[\xfbb\xd9\x87\xe2\x09\xf6\xc5\xc8\
\xf7\xe5f_L]\xaeu8\x87}\xb9\xc1\xfd\xe1>\
\x7f\x7f\xf4\xd3\xe6\x0f\xe2\x0d\xfc\x9f]+\x07p\x19\x0e\
`[\xf7\xfanwu\xd4_g\x80\xb1\xeb\xdb\xca|\
8V\xf3+T,\xc0\x091\xf3\xd7\x82\xd2O#t\
\x1a\xdd\x8e8\x80.\xe7\xfb\xc9\xf8\x1b\x90\xf4\xdb\x18,\
!\x80%\xf2\x17E\x99\xe5\xfc\xa1\xe3\x87\x0b\x87\x80\xc5\
\xec\xc5\x198m\x08\x829~\x18\xfa\x0f>\x7f\x7fa\
\xd0\xbf~\xd1\x5c\xdd\xf5\x05\x00\x10b\x7f\x92\xfa\x03\xf7\
S\xfb\x87\xea\x87\x5c\xe69\x84>$\xf0K\xf2\x1f\x93\
\xf6\x1b'\xa9\xa4\x04\xc8\x00\xe24\x18r\xf0Wr\x00\
6\xfc\x02\xf1\x00\x18\xfa7\x01\xa0\xff\x03\xdb\xf0s]\
\xb4\x00\xe6\xaa\x01\x82\xde\xdf\x14\xaf)\xbeN\xfb\xae\xdb\
O,\x06\xb0s]\xcb\x80\xeb\xeb\x19\xc0\xd1\xb5:\xb0\
\xbdw}?\xaa2\x80\xeal\xda\x01\xd8H\xcf@O\
\xcd\x0fv\x010\xf8\xe7Y\xbe\x0f/^Ci\xbf\xac\
\x00 \xf8O\x00@l\x9f\xc0\xff@s}M\x02T\
\xf2\x9fD\x00\xb4\xf8\xad\xe2\x07J\xff\x9a\x16\xfc\xb0x\
\xb0\xfe:\x92\x02D\xbe8\x008\x01\x07\xe6\x1f\xfa\xcd\
\x0f\xd9\x0e\xf2\xd5\xaf\x96E\xc0q\xae3\xff\x90\xfb\x1c\
*\xd5\x0f\xaa\x1fs\xf8\x02\xd4\x00:\xef\x13\x0f\xf3\xe1\
$\xc9a\xf5\xd8\xf9\x95\xc6\xe2\x11\x94\xf1\x93p\xf2\x1f\
&?#\x06\xc0\xc1\x9f\xb9\xd4\x02\x92\x00\x1c,a\xff\
\x03\xc8\xffM\xc5\xfc\xa7\x12\xf1\xc5\xf2\xa5\xf6wc\xd3\
\x93\xef\xb0\x7fsG\x1c\x00\x1a\x80;;\x9a\x05\xaca\
\x00\xc8\x00,\xc0\x7f\x06\xf5\xaf\xe0\xfek\xaf\x8f\xbc\x0b\
P9\x80\xcb\xc9\x00\x1aV\xdb\x13\xdd\x7f\xa7A\xfdO\
T\x03\x05\xdbOS\x7f\xaa\x81x\x9d\xb0\xeb8\x8c\xfe\
\x03\xb1\xff\x0e:\xff\x96\xedk\xe7\xfe\xac\xea\x1f\xdf\x9d\
\xd2\xd0_['}t\xe4\x97\x85\x00P@q\x0b#\
\xc7\x01\x09X\x9e\xf8\xbe\x1f\xfa\xfe\xe9\x7f>D\x14\xf0\
\xcb?=X\x8e\xfc+\x04\x90\xab\xda\x07v\xfcI\xa2\
\xcf\xdd_)z\x80\xc0\xfds\xee\xfa-6}&*\
\xf7\x9f\x0c\xe3\x12\xe9\xbf\x90\xfb\xc7\xf6\xcf\x99\x993\xfc\
\x9f9\x80\x038\x00t\x01`\xfc\xe2\x03\xfaf\x8a.\
\x80|\xef\x07=q\x00c\x8b\x01\x5c\xbf\x10\x03\x90\x1c\
\xe0\xb3k\x17T\xfa\xe5\xeb\xea\xf3\x0a\x03\xa8\xce\xa6g\
\x01\xae\xb6(\xfa\x87\x9d?\xbb\x5c\xf8\x05>\xd0U)\
\x014\xf0s\xfa\xaf\x90\xfd\x90\x82\xa0%\xf7\x92\xf1w\
[X\xf7\xd5\xe1\xa6?\x9d\xfbU\x08\xc0\xae\xfb \x07\
\xf0\xac\xef\x1f\x91\xe1\xcb\xb9\x7f\xbc\x11\xff3\x96\x005\
\x10\xff\xda5\xa4\xff!\xe2\xbf\x14\x00\x7f\xf9\xf2C4\
A\xff\xfe\xaf\x97Mu\x00\x09\xf5~1\xe8\x9b\xa8\xd2\
o\x9e\xcb\x97\xfc8O\xf24\x95\xdc?\x01\xee/\x0e\
\x009?\x82?^\x18\xfd\x19B\xe57\xe6\xaeO\x03\
\x95\xcf`F\xeaoB\xf5O\xe2\xfe\xb0{\x03\xfao\
\x0c\xf0_n%\xf0\x1b\x9a?R\x001}yN\xfb\
\x0f\x5c\xf3f\xc9\x03\xa0\xfd\x9f\xeb\x02|\xb6\x8a\xfb\x9f\
\xeb\x03\xac\xddV]\x80\xeal\xda\x01@\xfd\xbf\x01\xd0\
\xdf!\x03\xd0\x03\x18`7\xfd\xd2\x05\xa8\x1b\xc0\xfd\xb6\
#&\xdf\x0dI\xf9\xddk\x81\xf6\xcf\xc5\x1ev\xccO\
\xdb\x00|u\x01\x02\xb6K\xbc\x1f\xdaz\x1b\xa0\x9fr\
\xfe\xd0\xed\x97W\xd4\x1e\xf8>t\x80\xb2\x90\xc6/\x19\
@\xf3\xf9\x07\xae\x07\xfc\xfa\xe1\x03\xc5\xfeU\xf1_\x8c\
>a\xc8\xa7\xdc'\xc4\xbfq\x83!?*~\xaa\x03\
\x98\xe4\xc8\xfc'0\x7fJ}&x\x8b\xd1\xa7A\x10\
`\xc9w\x80F\xa0\xc1\xee?S\xd0} \xfe\x8d1\
\xa09X\xff(\xfc\xfb&\x0e\x00\x01\x1aq\x04\xbd\xa0\
\xd7w\xe3\x1ej\x80\xef\xe7\x01\x9c<.\xcc\xbc\xfen\
\xd7*\x03\xa8\xce\xe63\x80\xedn\x97\xa0_\xe1\x00v\
\x91\xedo\x97f\xfe\x1cG<B\xe8\xa9\xe8G\xa3\xdb\
i9\xec\xfa7t\xd3\xa7]\xf5\xa3B\xbfD\x04\xba\
\x8d\xb2\xe4\x8fU\xfb\xe1\xd8\x7f\xc7\xd6\x01QD\xc6O\
&\xf9\x7fV\xeb\xa0\xf8\x1f\x85\xfeH\xdeO\x7f\xf2\xd5\
Z\xf3o\xa5#X~\xb6\xb8`\x81\xe0\x02\x8bA\x9a\
\xcb\x12 \xd1\x98\x0f\xb1\x1f(\xfd5\xc7Mj\xffZ\
\xda_\xe1\x00\x12\xac\xfdb\xf8\xb7R\xbfl\xfd\x99\x18\
U\xffln\x00\xfda\xed\xb7\xc4\xfc\x19\x08\xff\xac\x01\
,\x0ax\x10?!\xe0'\xc6/\x0eb:\x05\x09h\
\xdaw{\xa8\x09\xfan\xbf?#\x06\xa0\xd6\xbfs\x8e\
\x07@\x10P\xfb\x80u\xfd+.\xc5\x97\xad\xd5K\xa9\
\x0bP9\x80\xeal\x08\x03p\x90\xf4{\xea\x00\x1c\xca\
~\xb1\xeb_\xb4\xfc\xd1\xff\xdb\xd6\xe1\xff\x01\xe6\x7f\xc2\
n\xc7\x0bQ\x05P\xee\x97i\xbf\xb6\xff\xd5\x17`\xd7\
w!\xf8\x8b\xd9_\x1a;@\x7fZ\xbe\x96\x01\x19|\
B\xd6\x06\x0f\xd0\xc9\xc2A\x8d\xe0?\x1d\xc0\x1f\x9f\xbf\
\xfe_\xc2\xdfk\xdd\xc1\xf38\xe0\xef\x9f\xfbp\x00l\
\xf3\xc1\xfak\xc4\xfd\x89\xfd'\xcd\xe1$M&\x1c\xf4\
\x17\x07@\x02\x10V\xfdb\xcd_J\x07`\xb7}\xb8\
\x10\xfa\x97\x04\x00\x10\x80\x9b\x06\xb3\x00X\x1f\x01\xff\x83\
\x83\xd4\x9d\x17=@\xa9\xff%\xfa\x07\xd3)|\x80x\
\x01b\x00}\xf9\x97\xbd>\xed_K\x00\x0b\x01^\xc0\
\x038y\xfcl=\xfb?W\x05\xac\x5cW2\x80\xb2\
v@\xf9\xfc\x90g?\xae\xff_9\x80K\xe1\x01\xe8\
\xa8\x0f\x18\x80J\xfd\x0d\x95\xf0\xe3\x15c\xbf\x9e\xe3A\
\xe9s\x8f\xeb~1\xf3\x8b\xfa\x7f@\xbe\x1f\x1a~\xad\
=\xab\xfc\x0d'\xc0]\x9f\x83\xb2\xd8\x7f\xa7\xdd!\xe3\
\x0f\x8e\xa0\x06_\xd0!\x0b\x88\x1f\xb5H\x92\x00D\xff\
\xb0\xc9\x02\xc0\x7f\xbe\x89\xe5\xa0/\x80\x03R\x15\x80=\
\x7fq\x02\x14\xfe\x82\xf6\xb7\xd4\xfdH\xf6\x93\x9c\xd0\x1f\
\xbe\x0f\x09\xf8c\xcf\xe7\x99\xd8?d\xbeL\x10\x1b\xc8\
|\xc7\xf0\x00f~P\xb0\xfe\xdd\xb2\xf2W\x80\x91\x7f\
\x96\x00b\xfe}I\x00\xfa \x02J\xfd/\x1e\x00\xf6\
oK\x001\xff\xdb\xda\x0a<\xd7\x06<\xfc\xa4^\xdf\
\x97\x80\xbf\xaf\xd7\xad\xfdC\xbd_>?<\xfb\xfd\x10\
\x18\x80_\xf1\x00\xaa\xb3\xe1\x0c@\xbb\x80\xbb\x9a\x01\xec\
zE\xe6\xefy\x8e\x15\xfes\xb0\xe4\xb7\x8b\xa6\x1fg\
\x7f$\xc3\xf7Z-\xdd\xf4\xa9\xbb\xfd\x0a\xad_}\xad\
\xad\xfbiS\xe8\xafV\x0c\xfe\xe9\x93vF2@'\
\xf3\x1d\x9f\xb6?\x0aG~FP\x92\xbc\x00\x00 \x00\
IDATx\xfa\xf3W\x1f\xee\x00\xae\xfc\xf3e\x0c\
\xe2\xef8\xc9\x8f\xc9\xf9\x01\x0f\x00\xcb\xbe%\xdc'\xe8\
\xf6\x81\xf2G\xd0o2\x994\x87\xc1\xd2\xfc\xb9\xec\x8f\
\xc3\x7f&u9\xf5\x17\xb8R\x03\xb8P\xff<c\xfd\
\x07\xa5C\xd6\xbf\xe9\xc7\x04\xff\x02\xe3\xf6\xdd\xa0'\xff\
\xa8'\x0e\xe0\x97b\xfe\xaeK\x07\xb0\xf3V\x0c\xe0\xfb\
\xa9\xc0\x17\x9c\xaa\x04\xa8\xce\xe61\x008\x00\xc5\x00\x94\
\xed\xab[~<\xc7\xee\xfae6\xe0\x88\xe5\xb7<U\
\xfcV\xce\xbf6\xfb!\xff\xa7>`Pl\xfb!\xf3\
_\x92{\x92|\x90\xfdGl\x02\xe0Q\xcd\xee\xff\xa9\
\xb5k\x0e\x07\x80\xc4\xfcG\x8e\xd8\xbf?B\xfco>\
}\xbd\x01\xfb\xbf\xb2\xf8\xf7\xa9\xc4\xfec,\xfb\xe1\xc2\
\x1f\xf4\x00R\xf1\x03c%\xfd\xa7J\xfa\xc9\x91\x07\xe8\
\xd8_B\x07`\xe5\xbe\x03\x97\x08\x00\x04\xbf\xd2 q\
Y\x03(\xf6\xb7\xaa\xfb\x17\x18\xc0\xfer\xfa|K\xf8\
\xef\xc9_\xdf\x18\xda\xbfd\x01}s\xf7\x8ek\x1d\xc0\
N\xd1\x0c\x5c\xe3\x01\xfc\xe6\xd9\xca `}k\xf5k\
}\xed\xa7\x8a\x08T\x19\xec\xe63\x00l\xf6\xe1\xba\x8f\
\xdd\xaeC\xe6_\xa3\xd8\xf5E\xf4\x9f\xcb>\xb0\xe8\x03\
\xe5\xbd\xd4\x02\xad\xe5n\xbf\x81N\xfa\xdb\xc9?e\x02\
\x15b\xff*\xf9\xd5\xe6\xd8\x0f\x89?Q[\xac=R\
\xe6\x1fF\x80\xf1Xl\xde\xa1\xf1\x8f\xd0\x02\x18\xb5O\
\xbf\xbb\xb2\x91\xf3\xed\xdff \xff\xa4i\xca}\x7f\x12\
\xfdS\x89\xff)\xe6\xfeR\xe8\xfds\xe6?\x99L\x82\
\x09l_\xe2=\xa2\xbfQ\xee\xbf;\xe3\xd8?\xd5\xfe\
f\xa9\xd8\xbf\xb1'6\x07n\x5c\x12\xff\x94\x88\x1fp\
\xf070\xe2\x02\x10\xee1\xff#\xf9@\x8f\x8e@\xbe\
\xdc\xb9{\x1f\x18@\xc9\xfc\xcf\xcf\x02\x1c)\xf0W \
}\x05\x10\xf8\xb6\xfb\xaa\x0bP\x9dK\xc8\x00\xc8\x02\x96\
2\x00\xbb\x7f8\xf0\x0b\x14\x80\xc2\xdfV\xbe+t0\
\x0a\xbc\xd7\x0aC\xcf\xa6\xf9:\xe8\xebQ\xed\xd7\x12\x7f\
\xf6\xf6Z%\xda\x7f[W}q\xddG\x87\xd3\xc0\x19\
 \xbf\xa8\x1d\x8d2\x22\x82b\xf3\x0e\xa2\x7fSS\x00\
\xc9\x00Nw_\xfd\xa0M\x80oE\x08\x17\x7f~\x0a\
\xba\xcf\x18\xbd?4\xfe\xc6r3\xe4\xbc\x0f(\xff\x9c\
\xfb\x01\x098\x00\xe9\x87\x9c\x1f\x89\xf0\x98\xfb\x81\xda\xb7\
\xc6~\xab\xfdaf\xee\x9c\xd1\xdf\x80\xf2\x9f\x8a\x03\x80\
\xea\x1f\xcd\x1f\xf5\xbe\xd6\x00q?6\x01z~\xf83\
=1}\x89\xfe\xc1\xdd;\xf7\x7f\xfd\x8b\xfb\x16\x03X\
\xd2\x00\xd6\xba\x00'G\xeb\xb8\xdf\xba4\xc0\xca}\xc5\
\x04\xac\x1c\xc0e\x80\x80\xd0\xffV\x0e`\xe1\x00<\xa5\
\xffx\x14\xfas<\xf9\xd9\x0b)\xff\x17\xaa\xc2\xd7\xc0\
Z\xbc6\xff8\x06\xa0\x93\xc0K\xda\x7fM\xeb}U\
\xfa\x83\xfc\x0f\x00@y\x13\x0b\xc8\xb4\xf3\xef\xfbN\xd3\
\xf1o\x8a\xed\xe3r\xb3\xf9\xfc\x1b\xdb\xdb[\x5c\xd0\xf4\
+\xcf\x06\x96\x9a~\xeb\xbf\xeb\xeb\xeb/N\xa1\xf4A\
\xdd\x8f&\xe2\xbf\x04~\x9d\xf8m*\xef\x0f\x0e @\
\x03\xd0@\xef\xbbX\xf7\xe5B\xe7\x07\xe2\xbf\x12\xfe!\
\xf8o0\xf5\xa7\x0e\x00\xe3?\x9c\xfdq\xe7\xee\x7f\xd9\
\xbb\x9e\xdf\xb6\xd1#\xfa'\xf4\x8f\x11l\x14H\x0e\xd6\
\xb2\xfcd\x92rEB\x94\xd8\x15(\xaa(\x22\xb9\x86\
\xb0,@\x98.@\xc4U\x05\x08\xd4\xb1\xf0\xc59\xe8\
\x92ko\x8b^z\xcc\x02\xfd\x0f\x8c\xac\xd3\xa6\x80\xdd\
E\xb0?\xd0\xec\x02\xd9`\xb7\x0d\x16-\xd0y3\x1f\
eIN\x1a\x06U\xd0\x0b\xbf\xd8\x91(\xc39e\xe6\
{3\xf3\xe6=\x0e\xff\xe9\xd4\xa5\xd0\x8f\xb8\x02\xa0\x98\
\xd7\xe0 \xc2\xe5O\x08 \xb3\xc3<\xcf\x0f\x96%\xc0\
\xf2{=\x01@\x10d\xb7\x18\xfb\xc9\xd9\xd9\xd9x^\
\xfe|\xa7\xda\x05\xa8\x12\xc0\xfb\x9b\x02p\xc3\xff\x0e\x86\
}\x8c\x00\xee4X\xee\xb3\xb77\xc0Ss\xc0\x83\x00\
\x11\xfce\xbb\x9f\x8e\xe6\xfc\x0f\x1a\xda\xedg\xb0:\xfa\
\xaf\x05K\x0e\x80H}Q\xd4\x075p\x01)\x17\x0c\
\xada\x00\xda\x1f\x85?_\xfe\x06\xc3\x80aMl\x81\
\x1f\xbc\xe5\x86\x7f\xf1\xe0u?\xdf\xfc\xf0\x1fO=\x08\
\xfe\x9c\xcc\xfd\x93\xf1\xc9![| \xf8\x09\xf6\x0b\x0a\
\x98\x8c\xbd.Z\x7fP\xfe#\xbc\x8f\x04\xe0{\xb3\x99\
\xdf\xd5J\x7f\xa8\x01\x5c\xbb\xcb\x0b?\xac\xf5W\xf4\x00\
P\x00\x80\xf4;\x05\xeb\x87\xef\x7f\xc4?\xa1\x81PM\
\x95\x0aU\xa4\x13@\x98\xe5a\xee\xe6J\xf4\x00\xf8\xee\
\xbf\xf7:&\xe0\xc3wl\x02V\x09\xa0:\xdb\xef\x01\
p\x17P\x97\xff\x82\x00p\xe1S\xec\x83\xf7\xc3\x8e\x9f\
=\xa6\x014\xd0\xe2s\xf4\xaa\x0f;|\xb2\x0a\x10c\
\x80\x15\xe2/\xdc>\xc0\xee\x09\x8a\xea_\x5c\xff\xe8\xfe\
\x87\xe4O{h\xca\xdc?1\xcc$I\x02\x1e\x01\x10\
\x02\x98}Tj\x02\xf0\xf7r}\xc2\x7f]\xcf\xbb\x06\
S\x02\xe7\x87\xe3I\xd7\xf0\x09\x02\x1c\xea\xc3\x16\xdfL\
\x00r\xbb\xbe\xa6\xfdS\xf1O\x09\x80\x82\x5ch\x00]\
\xe5*\xbb\xab'~sY\xf9\xd7n\x1fn\xc4\xe4_\
\xf0\xfee\x0a\x80\xe6\x1fU\xfe\x94\x1fB\xbcR>\xa0\
\xe8\x8fO\xb3\xcc\xcd\xc3\xf9-=\x80\xb5\xf8\xdf\xff\xc3\
\xe3\xbb7\xaa\x1f\xbb\x85\x0c\xc8\xba,\xc0\xeaZ\xc0\xc7\
\xbf\xac\xa6\x00\xd5\xd9:\x02\xb8Ca~\x87U\xbf\xf4\
\x0c\xb0A\x1f5\xcd\x86C)`\xc0\x8a\xdfT\x13@\
\xd5\x9fY\xbfKsOt\xfe\x99\x0a\xdcY\x95\xfb\x85\
\xf4\x8f\xb5\xdc\xfa\x0b\xb8\x0ehQVH\x02\xfaw\x12\
\xf4\x02\xf8\xfa\xb7\x12d\x004\x00\x13\x1e\x04\xf4\xcbq\
\x80\xbf\xbe\xfa\xa1,\x19\x00\x86?s\x7f|\x22\x86\x1f\
\x13c\x82\x9e?\xfb\xfd\xf1\xc4\xcf\xb7\x0f\xf9\xf2\x97\xcd\
?B\xffT\xf7c\xf1\x07\xf7\xbf\xaf\xdcQ\xb7p\xfa\
\xd5u\xffM\xfcO\x19\x02\xb8\x12\xfdh\xf7\xa3\xe3O\
\xb7\xbf$\x02;\xcb\x81\xff\xa9\x088\x083U\xf0\x00\
\x0a>\xf0o\xf7o\xad\x03\x17T\xdf\xb5U@\xdd\xfd\
\xdb\xf8!\x95\x00U\x02\xa8\xce\xb6\x9b\x80M\xf4\xfa\xb5\
\xde\x87$\x80fC<~\xe9\xf2\xefu\xe8\xdb\xe9\xe1\
\xa6\xd7\xf6\xbe\x8e\xd8|\x0a\x06\x18\x10,\xa0\xf8\xd7\xcd\
B\x89z\xe6\xfb\xb4j\xc5\xed\xdf\xd6\xab\xc0\x96i\x0d\
\x01\x0bd\xe4\xcf\x9b\x7f\x96\xc9I\x00\x85@IS\xf0\
\x97\x97\xe5l\xc3\x1e\xfc\xf0\xcc89\x1c3\xe9w<\
a\xb1\xef\x89\xe8\xfd\xd1\xd5?f\xca\x9fe\xfb\xe2\xee\
\x85\xa6?]\xf23\xed\xf6A%\x80\x1a\xab\xe5\xed?\
_\x15\xfc\x8bp\xefGX\xfc\xb5\xc1\xff\xf1\xa2Hc\
\x00\xc5c\x00\x02\x01n\x98\xfd\x9a*\x80<\x0cc\xaa\
\x00\xb2b\x17`\xa9\x07\xb0\xce\x02x\xf8\xbbJ\x0f\xa0\
J\x00\xff\xdf\x04\xe0\xfc\x94u~\x1bz\xf9\xb7!\xe2\
\x7f\x90\xfa\x04\xfb\x1fn_f\xaf\xc3\xde^\x9d\xbd\xc2\
\xdbs r\xff\x8e(\xff\xac\x9a\xfd\xb4\x05\x02\xc8\xda\
O\xabm\x9a\xbc\xfc\xc7\xb9 \xc0\x18@\xa3\x7f\x0b\xd4\
\x7f\x82\x00<\x03\xa4T\xd0>\x7f\xf2\xa2L\x5c\x7fq\
u~U\x8e,\xf8\xe9\xf5\xb5\xac\xfd \x01x\xc6\xe4\
\xc4G\x02\x98P-\xc0B\xbf>\xba\xfeZ\xef\x1fN\
\xdf6\xae}\x9e\xf9\xb3\xd5\x9f\xd6\xfb\xea.o\x7f\x18\
\x00P\xe4\xdb.\xf4>x\xf5\x1fS\x00\x1e\xfc\xd9\xa8\
\x01P\xff\xf3W\x9c\xe7v\x96\x85\xdeA\xee\x1e\xd1\xf3\
-=\x80\x0dM\xd0\xc7+\xd0\x7f\x05\x04\x14\xcd\xc0\x9d\
Mv@5\x05\xa8\xce\x96\x13\x00v\x01\x1bM\xbd\xf4\
#\x86\xdfMn\x00\xc2\xf1\x0f2@\x8eV\xfat\xf6\
n\xdc=\x1d\xcd\x04htVh\x7f\xe6\x10\xd7>[\
\xfe\x05\x0c\x05\xd0\xfe\xd3\xfa_H\x02f\x82\xb9_\xb3\
i$h\x00 \x0f@\x09\x14[\x00}\xe3i9#\
\x90\x97\x97\xd6\xf5\x93W\xe5\xc8\x00\xcffX\xf6G\xdc\
\xd3\xe5o(\x94\x00\x10\xfc\xea\xfa]6\xfb(\xfc\xbe\
\x10\xf06\x96~\xd1\xf7\x9f\x89\xd7\xf7Hm\x1c\x96\xfe\
d\xc6\x0f\xc6\xffS\xdc\xff\xe8\xfeQ\x19\x00\xe6o\x14\
\xca\x18Pe\xa7q=\xceC\xfb4\xcc\xe3\xd3\x9cr\
\x81\xfb\x96\x1e\xc0J\x13\xf0MK\x00\xeb\x1fV\x08\xa0\
:\xef\x05\x01\x88\xd6\xaf\xb0\xff;p\xf9E\xf07\xcd\
\x1e8\xc0,\xf5\xc5\x9c\xdf\x8e\x8e|\xa7X\xfc]\xed\
\xfd\x09\xe5\x97w\xff\xac\xa0\xa5\xdf\x83\x0b\x88\xc5?\xc4\
?x?\x09\x03\x00\xc9\x00\xf4j\x98<\x03\xb0.~\
\xf1\xcd\x9b;\xff7\x9f\xbd\xba\x9c\xd5\x0c\x86\x00\x0f\xde\
J\x16x\xfe\xd9\xc5\xdc\x9b\x8c'>\xac>\x91\x07\xa0\
\xff\xef\xfa\x87\x87\xb6?\x06\xed\xcf\xefJ\x0b\x00\xf7?\
\x94~\xe7\xae\xcfs?\xf4\x00<\xa9\xfe\xb5\xd5\xef\xbc\
\x10\xfb\xf6x\xf7'B\x0bp\xcaQ\x0f\xde\x0f:\x00\
\x18\x02\xd0\xfd\x9f\x1d\xe7\x14\xf5\xf1A\x9e\xd1k\x5cO\
\xeb\xe9\xe8F\x0f\xe0\x9e\xe8\x01\xac'\x80\xdf<\xde\xd4\
\x01\xfe\xef*\xc1\x95\x1e@u\xb6\x9e\x00\x00\xfe\xc5\xf0\
\x9bY\x7f\xd0\xfb\xc3\x00\x00\xbc_^\xfa\x15\xbeoG\
o\xfe\xeb\xee\x9f\xee\x02\x06\xcb\xfb\x9f#\x9fq?|\
\x7f\xa8\xd47\xc5\xf2\xcf\xac\x99\x16k}S\xfd\xcf\x9a\
\x9f\xf8F\x1d\xd0\xb7\xb0\x06@\xb9\xc0\xb4\xfa\xe7\x7f}\
Qb\xf3\x0f\x00\xc0\xa8\xd5\xce?\xff\xe2\xb5\xb9b\xf3\
\xf9\xabK\x17\xe6\x1f\xbewhp\x02\xa0of\xfeB\
\xec\xdb\xf6Y\xf3\xdbF\xbb\x8f\xe2\x1e\xf4\xff\x997\x83\
\xebW\x97\x17}\xd1\xfa\xeb\x16\x09`\x04\xe2\x8f\xb2\xbd\
p\xea\xd9\xd3H\xa4\xbf\xa6S\xe5\x0a\xf5/\x8cd\xef\
'\xca\x8e\x15,m\x8eT\x9c\x86!\xa5\x804]\xd4\
\xb3[z\x00\x1b\x08\xe0\x93\xbb\xa5\xb5\x00\xf0Z5\x01\
\xab\xf3>\x10\x00\x8b~\xf2\xfa/\xf4=\xd1\xfew\xcc\
\x00\x18\xc0\xd1\xe2>\x8e.\x01\x90\x01\xa4\xff'\x8e\x9f\
X\xf5\x95\xeb_7\x008\x03\x04\x16/\xfc\xa0\x0d\x08\
\xe5\x0f\xfe\x03\xac\x8fr\xbfi`\xec\xc7\x1d@\xb4\x00\
\xfb\xf4\x9c\xb4\xaf\xca\xa9\x80|\xf9\x14\x16_\xc6\xe5\xcb\
\xb2NA''\xe3\x93\xf1d\xe2\xa3\x01p8\xf6\xdd\
1\x16\xffX\xec\x07\xda_\x00\x003W\x96\xff\x14\xb4\
\xfeg\xb3\x02\xf2\x8fW\x9d>\xd0\xfbs)\xfe\xe9/\
\xca\x04\xd8\xfe\x9b2\xe1G\xd9<\xf5'\x10\xa0\xb28\
>\xa5\xf0\x0fC\xf0\x7f\xf20\x9c\xe7\xe9\x22>H9\
\x01\x14\xbe\x00\xa2\x07\xb0\x16\xff\x9f<\xbc\x7fW\xb7\xf7\
vvV\x16\xffw\x97o\xd6\xf4\x00v\xab)@\x15\
\xb0\xdb\xef\x01\xec\x15\x9e\xbf\xcc\xfa\xeb8=zu(\
\xfc;\x8d^\xaf!\x81\xce\xab>\x05\xf2\x977K\xde\
oK\xb7\xfeQ\xe7\x0f\x0b\xf6\x1f\x82\x1f\xea\xbf:\xfe\
\xb1\xf4\x1b$\x16s\xfe\xfbm$\x00\xe8\x7f\x19(\x04\
\x00\x06\xae[\xe5\xca\xfa\xbf\x5c\xf0\x7f\x83\x93\xcbr\xb2\
\xc1\xdf\xdc\xb9\x00\x0dhL\xb1?)\xd6\xfd\x0e\xbb\xdc\
\xfd\xc3\xe2/\x03\x7f\x18~\x01\x00\xc0\xed\xc7v\x97\x1d\
\x7fa\x00\x11\x06\x00\xfcg\xa9O-\xf9\x1b\xb9X\xfb\
\xa3\xf8w!\xf9\x15I\xef?\x0a\xe3S\xca\x00q\x9e\
\xa9,#\xe8\x1f\xaa0?H\xe3\xc5\xd9Y|K\x0f\
`\x1d\x01\xfc\xf1\xf1\x92\xe8\xbb\xc6\x06x\xcdj\xd0n\
\xd5\x03\xa8\x12\xc0\xfb)\x01\xb4\xf5\x07z\xf4A\xd0\x80\
\xdf\x17\x9a\x80=\x0et\xb9\xeb\xb9\x06(|>8\x1b\
\x04\x83b\xf8\x8f\x1c\xd0\x96m?\x96\xfe \xec\xcfC\
\xc0\xd6\xd0L\xc0\xfeG\xf8\x9b\x10\xfbi\xa2\xdcg\xe8\
\xcf\x8d\x7f\xbc3\x93!\xbd\xfe\xf9\xe9\x8b\x92\x00\xc0\xe7\
\xbdp\xeb\xe2\xdf\xcf\xcb\xfd\xc2\xe5h\x82!\x00\x96\xff\
\xd1\xf7\x97\x95?Y\xfa\xa1\xa0g\xc8OiA\xb9\x1e\
e\x00\xd4\xfa\xa2\xf59\x9a\x8fn\xf4><\xd1\xfad\
\xa9O\x16\xff@\xbd\x1f\x09E\x00m\x00\xb0\x002u\
\x1a\xab\xbc\x9e\x13\x02\xa0\xd0\xcf\x91\x00\xd2z=\xae?\
:;]\xf1\x05\xf8\xe0\x16\x0f\x00M\xc0\x0fww?\
\xa4\xc0\xbe\xcf~\x00\xbb\xec\x07\xa0}\x02\xf4\xb3\xfc\x1c\
~\x01\xf7\xe1\x0dX\xe9\x01Tg\xcb\x08\xa0\xa9\x83\xbf\
\x07\xa1\xaf\xa0\xe14\x01\x01zM\xcc\xf8\xa4\xf7'b\
\x9f\x03-\xf6\xcf\xe3\xbf\x9b\xd6\x1f\xc3}\xb3-[\xfe\
\x816\xfdA\x13\xb0F5\x80\xdc\xfe\x0c\xffq\xdf3\
\x02Hx\x03\x90Q\x00\xbd\xef[\x89\xe6\x00\xbf\xfd\x9c\
_\xeb\xff\x0c\xe3\xb2\xde\xa1\xdf]\xc1\xeew\xc2&\xdf\
]\x97w~\xe1\xf8\x07\xb9\x7fD\xbf8}\x13\x0a\x80\
\xf6\xf7\x1cj?#\xd1\xfb\x1b\x09\x05\x80\xb7~\x5c\xba\
\xff]\x8f7~\xa9\xfa\x97\xb5?\xf4\xfc\x94\x94\x00a\
f\x1f\xab\xf08\x0f\xe38W\xa7\xb9\x1b\xa1\xfb\x97\xa7\
\xf54=\xa8\xd7\x81\x00~\xb2vn#\x80w:\x15\
\x02\xa8\xce\xf6K\x00h~\x13\xe2\x87\xce\x8f\xd9\x08\xcc\
^\x83\xf9?2\xf0c\xde?\xc7\x7fg\xcf\x19\x04\x85\
\xf4\xf7j\xfck\x89\x9fV\x91\x03\x86m\xb3e\xb6\x92\
&?C\xed\x9b\xf5\xbe\x86}Kg\x01K\x9a\x80(\
\x03\x92~\xbb\x9f\x9c\xff\xed\xfbr\xce\x7fO\x8b\xfa\xf7\
\xe7\x17\xe5XC?~\xf1\xf9\xc5\x9cj\x7f\x1b\xac\x7f\
w\xccE\x80'\x86\x9f\xac\xf7/_>\xd5\xf6sw\
i\xf6\x85\xcd\x9f\x910\x800\xf1\x87\xca\xe7\xd4S\x5c\
\x00DS\x82\xfe\x14\xfeS\x85\xce?\x13\xffCu\x1c\
\xaa<V)\xe6~\xf4'Tq\x9d\x82\x1f\xf1\x1f\xc7\
\x82\x00>X\xd3\x03\xd8\xe8\x01\xfci}\xe9\x7f\xf7\xcd\
E\xc0\xae\xe8\x01TS\x80\xeal9\x01P\xe1/\x22\
\x7f\xcc\xfb7A\xfb'\x00P\x8c\xfa\x05\xf5\xb3\xd4\x17\
]\xfc\x9d\x86V\xfc\xd0\xf5\x7f\xad\x05\x81\xbf\x16\xfbz\
\xb1\xec\x07\xc8?m\x06\xfdMY\xfe\xe7\xb5?\x0a\xf9\
\xfePD?\xe4I\x8b\x00[\x94\x00\x8c\xf5\xeb|S\
\xe7s\xf9\xfc\xe9G\x0c\x00\xe60\xfb1\xae\xbe|\xeb\
\xd20\xbf\xf9\xe7\x95\xe7Ox\xd3g\xecj\x9fO\x8a\
\x7f\x88|b\xfc\xc7\x10\x00K\xc0#\xd7\xf5V\x0f'\
\x00\x99\xf7E\x9e\x1d1\xf3\x1f\xca\x9f\x0aR\x1f\xd0\xfb\
\x87\xd8O\x06\xda\xbf:\xca\xd5q\x9e\x1d\x13\xf2W\xa7\
i\x9a\xe6y\x5c?J\xe3\x03d\x80\x83\xd5\x1e\xc0=\
\xad\x07\xb0\xbf)\x0b^J\x07\xa0x\xae\x9a\x80\xd5\xd9\
z\x0f\xc0d\x99\x1f$\x80^\x93\xc7\x80\x9dF\xa0\xad\
}D\xf1\x93\x89@\x03\xc7\xd1~_\x83\xce\x8d\xda\x7f\
P\xe3\xe5\x1e\xb0}\x86B\xf9\xc5\xd0?\xb0\xb8\xfe\xaf\
\x05\xed\xc4d\xb9\xff\x04\xf1\x8f\xca\xdf0-C$\xc0\
0\x01lZ\xfd\xbeu\xf9\xdd\x83[V\xa0\xaf{\xf8\
\x96\x00\x00\xcc\xbe\x90\x00\xacE\x01\x01\xd6TAo\xff\
\xfe\xf3\x1f]\xce1\xf1\x07\xe7\xc7S\xc5\xde\x8f\xcb3\
\x7f]\x02t\x95;\xf2\xd6\xc3\x7f\x04\xd1O\x82\xfb.\
\x16\x7f\xa6T\xff\xbbL\xfb\xf1B\x05\x04\x00\xe2/n\
\x7f\x8a~E\xe8?'\xec\x9f\xab4\x95\xc9\x1f\xdd\xfd\
\x84\x00\xe2\xf4\xa8\x1e\x9f\x9d1\x02(\x94\x004\x1b`\
\xa3\x04X\xef\xf6\xef\xbeI\x1d\xb8x\xa9\x12@u\xb6\
\x9e\x00\xf6 \xf7\x87\x89\x7f\x0f\xea\x7f\x8d\x8e\x0e\xf9\x06\
\xcb~\x0a\xf3\xdfY\x0a\x80\xdf\xb4\xffY\xde\x13\x0a\x7f\
\x80\x00-a\xfd3\xdfo\xd8\xb2\x02\xee\xfdC\x04H\
.z.\xf7MJ\x03\xcc\x01\x96) \xea\xff\xe6\xd0\
8?/'\x03\xf8\xea\xc9\xf9\x8a\xe1\xcf\xf9U\xc9.\
\xc0W\x17(\xfd\x0f\x97{\x7fX\xfa\x85\xd3\x07\x14?\
x\x0a\xa0\xba\xb6t\xfe\xc4\xf3\x87+\x819\xac>D\
\xe6OX\x7f\xcc\xfcE\xe7\x1f\xab\xff\xf8+R\x94\x05\
\xa20\x0b\xe9\xb3\x98A@\x1a\x86\x04\x01\x16\xe9b\x91\
\x1e\xa4\xfc\x15\x0b\x02\xd8\xd0\x04\xdc\xff\x9f\xd6\x81\xab\x1e\
@u\xb6\x9f\x00L\xd6\xf9\x0b\x1c\xde\x02rn\xa6}\
\xce\xa0\xa3\xa5\xbfY\xffk\x0f\xab\xc0\xad\xd6\xcd\xde\x7f\
\x9b5~[\x09'\x01\x8e\x7fd\x05\xd6\x02\xb3x\xfc\
\xc7\xf0?i\x1am\xcbD\xf8'\x80\x01\xcc\x03b\x04\
`\xb5\x8d\xfep\xfc\xacd$\x7f[t\x00\xc6\x86Q\
3~\x7f\xf9\xab\xef\xcb\xf6\x01g\xbe,\xfe\xda~\x17\
\xca>3\xcc\xfc<\xce\x01\x10\xfe\x1a\xab\x19\xeb}\x8f\
\xd0\x07`\xb7\x0f\x0a\x7f\x85\xe0\xe7\xa5\x1f\x5c\xff\xac\xfc\
\xcf\x8b@\x1e;\xfe)\x1e\x03P)\x90\xe5q\x9ea\
\xed\xff\x88\xae\xfeP\xe5\xa7\x8b\xc5\xd9\xd1\xd9\xd9\x01\x95\
\x00\x8bxq\xf4\xe8Q\xba\x10=\x00\xd6\x05\xbew\x9b\
\x07\xb0\xff\xf0\x1d\x9b\x80\x1fW\xbb\x00\xd5\xd9\xee\xf9\x99\
\x83\x96?V~\x1aM.\xfd\xd9\xdbk \xb1/U\
\x00\x92@K\x96\xfe\x97\xe8\x9f=\xbe\xb9\x07 \xf2\x1f\
,\xfb\xd5j/i\xfff\xa2\xbd~e\xeb\x8f\xcb\xff\
$\x81\x060\xc1\xfe6\xb7\x01\x8c~\xbfo\x5c|V\
.\x8e\xbf\x86\xe7\x1f\xd4\xfdk\xffa\xef\x0az\x13I\
\x8f\xe8\x8fB\xb6\xac$\x87e\xbe\xa1\xbd\xb4\xe9\xa5Y\
0(Q7p\xd8\x06\xa1V:\x11\xa29t\xc6!\
H#\xb8\xac\xb4\xe2\xb0\xf6\x81\xcb\x1c\xc3\xaf\xb0\x8f\x93\
9Z\x91G\xf2H\xf6JN\x9c\xd9\xc9F\xca\x8e\x94\
\x19'\x87I\xeaU}m70;\xee\x95\x18\xad\x22\
\xf5\xc7`\x0c\x1e\xfbV\xf5\xbd\xaaz\xf5^M-\xe8\
\xe1_\xa5t\x10\xba\xf9\xfa\xacfb\xe9\x97\x89\xff\xf6\
\xe3J\xdd\x00\x02\xc0\x14\x10\xd7\xbf\xa6\xfdO;\xb7\x08\
\x00\xae\xde\x10\xfb\xe0\x91\x1f6\x7f\xc6\xac\xff\x05\xa5/\
\x1e\xfbq\xe8S\x068\x08\x08\xfb[\x93\xc8v\x9c \
\xe4\x04\x10\xf4\xf2\xa15\xe3\x7f\x00\x00\x94\x08\x8e#.\
\x01\x1e\xfe\xd0.\xc0\xc9\x93G\xeb\xae\x80\x1fz\x7f\x8b\
\x00~\x9d[\xd7\xd5O\xfb\xd9\xff\xef\xefg\x09\xe0\xa3\
 \x00H\xfe\xc3\xf4\x17e\x80\xde\xf0\x01\xddO\xb4\xbe\
d\x10\x80|\xd0Jx\xfdU\xcbb\xf6#\x13\x7fV\
\xffb\xadot\x03\xb83X\x00\xeb_a\xd9_z\
\xfe%\x96\xff\xe6\x04\xa0\x5cN\x0a\x9eG\x00\xe0\xf0\xc5\
w\xa9\x0c@v\xfe\x04\x12\xf0\x82\x9f]\x7fQ\xab\xf9\
\x9dw\xd7\xe9\x0cD\xde^u\xf4\xdaO\xcd\xc0\xa6\x0f\
\x96\xfel\xe9\xff\xdb\xb1\xcc\xc7\xed\x00@\x0e\xdd\xf8\xc7\
\xa2\xf8\x8b6\xa0\xc9*\x1f\xb2\xf5\xdbl\x12\xf2o\xa2\
\x07\x10Q\xf8\xe7\xc3I\xd0\x8c*V\x88\xe2\xdf\x09\x06\
\xf9`n\xcd%\x01\x04\xf4\x12\xcc\x8f\xe7\x98\x02h\x1e\
\xc0\xc3\xf7\xf1\x00N\xbe\xda\xde\xfa%\x85\xf6\xa3\xaf0\
\xffg\xfd\xff\xe4\xfb\xad\x95\xf7\x99/@v6\x9e\x00\
JT\xf9\xef\xed\xc2\xf3\x97\x0d~)\xfe\xf7\xf4\xdeO\
k/\xf6\xfc\xa3\x84P.'\xac>\x0bz\xcd?\x87\
\xab\x9f\xe5\xff\xcaB\xfac\x00\xd0\xe7\xb5?\x19\xf4\x89\
\xe8\xbfP\x7f\xfb(\x01\xbc\x92[,\xd0\xed\xef)\xa5\
\xfc\xf3t\xf7\xf8\xd1\xcbsT\xff\x90\xf8\x81\xd1_\xae\
\xe6\xfb\xb5\x8b\xb4\x1e\x22\x7f\xb9`\xc3\x8f\xbav\xf8\xae\
\xd5\x1eO\xe9\xd8\xd3)V|;k\x8b\x7f\xc6\x98\xa5\
~Y\xec\x83\x01\x00\x0b~s\x12`\xe9\x0f\xb0\xff\x06\
\x03'\x8a\xb0\xef\x03\xf9\x0f+\x94\x13\xe4\xf3A/D\
\x02\x98i\x04\x108\xb7T`.\x03\xd6K\x80?\xfe\
\xf9\xc7\xea\x01dM\xc0\xecl\x9e\x08\x04\xf9\xdf\xdd=\
\x8d\xf8\x01\x01Z\xcc\x02\x8aW\xff\xf6\xc4\xec\xebn\xeb\
O*~\xb6\xfc\xd1v_\xcc\x05\x06\xf9\xa7Q\xcd\x15\
 \xf4SP\x8c\xfa\x85\xf6\xc7i\xa0P\xc4\xf6o\x11\
\xec_\xe5\xb6]\xe5V\xd5\xe5\xb3\xfbd\x80\xf5\xf3\xcb\
\xcb\x9c?\xcc\x0d\x95\x9a\x0e}\xf6\xf9\x1eN\x0f\xcfn\
\xee\x81\x0e\xfaw\xaf\x9fGR\xee\xd7\xa0\xf7k\xd6l\
\xb8|O\xa7f\xcc\xfa\xe7\x85\x1f\xd9\xf9\x85\xda?\xb6\
\xfe\x1c\x80\x00\x13\xac\x7f\x10\x01\xc7\xd0\xf86\xa1\xf6\xcd\
\xda?\xcdh\x00\xc0\x1f\x05 \xfd;\x11\xe1\x7f\xdd\xfd\
\x0fz\xc7\x81\xc5\x00`\xce=@:s\xe1\x01<\xd0\
(\xe0C\xeb\xc0\xe9z\x00\x99$Xv6\xdc\x03\xf8\
\x0c\xab\xbf\x10\xfb\x90\xe0\xdf\x07\x04h}\xa2\x95~\xf7\
w\xa5\x08`\xb3\xafrL\xfb/\xb2\xee\x07\x9b}A\
\xfa\x8f?.x\x0d\x0f\x12\xc0\xa0\x00\x14\x1b|\xfd\x17\
\xf4\xc4\x8fo\x7f\x0f\xcf>\xa7\x03*\xfd\xe9\xb8\xaa}\
xv\x9d\xb4\xfd\x5c\xb5\x01M\xc2x\xe5\xc3\xeb\x0b\x22\
_j\xa8\xa6P\xfb]\x5c\xbc>z\xff\xff_}\xff\
\xe6\x8a\x85>k\xf0\xf7\x85\xe9\x17_\xff\xe2\xed\xd9\xb1\
;\xb2\xf9\x0b\xe1\x0f\xaa\x06\x9a\x18\xf8W(\x034\xa9\
\x100)\x0f8c$\x06\xc4\xbe3\xe5\x0a\x80`\x00\
\x22\xdf\x90\xad\x1f\xd3\x89&!\xbd\x9f[\x02\x00\x8e%\
\xfc\xd1\x06\xb4\xc2\x99$\x80\xa5u\xc0?\xac\x0a\x82,\
m\x03\xc6\xb3\xff;\xf6\x7f,\x13\x12\xbffS\x80\xec\
l\x18\x01|\x06\x16\x90&\xfc\x89\xd6/s}\xf6w\
\x99\xfd#*\xe0\xd2\xf8\x97\xe2?V\xfa\x16\xe9\x9f\x5c\
\xb1\xa1\x0b\x00\xdc\xef\x8d*\xdd\xf1T\xf7#\x03\x00\xf9\
{}\xde\xfd\xc5k\xdf\xf3\x5c\x0f\x85\x01\xc7\xbfG\xa7\
]L\xbb\xd6\xf7\xaf\xa7\x979\x05\x00\xc0F\x9f\xfa\xd1\
=\xbc\xfa.e\x1f\xf0ggX\xfb%\x04\x00\xb5O\
\xd3xlL\xe3\xad\x1f*\x02d\xf3W\xa4\xbfL1\
\xfbA\xc1_1*\xf4t`\xf2\xed0 h\x8a\xdf\
O\x10E\x11=\xc1\xf6\x0f\x08\x01\x98\x01s\xfe\x08\xee\
s\xfc\x07\x01\x95\xfe\x1c\xfe3\x00\x00c\xfeA=\x80\
''\x9c\x00V\x84\x00\x97\xde&w\x84\xf0\xd3l\x0a\
\x90\x9d\xcd\x9e\xa7H\x00\xfb\xcb\x9c\x9f]\x0e\x7f\xb1\xfc\
M\x88}7\xa4\xd8\xe7\x0c\xa0\xc5>\xcb\x05\x1e\x01\x10\
\xfc\x17\x03\x11:\x054\xfb\x8b}m\xf7\xc1\x03\xff\xa2\
\xe2\xb5\x9f>s\xff\x10\xfe\x8a!\xc0\xe9o\xd2:\xfd\
\x5c\xd1\xc5\xbf\x98R\x06X\x0c\x15l~kT\x06\xa8\
\xe1Y\xca\x1d\x82\x9d\xbf]u0\x06`\x09p\xbb\x02\
\xbb?-\xf7\x81k\x1f\xea\x9f\x01\xe1\x01F\xfbf\x05\
%\x00\x8f\x00\x9a\x95\xa6\x16\xfbf\xf8\xdf\x14\xf5O\xaa\
\xeb)!\xd0\xcd?\xc9\x07\x11\x96\x7f\x09\xf3\xd3\x9dO\
\xf1\x1f\xf6\xc2\xde1O\xffQ\x07\xd0\x8b\xb5\x84\x00\xde\
\xe7\x0d\xf8DJ\x80\x94Z\x00\x8c\x0f2\x04\x90\x9d\x8d\
#\x80}\xb1\xf7\xde\x8by>\x5c\xfek\xd7\xcf\xe4\xda\
O.A\xf8\xa9r-\x00\xab\x1f\xb4\xfc\xf1\x91\x07\x81\
/T\xfb\x14\xebn\xb1_Pr\xfb3\xe3\x1fU\x80\
\x0b\xe5\x0f\x8f\xc2\xbf\xaa(\x09x\xca=<}\x99\xf2\
\x06\x7f~I\xe0\x1fu\x7f\x8e\x0a\x80\xc5\x90\x9b\x00\xaa\
\xabRC\x80\x9d\xd7\xe7\xd0\xfac\xc7O\xc3|\xccr\
\xbf\x89\xcd\xdf\x0e\x04\x80L\x96\xfa\xc3\xe2\x9f\x80\x00J\
\x02\x98\xf6\x8f1\x15d\xe4o\xb2\xe0\xefdBa\x1f\
\x19\x83`\xd2\xa3\x02`\x82H'\x0c\x00\x04\x00\x06 \
e\x00N\x00\x16\xf7\x02\x04\x01$\x8d\xc1V\xbd\x01\xd1\
\x04\x5c\xd2\x03\x88_\xb6\xb7\x96d\x01\xe2\x97l\x17 \
\x0b\xd8\x8f\x90\x00Zw\xd6~w\xb6\x7f\xad\xd5\xbd?\
\x02\xfcT\xee\xe7\xc4\xf3OT>\xab}\x91\x03\xed\xe7\
\xe0\xf4\x0b\x031\x08\xfe*\xae\xff\x8b\xc5x\xe5\x87\x9e\
\xaa\xc4\xbb\x00.\x15\xfe\x94\x02\x5c\xb7\x0d\x14\xf0\x22\xcd\
\x05~\xc4\xc2\x1e~\x9d\xe2]a\x08\x00\xb7_t\x00\
\xfcn\xbd;={\x96\xea\xf7w\x8en\xfe}\x8a\x01\
\x80!\x82\x9fZ\xeb\x9b\xa7\x00\xda\xeeCG?\xf4~\
*\x8e\xe8\x7f\xe1\xca\xa7\xcf1\xf6\x17\xb9\x7f\xf0\xfe&\
\x81\xed\xa0\x030\x98\x04F@\xe5\xbf5\x0f\xc2\xb95\
\xa7\xc2\x1f;@\xf4\xcfB\xfc\xd3[]\x03\xcc\xd7\xf4\
\x00V\x8cA>Mh\xff\xadJ\x83\xaf\xbd\xdf\xce\x8c\
A\xb2\x80\xdd|\x02(\xe9I\xdf~\xc2\xf5\xb7E5\
\xc0~k\xc9\xed\xa7Q-\xf2\xc4\xdf\x13\xba\x8f\x88~\
\x97\x1bE\x80\x00 \x02\xaf\xcf]\x7f\xba\xef]H\x7f\
2\x18P}1\x00\x90\xcb\x1f\xd7\xbf\xe7{\xb8\xfd\xdb\
\xae\x7f\xf9\xf5Q\xba\xeb\xfb\xfa|\x01k\xdf\x05\x97\xfe\
h\x03\x12\x1a\x80\xda\xaf\x1a\x05i\xd7\x82\xa9\x08\x08@\
\x050\xebu-\xf6\xcd)\xe0\xce\xee\x83)\xbfc\xf1\
\xfb01\x05`\xd2/~,\xcc\x1f\xb3I\x95\x7f\x10\
\xc0\xef\xc3\x09\xa1\xfb\x87\xef\x03\xee\xf8\xa3\x09`-\x95\
\x00\x88|I\x01\xc6|M\x0f`\xb9\x04\xf8\xf4\xd1/\
\xee\xa4\x7f\x13\x96 w\xdf.\x7fxg\x0f\x9e\xf1\x00\
\xb2\xb3\x99\x04P\xfa\x95\xb6\xfbj\xc5s?\x8a\xffO\
\xf6\x12j\xffP\xfa\x10\xc5\x8fj\x0e7}AX\x80\
,\xfe\x8f\xf5\x9f\x1c\x96\x82\x98\xf5\xcb\x1d\x7f\xe8\xfc\x89\
\xe5o\xb1\xaf5\x00\xe9S\x5c\xfd\xb8\xf7\xf9\xe1\xb6s\
\x87\xcf\xd3\x06\xef\xeb\x8b\x85\xaaw\xd5\x90\xf1\xbf\xaaO\
s\x94\x00\x08\x11PI0:}\x96\xf2o\x1c\xfd\xee\
\x02C\x00\x04\xbd\x94\xfe<\xf9\xe3\x01 \xe2\x1f\xe2~\
6\x82\x9f\xb2\x00:\x80\x0e\x1b~r\x0f\xc0a\xb1o\
3\xcas\xccO\x8c\xc9$\x1cP\x05\x10p\xd3oN\
\x01?\xb7f34\x02\xc3\xfc\xf1\xcc\xe2\xe1\xdf\xcc\x92\
\x02\xc0\xba\xb7\x07p\xf2$\xd3\x03\xc8\x10\xc0O\x9c\x00\
\x0a\xe2\xef\x89\x0c\xb0\xbb/\xed\x00\xe8\x80&\xd4\xfe%\
\xd4Q\xf1#\x13x\xb1\xf37\x8b\x80\x16A\x03(T\
\xd1\xfb\x13\xc2\x1f&}\x5c\x02\x08\x03P>T%\xd7\
\xf3(\xfcA\xfe\xe5g[\xa1\x83wt\xb4:\xf2_\
\xfe&&\x01\xfb>\xfc\xbd1\x03P\xa8\xff}X~\
w\xfd\xe1p\xf4\xf8\xe2\xed\xbd\xbf/\xdf\xfc\xf3\x85m\
w\xfc8\xe8c\xc1_\x9d\x00\x9a\xb1\xd4/\x14?@\
\xfb\xc5\x1c\x90=\x7f\xb4\xdfGs\x80\x99\x1f\x05=U\
\x01!!\x80A(\x9a\x7fH\x00\xe1\xac\x17\xccg\x94\
\x08(\xfe\x0f\x1c\xcb\x09\xf4\xfd\x9f\xe8\x01$\xf5\x00\xd6\
\x9b\x80\xdb\x09\xa6\xef\x8a xB%x;\xf3\x05\xc8\
\x12\xc0\xc7J\x00\xbb\x9c\x024\x04h\x89\xd3o\xc2\xec\
\x8b\x09?\x0d\xf0{\xa0\xf2-\xf6_\x04\x04\x84\xf6_\
j\xe5\xc4\xedC\xa4>\xf4\xae_Io\x00\x8a\xfa\x17\
\x02\xdf\xe3\xf2\xbf\xdav=\xd5\xa6s\xfa.\xdd\x12 \
\x16zk\xe8\x00\xd4\xe1\xf5\xcbV\x1ft\xf9\xd7\xbb\xdd\
\xd1\x08b\x9f\x97\xdf\xa4\x84\x00;\xdf\xbf\xb2\x93B\x9f\
\x89\x04\x80x\xb7y\xdf\x7fl\xb3\xec\x9f1\xe6\xb6?\
\x1b~5\x0f\xa0\xf7\x0b\xbdOf\xfeD&\x8f\xff\xe8\
\xbaG\xb3o\x8e\xcd\xff\x90\xa9\x7f(\x01\xa4\xf1\xcfO\
J\x0c\x8e\x9e\x02<x\xf0\x85\xd6\x03\xf8b\xad\x07p\
\xf2\xfb\xad\xad\xbb\x16`R\x07`\xeb\xfd\xba\x00\x19\x02\
\xc8\xce\xa6\xc7\x80\xa5\xdd\xd8\xea[\x97\x01\x5c\x11`\xd6\
\xc7\xb4?\x99\xf9\x83\xf3+#\xc0j\xfc\x11\xd6\x81\xe8\
\xd3R\xbfP\xd0\xf7|\xffV\xf4\x9f\x9b\x80%\x9e\x04\
\xa24P\xd0\xfdP\x94\x03\xdaUzq\xab\xd5\xdca\
\xfa\xea\xfd|\xa8|\x8a\x7f\x9f\x0a\x7fB\x01uv\xf9\
\xf6\xf9_\xad;R\xaf\xde\xa4\xfc;7OO\x0d8\
\xfc\x88\xd4\xcfm\x16\x90+\x1f\xca_X\xf9\x1d3\x01\
\xd8\x18W\xa4\xf5G\xf0\xbfiD\x8eq0\xc0\xec\x8f\
\x12@\xe0DNH\xa5@/\xcf\x09\x00M\xbf \xec\
\xcdf\xbd\x19j\x7f\xe7\xc0:\xb0\x1cz\x0a\x02\xa0\x93\
O\xf2\x00\x1e\xbc\xcf\x1d\xf8di\xe3g\xfb\x87|A\
\xe2\x9fgS\x80\xecl\x1c\x01\xc4\xa2\xbf\xb2\xf9\xb7\x07\
\xdd\x9f\xfdVA\x12\x00\xaf\xfa\x8b\xb7o\x83\xdd\xbe\x18\
\xfbs\x1a\xf0\xd8\x02\xd0+\x96p\xff\xb3\xc1WIW\
\xfd\xec\xfb\xa1w~\xf1\x8e\x22\xbe]e\xee?s\x00\
\xaam\x14\x00\x7fO\xc9\x01\xfa\xf2\x12C\x7f\xaa\x01\xba\
\xbe\xf8|\x22\x01\xdc\xe6\x80n\xa4\xfe\x91\xb2\x0b\xf0\xf2\
U\xa4\x13\x00\xc8\x7fSV\xfc\xa3\x90w\xd8\xf1\x8b\x95\
\xfemp\x7fmd\x00\xe9\xfb\x81\xf5\x0f\xbdO*\xfd\
\xe3\x04@ \x80.\x7f*\xf7\x83\x1e\xc6\xfd\x90\xfe\x0c\
A\xf9#\x0c\xe0X\xd2\x01\x08\xf0\x15\xe4\x80<\x9d\xf9\
\x9a/\xc0J\x09\xf0(n\xf5\xa5{\xcd\xa6\x00\xd9\xd9\
x\x02\xd8\x93\xcd\x7f\xcd\x02\xd2n\x1f\x85x\xe3\xbf\xcc\
{~\x0d\x89\xff\x5c\x95\x17\xfd\xa0\xf5\x01@\x90\x83\xe4\
\x07&\xfer\xd1\xe3k\xbf\xdf\x97i\x80T\x04\x94\x0e\
<\x84\xbd\x0c\xfe\xa4\x0chW\xdb\x97\x7fMY\x00\xec\
\xbc9\x1f\x02\xf6\xf3\xeco\xa8\x90\x014\x02\xc0\xd7\xca\
HM\xff\xfbm\xda\x22\xe0?\x17w%\x00\x03\x00\xdc\
\xf8\x15\xde\xfb\xb7\x09\x00\x80\xfa\x0b\xbdO\x93\x1b\x7f\xb2\
\xf2O\xd7?\xc5\xff\xe4\xc0\x88\x22.\x01\xe8\x91\x0f\xe7\
\x00\xf8\xa0\xfd\xcf)\xf89\x1b\xf4\x80\xfa\xa9\xfc\xa7\xdb\
\x9f\xbe;\xd6\x08 \xff9'\x80\x15=\x80\xe5&\xe0\
\x8f\x13\x05\xdd\xde\xba\x9b\x02d\x09 ;\x9bJ\x00-\
\xdd\xfb\x03\x14h\xc8\xce\xbf\x84\xbfW\x8e\xb5~\x1b\xdc\
\xee\xaf\x0a\xed\x8f\xc0?\xb7\x01r\xe5X\xef\x8f#\xbd\
$\xb2\xbf\x00\x03\x22\xfd\x03\xcf?\xee\xfb\x81\xfa\xe7z\
\x9a\x00\xd8n\xb7\xfd\xf3\xb7;iI\xc0\xa7\xca\xaf\xd7\
\xd1\x01\xc0\xec\x0f>\xdf~|\xfd\xd7F\xb5Q\xa5\xde\
9\xbd\xd9I;N\xb4\x97w\xfeX\xe5{\xdc\xd4\xca\
\x1f\xd0\xfb\x86\xca\x8f\xc9&\x9f\xda\xebw`L\xf2\xc8\
\x00A\xe44\x9bH\x00t\xb5\x1f\xf7p\xf1k\x04\xc0\
e\x00j\x7f\xc7\x0a\xf4\x0c\x00P\xc0\xfa\x5c\xce|\xcd\
\x1bp\xad\x09\x98J\x07`+\xf3\x05\xc8\x12\xc0GK\
\x00\xbb\xad}\x0d\xff\xf7\xe3\xde\x9fT\xff\x85\xb2\xc8|\
\xc6\x19@P\x7f\x15\xd5?:\x80\x85B\x9f\xcb~\x97\
\xbb}\x1a\x03p=P\xf4\x84\x13\x00\xc6\x9fj\xbbz\
\xf8\xa7\xf8\xf6jWU\xac\xeb\x7f?\x11\xe0\xfbs\x09\
\xff\x1aJ\x80\xeeh8\xaa1\x05\x80r\xc0P\x8d*\
0\xfe\x0c\xae\xd2\xae\x05\xef|\xfb\xca\xeeL\xe3\xc5\x7f\
\x03f?Z\xea\x1b\xca\x9f\x04\x07l\x0ez&\xfdI\
\x02\xa0\xf0'\x000\x00\xef\xdf1!\x00\x10\x86\xab\x09\
\xa0\x17ZN/`\x00\x00\x04\xa0\x8b\x80\xd0\xa2\xdb_\
#\x80[\x1e\xc0\xc3u\x1e\x00!\x80\xdf~p\xff\x7f\
U\x1f`;\xd3\x03\xc8\xce\xa6y\x00\xb7\xf2\xbft\xca\
I\xc5\x0f\xed\xf4%\x1b\x80l\xf1\xcd\x08\x80]\x00\xb0\
\xf5\xe7\xe1\xbeG\xb4\xcb\xf2\xbf\x0c\x00J\xac\xfa\xc9\x00\
\x80\x19\xbf\xa8\x00\xf4\xc3m\xcbY|\x93p\x02\xfc\xe0\
\xeb\xf5;\xdb\x97S\xef\x22\x01\xd4\x86\xf5\x1a\xc2\x9f\xbe\
\x0c\xeb#\x930@\xa5\xd69\xbf\xb9\xf7\xef\xe8\xd7\x9f\
_h\x06\xf0\xd8\x90+\xbf\xc2\xed?X\xff@\xe7\x17\
s\x7f\xbb\xe9p\xf4;Ms\x10\xc0\xf0\xc780\xb0\
\xf9\x179\x9c\x00,H~\x1d\xcfz\xb7%@\xe8P\
\x06\xb0f\xffc\xefz^\x1b\xb9\xaf\xf8\x9f\xd0?F\
X\xf8\xb0\x17\xadV\xb3\xabA\xc63\x9e\xe9\xa8\x0b#\
\xc7\x87\xcc\x0aEt(ZI\x01u\xa7\x22\xa0\xca\x97\
.A\xb0\x8d\x0a*$\xd7\x9czk/\x05\x05\x96R\
zu\x1b\x97d\xc1{\x10$\xa9\xbb\x81\xb2$\xfd\x11\
\xfa\xeb}>\xef;\x92,\xcb\xbb\x13\xb0i\x0f\xf3\xb5\
\xa4\xd1\xc8k\xef\xc1\xbc\xf7>\xef\xbd\xcf\xfb<\x13\xfe\
\x930\xa5\x00\x96\xf4\xd0\x01,\xf5\x00\xb6\xd6\x00\x8a&\
\xc5/\xa6\xdc\xdf\xab\xaf;\xc5\x5c\x12,?\xd7\xee\x00\
\xeej\x0bp\xbd\xf3\xb7\xbf\xdf1l\xff}\xb2~\xbc\
}d\xfd\x94\xfe\xc0\xaa\x0f\x94\x00k5\xad\xef#\xcb\
7\xf8\x1f\xba\xff\xb5j\xa5\x11\x91\x04\xc4\xe8oB\xff\
\x11\xfc\x00\xcb\x7f\xde\x91\xd7>\xcd\x9c\xb6\xbf\xfc\xb4\xdd\
D\x01\xb0\x1f\xb4\x87\xee\xd0s}\xad\x00\x0c\xf1\xe8\xb7\
]\xbf\xe9;~\xff\xece\xd6_\xf7\xc5b@\xe9\x1f\
\x8b]?\x87\xf6\xefR\xf5\x13\x05?\x14\xff\x0c\xe9\x17\
C\x7fb\xf1\x0e\x9a\xff\x09(\xc0\xdc\xfb\x93V\xfc\xd5\
\x03\x08\x02\x98\xf5Z\xa1\xa9\xf7\xa3\xf6/. a-\
P\xa3\x7f\x8a\x00R\x1e\xc0\x9dK<\x00]\x0e\xaa}\
@\xb5\xf3\xe2\xda\xcd\xce\xc6\x8d\xee\x06\xcc\x1d@~\xae\
\x1b\x01|W7\x00\xae\x98\x7f\x80\xf9\x9c\xfcS\x89?\
\x14\xfe\x00\x030\x0a\x80\xc1\x7f\x90\x81Y\xe2+\xd3\xd8\
\xb1\xec+\x95\xfa\xac\xe9\xec_Mr\x7fO\x89?\x88\
\xfde\x8f\x0a\x00r=\x92\x97\x93\x7fe\xd4\xf3\x9c~\
\xf6\xfc\x01(@\x12\xfc\x03\x01\xffC \x00:\x80\xbe\
\xcf\x83]?\x8eo?Xd\xac\x02Lw_\x9e9\
\x82\xfdM\xc7\xdfE\xfao\x81\x05h9\x87.r\x7f\
;e\xfd;\x83\x12K\xfe\xdd8\xb68\xfb\x8f\xa5\xdf\
\x98\xf3\x99\xa4\x1e@\xa7\xfe\xc8\xfd\x0ba\xf4\x93\x84\x19\
\xc0d\x95\xfe_\xa8\x01\xdc\xd9Z\x03\xb8\xf7\xd1\x8fr\
&`\xee\x00\xfe\xe7\x0e@\xc5?*\x95u\xe6o\xc5\
\xcc\xfd\xa1\xfc\xaf\xca\x1f\x92\xfe\x17\x08\x01*\x15\x0d\xff\
\xca\xf0\x15\xf8\x1fu:\x95rZ\xf5\x97\xd0_\x8b\x94\
\xf2\xc7\xfa\x7f\x99\xd0_\xfc\xc8\x91\x16\x01\xa3\xccC\x80\
\xbb\xbb\xdf\x9c\xb8\x98\xfai\xfbM\x01\xfc\xbe\xe0~\xb4\
\xfe}\xac\xfav\xdd&\xb4\xbe\xfd\xaa\xed\x07vv\x08\
\xf0\xf1\xe8\xd4\xa1\xc6'\x9e\x9c\xfa#\x0f\x88s?\x16\
e\x7f\xe0\x008\xf43\x8e\xe9\x03$\x09\x18\xb0\x10\xb8\
\x87m\x9f,\x00\xcc\xe7\xb3\x92z\x00m\xf9\xc1\xeaW\
$\xe0U\xf4_\x22\x00\xb3\x17\xe0\xce%\x1e\xc0\x07\x9b\
\x8a@\xc5\xe2\xce\xb6\xf6\xff\xea>\xef\x02\xe4\xe7\xda\x8b\
\x80w\xb1\xe7\xfb\x8d5\xdeog\xbf.\xcfT\xe8\xd3\
3\x82_\x00\x00\x15\xdd\xf9i\xe8\xbd\x82\x00X\xee\x8f\
\xb4\xed_\xabq\xd5g\x15\xa6\xdfP\xd4O\xa3\x17\xe8\
/\xc0\xff\xe8Hg\x01\xca\x97d\x00\xa7Ws\x80\xde\
\x13\xfbo\x0b\xfe\x0f\xda}:\x00\x14\x00\x86\xcc\xfc\x05\
\xff\x0f\xdb\x8e\xdf\x0c\x1c\xc7\x7f\xf0\x9f\x17\xaf\x1d\x08L\
\xbb\x8a\xe7\x87\x80\x1c5\xa7\x00\x00 \x00IDAT\
\xb6\xba\x00\xc6\x7f8\x81\x90\x8a\x7f\xd6\x00\xa9?\xed?\
\x84\xda\xb7\xa4\xfd\xf1\x18\xb8?\x19\x8b;\x98\xc53\x1d\
\xfc\x9d\xa0\xe9\xcf\xa9\xbf\xc9\xc4d\xfb{\xa9\xfa\x07_\
K\x17\xcfl\xb9\x17\xe0\xcd\xed\xb3\x00;\xb72k\x01\
\xe4\x8a@\xb9\x03\xb8\x11\x04@\xc1\xcf\xf4\x00\xfe\xcbs\
\x9f)\x00)@\xac\x04x\xfb\x95\xaa\xe4\xfet\x00\x94\
\xfa\xaf\x19\xba\x1f'}U\xf6\x07\xab>\xca\xd5\xaa\x07\
\xce\x0f3\x00\xc2\xff\x88\xc8\xdf\xd3\xf2\x9f\xbc\x7f\xfe\x93\
\xaf\xb3\x0e\xf0|r\x22\x88\x1f\x94\xff\xe10\x00\xeao\
\xca\x19\x96]y\xe7\xfax\xf5\x1d\xb3\xee\xe3\xec\xc7\xd3\
\xac\x18\xe0\xd7\x0b\x0b3\xbf\x10\xfa\x86'\xa0\xd0\x07\x85\
\xfe\xd2\xce\xbf\x95`\xcaW\x92\x01\xb4\xff\xc6\xb1\xc5u\
?\x12\xfaA\xf7\xdf\x9b\x81\xf2\x83&@/!\xd3\xd7\
\xcc\xfe\xd1\x05\x84\x09\xcc\xff`\x0b\x02\xb8\xad,\xa0\xdb\
[\x10\xc0\xbdG\xb7.\xcc\xfbo\xce\xff\x17W\xaa@\
z\x9f;\x80\xfc\x5c\xef\xf9^mM\xed\x9f\xd5\xfe\x02\
\xf8\xfe\x85}J\xff\x90\xec#.\xa1\xce\x19\xa0\xc2\x1b\
\xfbu\x9d\xee#\xd1\xaf\xa2R\x9f\xca\xf9S\xf5\x8fF\
\xad\xe1\xa1\xf1\x8f\x9a\xbf\xa7\xe1?\xad\xfd\xc3\x0b\x14\x8e\
\x96\x1c\xe0\xe9U\xd1\x7f\xba\x02\x00\xa3\xbe\x8b\xd6\xbfX\
{\xb3<\x94p\x8f\x02\x80\xdf\xb4\xe1\x00\xe4\x81\xe1^\
\xf1\x00\xf2\x8c\xcf?\xbf\x02P\x5cR\x0d\xfc\xect\x86\
\xba\x1f\x9a~\xae\xca|\x10\x04\xe8\xe8\xaf\x98?\xfa~\
\xe3\x1e8\xff\x84\x00\x92\x03\xa8\xd2o\xdc\xd3\xa2? \
\x80x\x80\xf9R\xf3\x03\xdf\xc1\x8d\xd8\xff\xc1\xe5\xf3z\
=\x80[\xa9\xa1k\xc9\xef7\xf2\xfa\x83\xb5{\xe3\x03\
\xe4s\xbec\x17`]+\x7f\xbdK\x96\xe5\xb3o\xf3\
o\xff\xff~>w\x007\x81\x00\xd6\xc7~\xb4\xe2\xcf\
2\xa0\x11\xfb\x977\xf5\xa8*n\x015\x80z\x81s\
?\xe9n/\xe8~I\x1a\xc0^ '\x7f\xabl\xf7\
E\x0dN\xfe\x81\xfc\xd7 \xf1\x07\xe6\xff}\xbc\x16\xca\
'/\xd5\x14\xa7\x17.ks|\xab\xcb\xdd\x93\x0f\xd1\
\xf2o\xf7\xdbM\xbf\x89\xea\x9f\x84\x7f1\xff\x00\x08\xc0\
\xa5\xd27\xb4\xfe!\xf8\x1b,>\x99^\xfe\xf9\xf5\xdf\
\xbfz\xfbrq\x80\xde?\xb5\xbeU\xf6C0?\xf7\
}\x87V\x08\x8doL\xfcA\xf6g\x0c\xde\x7f\xa9\x15\
\x93\xed\x0b\xa1oL\xffi\x06\xd0\x8a\x93\xb4\xfao\xa5\
\xd8_\x99\x7f\xdb\x10\x00s\x807\xb7\xe9\x01@\x11\xe8\
\xdd\x9d\x9d\xfb\x12\xdf\xefg\xbb\xe6<\x80\xfc\xdc\x98\x03\
\x80\xb5s\xbfg\xbd\xaaJ\x7fJ\x05\xaa{\xd5\xaa\x22\
\x83N\xbd\xa2-\xfeN-U\xfb\x83\x00p\x07~@\
p\x01\xd4?\x1a\x9e\x96\xfe\xe0\x08<d\xfd\x12\xf45\
\xf8#\xfe\x17\x0a\x83\x7f|\x9d\x99\xb6\xb3\xf8\xd0\xd0\xfe\
\xe0\x00\x86C\x89\xff\x02\x02\xfc\xc06)\x80\xc3}_\
\x96\x05\xa5/\xeb<\xebl\xd1\xee\x97?;\xa3\xfa\x17\
H\xbf\x18\xf9E\x0104\x0e\xc0\x0a\xb9\xdf\xd7\x0e\x19\
\xfc\x07N8n\xcdK\xdc\xf7\xd3c\xf8\xa7\xf9\xcfz\
-\x9d\xf8\xed\xa9\xf2\x0f\x16\x00l\xa6\xfe\xab\x1a\xc0\xd3\
\xb5\xdd\x80x\xbe\xa6\x08\x98b\xfd\x0d\xa5\xd0e90\
o\x03\xe6\xe7\xda\x1d\xc0\xda\xd8\x9f\x19\xfe\xa9\xd7\xab\xe8\
\xfd\xc9\xb3*\x1f\xd5*\xcc\x0d:\x15\x08\xfb\xd4*\xba\
\xea\x8b]\xbfJG\x85>\xab\xca\x07f\xab\xbf\xac\xf5\
\x7f\xb1y\x8c\xfe6\xc4\x01x&\x03\x10\x07\xd0\xfe4\
s\x07\xe0\xcb\xd3\x01z\xfd}d\xfeC2\x7f\x9a\x1e\
\x8c^\xcd_\x00\x00v}\xf8\xdc\xf4#.\xe0\xf4\xa7\
\x7f\xceN\x068\x80\xfe\xa7E\xd5\x1f\xbcP\xf3[<\
\xc0\x80r\x9fa/\x19\x00\xfeC\xf2\x97\xb2\x1f\xbd\x16\
G\xff\x09\x01\xa0\xfd71\x85\xbf^Z\x01\xdc\xdb\x92\
\xfbo\xe3\x01\xa8\x1e\xc0\xbdK\x82 \xab\xf1\xdf\x9d\xe2\
\x96w\xeb\xdf\xcf\xf7\x02\xe4\x06{3\x0e@%~\xc8\
\xf5C\xb07\x10\xa0\x1eU\xaa^!\xa2\xfe\x1f\xc4>\
;\x1dM\xf9Q\xf5\xeb\xe8\xb2\xafe\x15\x80C?\xda\
\xf5o0\xf1\xf70\xfb+\x08\x80E@\xe0\x80B\xa1\
|\xfa\xbb\xdd\xcc\x1c\xa0\xc5\x87\xe0\xfd\xc2\x01H\xf4\x97\
\xf8?\x1c\x0a\xd8o\x0a\x0a\x08\xe0\x00\xe4\x05:\x9fb\
\xfb\xdc\xf9m-\xfe\x96\xfd7\x9f?\x08\xdfy\xc72\
\xed?^\x9c\xc3\xc1 \x8c\xc3\x10\x0b\x00\x04\x01\x0c\xe2\
=w\x8f\xbb~\xcc\xb6oJ\x7f\xa8\x03\x10\xfb\x0f\x93\
\x98\x9c?\x1d\x02\xb0\x80\xfd\xaf\xfaZ\x9f\x05\xb8si\
7\xe0\x07F\x0f\xa4\x98j\xfe\xa6\xe1>e\x00.\xef\
\xd3\xef\xe7\x9b\x81\xf2s\x03\x0e\x80\xe6o2\x80}\x16\
\xfe\xea\x86\x07\x14E\x95}\xac\xf9\xadT\xa8\xf6\x0b\xbd\
\xef\x064\x7fu\xbb'\xad\xbf\xa3\x13\x00\x0d\xea\xfd\xea\
\xbc\x1f\xd3\x00\xd4\x00`\xfa \x02\x1e\xe9\xdf\xef\xf9\xb3\
\xcc\x09\xc0\xdf\x9f=\xf0\xfb\xfd\xfe\x10\x0c@\x7f\xd8\xac\
\xdaM]\xf1+\xe6\x1f\x04\xb0\x7fW\x92\x01\xa8|B\
\xea\xd7\xb2G\xa7\xbf\xcf\x0c\x01^\xbc\xdd:$\xeb\xc7\
f\x11P\xe5\xbe\xe3\xb8ku\xb9\xee\xfb0~\xdb\x8e\
\xc7{\x5c\xf3\xd7*\xcd\x04\x01\xa0\x080\x83\xf93\x07\
`\xe8\x87\xfd/I\x80WD\x7f\x83\x006\xf4\x00\xb6\
m\x06*\xae\x82\xfd&\x01\xa0\xb8sq/@\x9e\x02\
\xe4\xe7\xda\x1d\x80\xee\xf5U\xa5\x0fX}\x81\x1f\xc8\xc7\
\x05\x0a~\x83\xf7\x83\x8a?\xf6{\xd3\xe0#J}\xea\
\xc6\x1f\xb9kx\xd5N\x87\x0d?OA@\xb9\xb1\xe4\
\xff\x1e\x91\x00h\xfe|\xe5o\x11\xa6\xbf:\xeb\xfbC\
N\x00\xc8ER\x00\xb1}\xd2\xfe\x0290\xff`d\
\x8d \xf2\x8dV \x1evfe\x10\x90\x01\xb8\xea\xc7\
\x0aS\x070\x18t\xd1\xf3\xb3\xc6V\x02\x07\x90P\xef\
\xb77i\xc1\xe4!\xf6;kq\xe7\xef\xc4T\xfb\x96\
\x9c\xbfI|e\xf2_*u\xbb]S\x03\xb8\xa0\x07\
\xb0\xb1\x1bp'\xbb\x16\x00aA>\x0b\x90\x9fk/\
\x02\x9a}\x1f\xf0\x02\x94\xff\xc4\x03m\xc0\xc8(\x7fD\
b\xf1F\xe3?]\xf4e\xd6\xfeq\xf0\x0f\x85?*\
}\x97\x91\xf7\x9b\xe6_\x04<@\xe6\xdf\x12\xb3\x96O\
~\x9b\xd9F_,Fb\xf50}P\x80\xec\xc0\x0f\
\x02%\xff*\x02\x08\x5cg\xe4\xf8\x5c\xf7\x85\xcf\x5c\x01\
\x01\xb3g\x9fe\xfe\xed\xdfY\xa0\xf1\xbft\x00\x89d\
\xfc\x92\xfe\x8f\x93\x10\xa2_!z\x7f\xb3\xdeL\xf0\xfe\
dR\x8a\xe7\xc8\x00\xa8\xf8a\x92\x7f\xb2\xff\x92D\x07\
\x00_\x15\xfd\xdfzrA\x0f\xe0\x8e\xea\x01\xdc\xdb\xaa\
\x08\xb4\x9d\xf7[\xdcd\x06\xe6E\xc0\xdc`o\xc0\x01\
h\xe6\xef\xf1EU\x7f\x94\xf6\x1f\xe9\xf6\x9f\x0e\x04\xff\
kK\xb6\x9fN\xfdq\xdc\x87K\xbf\x1be\x8fb_\
\xb0~&\xfe\x86\x02\x0c\xdeO\x84,!\xfd\xeb\xbd\xa7\
\x09\xc0t\xedq\xe9&}\xfd\xe6\xa4?lj\xf9O\
\x1e\x81\xdb\xf4\xc5\xee\xd1\x01\x90\x87\xa0\x7fw\x14\x08\x16\
\xb0\xb9\xf0\x0b\x00 \xb0\x5c'\x1d\x0b\xde\xc2\x030\xff\
Ez3}\x11\x1f\xd8\x87Nb\x85\xd6a\xe8 \xf6\
C\xee7\xb1\x90\x05\x8c\xf5\x96\x9b\xfd\xc0\xef\x99H\x12\
0\x9b\x99\x9e\xbf\xa1\xfd\x13\x01$\x13\xed\xfc\xbd\xfa\xeb\
\xb2\x1e\xc0\x05\xfb\xff\x08\xd3\x80\x1bz`\x9b\xe8\xff\x82\
.@.\x09\x96\x9f\x1bi\x03\xaa\xea\x87>\xc4\xf4+\
^\xa5\x8a\x1d\xe0\x85z\x14)\xd2/s\xcc\x1f\xad~\
\xd2\xfe;\xac\xff\xd3\x0f\xa4\xd3\xbeZ\xf8\x87\xf8\x97)\
\x01\xb2\xfe\xb7\xea\xe3\x96\xcf\xfe\x94\x1d\x00\x9c\x8f\xfa~\
\xd3%\x02\x186\xddf\x9b\xed?\xad\xf7\x89\x07pF\
\xb6 \x00\xc9\xffm\xf9\xc0v\x1c[\x10\x805\xfb\xe3\
\xab \xc0t:\x9d\xae+\x84\x1e\xa4z\xbfo;{\
\xe3pP\x8a\xbbP\xfc\x96\xa7\x84\x7f\x96\xfbX\xf1\x8f\
[\xf3\xc9|>\x89\x97b\x9f\xe9\xe0\xdf\x04/\xaf\x88\
\xfe\xdd\xc7]\xad\x01<\xdd\xd4\x03\xd8@\x00\x7f\xb8U\
d\x9f\xff\xd1#3\xff/7\x98\xff\x97k\x11\xce\xe1\
\xfe}\xa3\x07p\x9f\xdf_\x15\x01s\x1e@~\xae\xc9\
\x01\xa0\xe0o\x84\x7ft\xf7\xa7\xe4\xfeQ\xadR\xd9\xe7\
\xa2_0\xff\xc5\xf6\xb5\xf0W3J\x7fU\xce\x02U\
k\x02\xfd\x89\xf6\x19\xec\x8f\x10\xfdS\xde\x0fi?\xeb\
\xa7z\xfa\xc3\xcc\xf6\xbf\xfb\xcf\x93~\x1f\xc1\x7f\x88\x89\
_\xd7\xb0}l\x9f\xe8? \xfa\x1f\x1d\xc3\xec\xb1\xee\
\x0f\xcb\xfd\xb8\xe3\xe3<\xf3L\xd0\xee\xc7\xff^\x98\xd1\
\xdfA\xdc\x8a\xc7\xb6N\xfd\x8cK\x09\x82\xff\x8cJ\xbf\
1\xf6\xfd\x89\xe5\x8b\xfd\xcf\xc9\xfb\x0d\x93=\x8c\xfe[\
\xd0\xfe\x12\xf3\x7fu\xf2\xdf\xed\xf2\xf5a\xcbh\x02\xde\
\xbe\x93\xea\x01l\x16\x01o-\xe7~\xb3<\xf3.@\
~n\xa0\x06\xe0\xd5S\x1a =\x01z~(\xfcw\
\xa2t\xce\x9f\x0b?\xd3U\xdf\xca\x04\xa4\x08\xa8\xce\xfd\
\xc0\xf6\xcbi\x03\xd03\xd6\xef]\xb4\xff\xc2\xf3g/\
2\xdb\xe7\xe7\xe7\xc7}T\xfe@\xff\xf7i\xf7\xec\xfc\
\xb3\xf8g\xdb\xc1H\xa2\xbf}<\x0a\xe42\xb2\xda\x96\
\xe38\xd4\xf8\x99\x9df\xaf\x02|q\x9eX\xd6`\x1c\
\x86\x96\x98}\x18\x0e\x12p~\xc5\xfag\xba\xdb\x8f\x0e\
`\x0e\x12\xd0\x1c\xa3\xbf\x1c\xf6OBS\xf7O\xae`\
\xfd-\x9f\x8fy}\xeb\xc9\xfbO\x9e$O7\xf5\x00\
.:\x80_\x99\xf5\xe0\xc5\xf5e`\x9b\x9b\xc1\xd6\x1e\
y\x17 ?7\x90\x02h\xe6\xaf3\x7f^TA\xfa\
/I@\xa7f\xe2|5\xad\xff\x91\x01\xd41\xd2_\
\x10\x02\xa0\xd4/I\x7f\x1eU?\x1bF\xf5\xafP\xd8\
\x04\x00\xe5E\xf6\x04`\xf7\xe7\xcf\x9b\xc3~\xbbI\xb6\
\x9f\xbb\xde\xf9C\xf5\xdf\x1e\x8d\x8e\xed\x91#^\x00\x14\
 \xc7\x1aA\xe2\x03\x1b>\x9dE\xd6m\xc1\x92\x10|\
u~(\x09\xbf8\x80\xc1\x18\xe4?\x0c\xfd\x8cc\x81\
\xec\xf2\xd0\x14@\x92\xfe\xf9\xac5o\xf5t\xd6\x07\x85\
\xbf\xbd$\x95\xff;\xc8x\x1e\x0e.\xe9\x01l \x80\
\xa7\xb7\xaeP\x00\xdc\xae\x0c\x98w\x01\xf2s\x13)\x00\
\xfb\x7f\xaa\xfeE\xc9\xaf\xbad\xff\xca\xfac\xc7\x1f\x94\
\x9fN\xa3\xba\x8c\xfe:\xfbC\xb9O%\xfc\xc2\x014\
T\x00\x88\xe3\x7f\x9b\x7f\xb8\xb6\x7f\x92y\x08pw\xf7\
\xaf\x8b\xe3\xa1\x8f\xbd\x1f6H\xc0\x81\x0b\x0f\xe0s\xf0\
\xcf\x1d1\xfd\xb7\x8f\x8f\x8f\xc5\xf6G\x96|=8^\
n\xfb\x1b\x9ce\xe6\x19\xee\xfee\xf0K\x89\xf8\x16t\
\x7f\xc6@\x00\x94\xfb\x9d\xc5\xf3\xd2<u\x00\xf3\x09\x17\
\xfd\xcd\xc3P\xe9~\xbc$\xfa\xee\xea\xe8\xff\xe4}^\
\x1f\xff\xa2\xf4\xf0\xad'\xdd\x87\x83\xa7K\x1e\x80\xd1\x03\
\xd8(\x02>}\xf5\xfc\x7fq\xb3-\x90#\x80\xfc\xdc\
P\x1b\x10\x8a\xdfQ=\x82\xda\xaf\xf8\x00l\xf5\xa8q\
\xea\xb7\xb6\xde\xfb\xab\xaa\x16\x00\x98\xbf\xa4\xfd\x1fi\xad\
\xff\xbf\xec]]k\x1b\xe9\x15\xfe\x09\xf91\xc2B\x17\
\xb9\xf1N4D\x83\x86\xcc\x8c\xa6\xe3.\x8c\x14\x0f\xac\
\x14yDT\x90\xc66\x98\xa8\x89Ad(\xdd!\x18\
\x86\xe4\xc2\x94\xc9Eot5\xd0\x9b\xbd*\x0e,\xf4\
~\xd3\xd4K\x13P\xd8\xa6\xec&J\xcd\xb6a\xb3i\
\xb7\x94\xf4|\xbc\xa3\x8f\x91eK`S\x0a\xf3\xc6\xd6\
W\xd8\xe8b9\xe7=\xe79\xcf\xf3\x1c\xa9Z\xc1\xa1\
_NJM\xfe\xc6\x09\xa0\xbf<\x07\xb8p\xf2\xe2%\
\xe9\xfd[P\xfd\xdf\xb2n\x89\xdb\xdf\x82\xe0\xc7\x04\x00\
\x0d\x00\xb4\x01><j\xb2\xd5o\xec\xe3zoK\xac\
\xfb\x1c\xfeyi6P\xe1\xcd\xe8\x10#\xdfF\xce\xaf\
\x02\xd7?\x84\xff\xf6\xfa\xd6\xc1a\x82\x01l\x1d\x91\x00\
\xd8\xb6\x05\xf2\x7f@\xd4?\x9b\xd5?\x0b\xdb\xff\xe4\x17\
N\xd7\xf3\x02o\xef\x1c\x1e\xc0\x17k\xcb{\x01\xf0v\
\xe0l\x0a\x90\x9dK\x00\x01\xe1\xe2\xafW6\xeap\xd7\
\xc3\xcb\x9b\x1bp\xc3\xd3j\x9fr\x02\x02\x94:\xd5q\
\xf4c:\xc0\xe2\x7fS\x14\xff\xb4\xf3{\x5c\xf2CB\
\x98L\xfe\xf8\xf89\xe9\xc5dF\xf7hv87o\
\xdd\xf9n\xe8\xa3\xdd\x9f.0?K\xbc\x80\xcb_#\
\x08@\x81\xee\x1f\x0b\x00\x9d\x1d\xfeu]\xd3\x1a\x0d\xf2\
\xfa\xa3m\xc1\xa9\x7f\x7f\xf6+&\x9f\x9d\x5cyeC\
\xe8\xa3\xda\xd7\xb6\xdb\x87\xf7\x0f\x0f\xa1\xf8\x87\xa8\x17\x05\
@{\x1bm?\x93\xbb\x9f\xae\xfev\xb2\xeega\xff\
\x1f\xf0\xedo8\x81\x17\x84N`xao\xd6\x0f`\
\x9e\x07\xf0\xf8\xeai\xfa\xff|~\x81?@\x06\x02f\
\xe72x\x007p\xe7o\x05\x1f\xeb\xc5\x1b\x1b9\x94\
\xf8\x09\xcc?A\xfd \xe0\xa1\x11\x90\x04\x01\x90|>\
*U\x22\xfd\x93\xd7\x0f<%}\x7feF\xfb\x9d\xcb\
\x99\xf0\xfb\xf4\xfb\xf7\x8b\x9a\xf1y\xfb\xfe\x17p\xd3\xeb\
-R\xfc\xe9L\xfb!\xec\x9f\xd0\x7f\x19i\xbfr_\
\x83>\xa0!'\x09@\xa7\x1c\x80H\xc0\xee\xe7o\x97\
t\x1bBQ\xd0V{\xaf'o\xdd\xdf\xb6eT\xfb\
\x1d\xc1\xed\xbf~\xc4\x18`[\x85\xb4@l\x9f\x1e\x5c\
\xf9=\x02\xfe\xb7Q\xfb\xbb\x5c\xeb\x1fb\xfb\xef\x18Q\
\xd8\xdd\xfa2\xed\x07\x90\x06\x01\xd3\xd5\xff\x5c\x170\xf3\
<\x93\x00\xd2:\xfb\x5cjr\xb6\xccg\xff_\xff}\
\x96\x00.'\x01T6\x88\xf0_'\x08\xb0\xbe!\x15\
y\xd2?\x99\xfc\x15\x89\x06\x8c\x17?\xf9~\xd7\xeb\xb4\
\xe8\x8fF\x80\x82\xfc\xb7y[(\xfef\xe7\xb7\xad\xd6\
\xedA.78\xfeny\x04\xf0\xdd\xb1\x8c\x94\x9f\xbb\
\x84\xff\xeb\xf4c\x99D\xf7Q\xe0\xa7\x8fC\x00\xfc\xa1\
\xf0\xc7\x22\x80\x12@\x83\xdf\xb7G\x1fV\xf8\xa2\x91\x0d\
\xa5\xbfv\x7f\xfb\xfe6k|\x0fx\xe3\x1fU\x00\x87\
G\x89\xcb\x0f\x11\x00\xecso\xff\xa8\xcb\x13\x00(\xfc\
\x8d\x08~C\x0f+\x80\xbd9?\x804\x11\xe8A>\
\xffi\x9e\xfc\xff\xf1y\xed\xd3;\xfc~\xfc\xf9\x9d\xc9\
\xdf\xdf\xc9g{\x01\xb2\x80\xbd$\x1e@\x9d7\xfeA\
\x09\x80\x90_\x11\x9d\xbe\xf0\xfa\x978\xea\x91\x0ePE\
1 f\x06\x0c\x7f\x82\xffp\xea\xc7\xf8\x1f\xb4\xffb\
\xf8\x97J\xdcf\x0b'\x00\xc3\xbf\x16V \x01kJ\
I6%\x1a\xffs\x02 \xe7\x9f\xbeF\xba\x1fM\xc1\
J@\xe3\x1b\x9f7|Lo\xfc\x1d.\xaf\x09*\xbc\
\xffz\xd8V\xb56t\xff[8\xf4W\x0f\x8ex\xdd\
\x07\xf1\xfe\xc8\x04\x04{\x80^\x8f\x9d?\x91\x0a\xb0~\
f\xef/\x0e\xa4\x00'\xf6\xbc\x08\x9e\x9cho\xda\x0f\
\xe04\x1e\xc0\x93\x15]\x81\xb3)@v.~\x0c\x98\
+\x16;8\x06\xacc\xec\xe3\xd4\x1f\x8a|T\xfc \
\xff\xa7\x0c\x01_\x1d\xfb\x80\x90\xe6\x1f\xa7}\x9b\x15\x96\
\xfdT&r\xff\xf9\xe1\x9fOE@\xeein\xf9\x09\
@\xe1\xa7\xe7\xe6-S&\xea\x8f\xae0\x00\xa0Y:\
\xd1\xfe-\xcd\x84\xd8W\xfa\x9a\xef7\xf4\x86\x98\xfe\xeb\
S\xe1\xbf\xaf\xc9\x1fW(\x01\xbe\xfbh\x8cm~\xda\
G[\xc8\xfa\xc7\x04p\xd0\x1e\xb7\xfb\x5c\x01L<\x7f\
\x16\xa1\xff\x01=w\xbb\xdd\x08n~/p\xa2\xc0\x81\
D\xd0\x8d\xc3$\x01\x9c\xee\x07p\xfd:\xd9\x82OK\
\xffg_\xe6\xf3\xe9\xf7\xd9\x14 ;\x17{~~\x13\
\xee}\xda\xf6\xb9Q*\x16)\xf8Kl\xf7\xc5\x13@\
H\x00R\x15m@9/\x90\xce\x97\x8c?\xb0\xeeG\
\xf6\xaf\xc48@\x9a\xf8\x83\x91\x8f-@n\xd0\x1a\xfe\
\xb8BP\x0e\x1b\xb7L2\xfaC\xb6?\xc4\xbf\xa6\xe3\
\xe0\x0f\xde\xc8\x1a)\xff\xa0\x07\xe0\x90\xb7\x92\x04\xd0\x90\
\xa1H\xe0\xfd\xbe\xfb\xca\xf0\xe5\x9f\x96\x1f7\xfcgt\
_=\x84\xab\x1e=\xffp\xe1\xd76\xb7\x00\xd8\xee\x1f\
$K\xfez=\x9a\xfd/\xd9\xfd;\x8e\x1b\xba\xfc\xca\
pC\xc3E\x1e\xc0\xb5\x85~\x00\xd7\xc5n\xc0\xfc\xc4\
\xf6'\x7f\xf6\xfbl\x0a\x90\x9d\x8b\xae\x00\x90\xfa[B\
\x16\x10\xf2\xfd \xd2\xf9\xbe/\xb2\xd8\x8f\xf1\x7fj\x02\
\x10\x06\xa8\x88\x82_\x92\x92\xf2\x9fg\xff$\xfdI\xff\
\xdf\x1a`\x0b`\xe6\xa4\xe3o\x16\x00r\xa7 to\
\x7f\x7fx\xd7D\xfe\x0f\xeb\xfet\xbd\xaf\xfb\x10\xfe\xa8\
\xf7\xd1\x84\xf0\x97 \x7f\xaa\x00\x1a\xc4\x01\x94!!\xd4\
h\xbf\xe7\xbe\xae\xec7Fo\x96\xb1\x07O$\x07\x0e\
:\xfd\x90\xe3\x7f[M6\xfeq\xed?v\xfbm\x9f\
\xa3\xf9\x0fb\x9e\x00@\xcf\x1fxa\xe48\x9e\xe3B\
E\xe0:\x8e\x11\xc5{\x7f\xb9\x97\xf8\x01_\x9b\xf7\x03\
x<\xb1\x03\x98\xc6\xfc\xf2))\xd0\xc4&(3\x04\
\xc9\x02\xf6\xe2[\x80Rec\x03K\x7f\x1e\xf6w\xe0\
\xbe/\x91\xd7\xa7Td\xef\xaf\x0e\x1b\x7f\xd4\xab\xe8\xf5\
]\x15C?\xb2\xfe\xde\xac\x8a\xf0\x9f\x9b\xfc\xef\xb4Z\
\x12\xb7\x00f\xa3\xf2\xf7\xa9\x10\xa4\x9fG\x85\xc2i\x83\
:8\x1f\x86:\xf9~h\x1a\x0b\x7f\xb4\xbe\xdf\xef\xf7\
\xd9\xfbGH\xff\x89\xf6\x83\xb7\x7f\xc3Gh\xb0A\xf5\
\x7f\x8d}>\xe1\xc70\xbe\x1d\xff\xa3\xe9\x7f?\xfd\xfd\
\x857\x1fmj\x01D\xfcc\x0b@f\x7f\x89\xd9\xbf\
-8\xc0\xcb\xcc\xfdi\xf6\x1fyq\xe4\xb8\x84\x04D\
N\xd0\x8b\xd49O\xc0\x94%\xd8\x83)\x07`\xde\x0c\
\xb6\x96z?\xfe{\xec\x002K\xb0\xec\x5c\x0a\x11\xa8\
X,\x0b\x8dO\xb5\xca&_4\x05\xc0-\x7f\xa5r\
\x95>\xa0\xa1\x1f\xef\xf8#\xa9?;\x00I\xd2)\xdc\
?,\xfe\x07-\x02\x01\xcd\x87\xa9E \x8f\xcezy\
\xb2q|\xcb\x14^\xdf(\xf6\x83\xa6_\xee\x9b\xb2\x02\
\x91n\xb2\xf0W\xc3\x81?O\xfd\xa9\x12hX\x18\xfe\
\x8a\x06\x19\x80Z\x00\xbb\xf1\xdbwg\xce\x00g\xbe\xf4\
\xe4_\xaf\xb0\x00\xc0\x16`\x1d[\x80#\xd1\xedo\xab\
\xaa\x10\x00\xb3\xf5\xdf\xa2\xdb?v\xe9\xd9\x0d!\xe0\xe1\
\x8f\x83\x9d?\xdc\xfc\xf0hx\x8e\xea\x04\xce\xe1\x97\xf7\
>K\x1c\x81>\x9b\xaf\x00\xd2\xa6\xa0\xd9j\xb0,\x01\
\xfc\x0f*\x80\x9b\x1b7h\xbfg\x87O\x19Z\x81*\
\xba\x80\x14\x09\x03d\x12`\xa5\x22\x9c~X\xf4\xc3\x00\
\xc0\xe6\xa9\xe1/\xc0?q\x92\x06`I'\xe0\x1d\xb6\
\xfa\xb40\xe2Q\xfa\xabQ\x01\x00}?\xb5\x00\xf2)\
G\xaf\xe9\x10\xffp\xf9C\x06\xd01\x15\x8c\x96\xd7\x04\
\x15^\x8f\xc26D?I\xff\xd6\x05\xf1\x87Q\x80\x09\
\x12x\x9e\xe6\xdf\xf0\x92?\xdd\x08\x1eC7\x80G\xd7\
\x09\xa2\xd8\xc0\x0a \xe5\x070k\x0b\xfe\xbbgW'\
\xae\x1f\xf9\x84\xef;k\x0b0-\x0b\xc8\xa6\x00\xd9\xb9\
\xf8\x0a\xa0\x93\xab\x97\x8a\x12\xcf\xfb\xca\xb4\xf0\xa7\x8e+\
\x7fX\xf3\x8fl`Z\xf6AE?\xaf\xfaa\xcb\xbf\
\xcd\xc4\xf83U\xfdO\xe5\x01\xdf\xdc{\xbe\xbc\x08\xb0\
\xf0\xcf?\xee\x99T\x00\xa0\xc5\x07\x14\x00\xba\x8ez\xbf\
\xben)\xb2)[T\xecS\xc1/P@\x9a\x04\xd6\
j:$\x01\xad\xc60\xa0\x06\xef\x87?\xad\x90r\xae\
\x8c\xf6H\xfa\x8b5\x00\xca~9\xec\xb7\xc7\xae\xffg\
\xa8\xfe\x02\x81\x01\xe0\xe0/\x88\xc2\xa0\x8b\xe4_\x03\xa7\
\x80\x8e\x1b9M\xa7\xe7Fq3\xe1\x01$|\xe0\xf4\
b\x90\xc7W\xf3\xe3\xb5_3h\xc0\xd4V\xe0)9\
`V\x01d\xe7\xa2\x13\xc0f\x0e\xea\x7f$\xfe\x966\
+\xbc\xe0\x0b\x97}\x91\xd3?\x96\xff\xd5zI\x84=\
\xb7\x00\xd5\xeax\xdd\x07\x0f\x00\xe7\xc1\xff\xd6\x00\x83\x7f\
 \xe5vZ\xe6*\x22\xc0\xc2\xbb\xa1\xae\xe3\xb4\x8fZ\
}\xec\xfb\xa1\xed\xef\xf7-\xbdo\x12\xf8'\xd32O\
\xc2\x00\x84\x04\x08\x8a\x7fh\xffu\x84\x00\xf4\x1a\x94\x00\
\xb8\xe4K\xd9\x1d\xad\x90s\xde>\xdfUq\xf1\x1f\x8d\
\x01\xd8\xe7'q\xfd'\xda\xffb\xcd\xbf\x17S\xff\xef\
!\xe8\x17C\xd0\xc3q\x05\x11\x00^6\xa1\x01\x88\x9a\
\xf1\xe1W\xf7\xc6\xc1\xff\xc9\xfcn\xc0\xc7\xd7\x1f\xac\xea\
\x07\x90M\x01\xb2s\xb1\x09\xe0gd\xf7-\x0c\xfeQ\
\xe3\x8f6_\xc4\xf9\xe9\xe0\x9a\xef:b}\xa8\xfa\xc7\
\xc1?\x91~\x85\xef\xbf\xd8\xf9wJ\xf5\x8f\xf8\x1f\xc4\
\xbf)\x0dZO\x7f\xb3\x02\x05\xe0\xdb\x17{\xe4\xf4E\
^\x9f&4\xf7\xc8\xff!\xe1/\x83\xff\xa2\xe6\xf7\x93\
\xc9?\xc4\xbf\xc6\x0b>!\x09\xec+\xb4\xf2W\xde\xb7\
\x95\xd1*%\xc0\x8f\x1f\x0dd\xfd@\xfcC\xf8o\xb3\
\xdb'\x8d\x01\x0f\xce\xf2\xfb\xf7\x5cr\xfcq\xa1\xee\xc7\
_\xb8\xf9]\xcf5\x9c\xb0\x1b\xc4\xae\x13\x05\xbd\xc0Q\
\xdd\x9e\xa3\x12\x11h\xd6\x0f\xe0\xc9\xdc^\x80q\xe9?\
U\x04$`\xe0Z\x8a\x1d\x90y\x02f\xe7\xa2\x13\x80\
\xd0\xf9\x95\x85\xd2\xbf\xc3J_\x12\x03Q\xfc\xd7i\xc7\
/1~H\xf2\xc7\xad\xbf\xf0\x00\x9a-\x00LSL\
\xff\x06\x10\xff\x96\xd4j=\x5c\xa5\x01(\xfc0\xbc\xab\
[l\xf6\xc7U\x80\x06\xd1\x8f\xcd\xbf\x82\x96?\x96\xac\
\x13\xe2\xc7\xf6?\xc4\xfb\xd1\xa1\xe2\xb7u\x85\x86\x005\
\xc6\x00e\xf8\xc8\xf8\xb8\x02\xf3\xf8\xe4\xca\xe8\x10\xdd\xfe\
z\x89\xe9'-\xfc<P\xcfq\xfc\x8b\xc5c`8\
\xd0\xee#\xe6\xe79\xdd\xae\xeax\xd0\xf7\xefF\x91\x11\
\xb9Q\x10\x07N\xf7\xdfga\x003 \xe0\x22\x11\xc0\
\xac)h\xb6\x1e<;\x17\xcd\x03\xe8\x08\xc2?:\xfd\
\x97\xab\xb8\xfc\xb7T\xa9\x0a\xe7\xef*\xbb}'.\x7f\
\x15\xd6\xfd\xd1\xa9\xa6\x9b\xffA\xd2\x02\x0crR\x8e\xe2\
\xdfg\xa3\xceGK\x0d\xe5\x0b\xaf\x8f\xdb\x04\xffk\x0a\
^\xfe\x0a\xe2\x00}\x1f\xdd\xbf,B\xfe\xf5\xc6\x04\xf8\
\xf31\x11h\x84\xf9)\xd0\x00@\xed\x0f\xe1\x8f\x9b~\
dZ\xf31\xfc\xd5\xb9\x8a\xa0\xc9g\x7f\xc3\x12 q\
\xfb\xb6\xc7\xd6\x7fg8\xfetCz\x0e\xa1\xe7\xc7\xdb\
\x1f\xab\x800\x0a]\xec\xfd\xc3n\x04a\xbf\x1b\xf7\xe2\
\xe6VS\x8dz[_M\xf6\x02\x5c\x9b\xdb\x0e|\xfd\
\xc9/\x9f\xa5\x05\xffg\xbb\x04g\x15@v.:\x01\
\xe4J\xbc\xdc\xbb\xcc\x0b\xbf$a\xff\x83H\x80\x98\xfb\
q\xfc\x93\xe4\x0f\xaf\xfd\xdcf%\xa1\xfe\xce\x0d\xff\xa8\
\x05\x90\xa4\x81\xbf\xd3\xb2\xa4\xc1\xcb_\x9f\x9c\xa1\xfcK\
\xc7\xe57\xc7>\xa2z\x96&\xa3\xd5\x1f\x16\x00V\xdf\
\xef\xcb\xb26\xc6\xfb\xf94\xfc\xc6\xbe\xac)\x1aF>\
5\x00X\xfd\xd7\xf65[\xb7q\xcdoM\x96O/\
\x01\x16}\xff?F\x1eF\xbd,\x08\xff\xaa}\x96\xdb\
?\xf6\xfdqL\xb3\x7f't\xdc\xc0\x09\x02(\x01\xbc\
n\xec\x85\xdd\xae\x17\xabp\xfd\xf7\x02\x15>l\xaa\xbb\
j\x1c\xcc\xfb\x01\xa4@\xc0'W\x97\xf6\x02X\xcb\xf6\
\x02d\x09\xe0R\x12\x00\x95\xfb\xb4\xdf\x97\x5c\xbf\xcbH\
\x01b\xed\x1fJ~%$\xfdl\x12\xf5\xb7\xc2\xc5\xff\
\xe6i\xe0\x9f/Z\x00i \xed\xc0\xed\x0f\x15\x80\xf5\
p\xb8J\x03\xf0\xe1U\xdf\xd25\xe1\xf8O~\xbf\xd8\
\xfd+~\xe2\xf85U\x01\xe8D\xfb\xabi8\xfb\x87\
\x16\x00S\x81&\xd74\x1bz\x05H\x005\xd9~\xf5\
\xfd\x0a_\xfc\xfe\xebWc\xe2\x9fP\xff/\xbe\xfd\x0d\
7\xc4\xe7\xc8X\x0f#\xa7K\x15@\xcf\xf0\x82\xd8\x89\
</\x8e\x83\xddf\x10GN\x13\x92@\xac\x06\xcd]\
\x22\x02%{\x01\xd8\x0f \xd5\x02\xdc\xb9*\xe0\xbd\xc9\
\x16\xd0\xfcZ\xc2\x07ZK\xd9\x02d\x8e@Y\x02\xb8\
\x94\x04 L\xfe:\xec\xfc\xcd\x8a_x\xc9C\xbe\x0a\
\xf1\xffi\xeb\x17G\xfd<\xeb\x9f4\xff\xc8\xfb\xc7W\
P\xfa\xc31\xe1\xe7\xf8\x87\x15\xc2\xf0\xe4\xf3c\xdd\xea\
\xa3\xdd\x8f\xafk2\xb5\x02\xa8\xfcc\xc7O\x0d\xa9\x7f\
\x9a/\xebT\xfcs\xf3\x8f\x19@Q\xb4}\xe4\x01\xd1\
\xbd\x8f\xa7\x86K~k\xab\xc9\x82\x1f\xbd\x1e\x85j\x0f\
\x17\xfe\xa9=\xca\x01K)\xfe\x03\xc3p\xe81\xc0\x87\
\xae\x0a\xaf\x9d\xeenS\xfdCsW\x0db\xc3p\x9b\
M\xb5\xd9\xec\xcd\xf9\x01\xcc\x82\x80_<\x1b\x13}\xf3\
\xb3\x1b\x82\xe7\xa4A\x19\x08\x98%\x80\xcbI\x00\x1d\xf2\
\xfd\xea\x10\xe7\x87n\x7f\x02\xff;e\x04\xf9I\xf6\x93\
\xb0~\x09\xf3o\xe1\xc2\xcfY\x9d\xb6\x89\x09\xe06&\
\x003\xd72\xa5\x1d\x8c\xfe\x96\xb4\xd3\xf8\xc5\xfbU\xd0\
\xf8\xe7D\xfaE\xb5/\x8e\x02q\xe3\x1f:\x7f\x0b\xbf\
\xcf\x99\x04\x00\x1f#\xe0\xa7\xef\xd7\x14\xec\xfd\xe1\xd1\xae\
\xd1\x92_a\xf5]\xb3\xfd\xff\xb2w5-\x92[W\
\xf4G\x15\xd3d\xdb#[d\x84\x05\x92Z\x88\x0c\xa8\
\x8b\x11L\xb7\xa4'\xac\x8dT*(F\x94\x0b\x8a\xd2\
J\x98\x02a\x08\xbd\x90\x97.\x08\xd6n\xb2K\xcf\x22\
\x14\xdez\x98\x8c\x17\x06\x9b\x04\x86\xe0@H6\xd9&\
\xb9\xe7\xbe\xa7\xea\x8f\xean\xcf\xe0\xca\x22\xa0\xa7\xaeR\
\xa9z>V\xf7\xe3\xdc{\xee\xb9?\xbc\xfd\x80\xff\xfa\
W\x7f\xfe\xdbN\xf9\xe7!\xec\xefd\x9d\xbc7\x94\x05\
0\xf3/\xc3\xd4o\xeb@\xff\xa7\xed\xba\xac\x9d\x92\xf9\
o\xdb:+kJ\x03\xa6\xa6\x80\x03\xd8\xed\x05x\xbc\
\xc7\x03@\x11\xf0\xe9\xd1\xd1S\xb2\xee\x17\xbc\x0f\xe0\x88\
\xf7\x01\xa8=\x01\xeaY\xfe\x1e\xfb\x02^@\x11h\xd0\
\x03\x18\xce\xa13\x005\xea\xcb]@.\x08j\xa7g\
gr\xc7\x1fR~\xd0~O\xfb\xd2\xff\x93;\x14\xff\
\xc8\xfc]\x8d\xd2\xffDs\x93\x0d\xc7\xffQR\x15I\
\xf9\xd3\xdf\xff\xf4\xde\xe7\x9f\xdf8\xb6a`\xea\xcfZ\
2\x0c\xa0\xf4_\x0a}\x11\xe4\xb79\x0fP\xd5\x7f\x90\
\xfe`\xf8\x06\xfb\x00\x1fk>\xe9}AY\x80\xcf\xbb\
>|#\xf7+\xff??\xbd\xff\xff\xfd\xaf\xbf^\x98\
\xeb\x12\xea\x7f\x0fc\xffcB\xfay\xde\x04y\x07\xea\
/\x1dr\x00\x84\x02\xb2,\xa0[F\xe0?\x8b\xea\xed\
4j\xca\xa0n\x9a8\x8aE\x16m\xfb\x1a\xc0Gw\
\xd6\x00^\xfd\xfe\xcd\x07R\x81\x87.\xc0p\x0e\xed\x00\
\xced\x0b\x90R~)\xfe\xf9\xf1\x93\x13\xb9\xdc\xefL\
\xe2\xfegR\xfd\x93-\xff\x0e\xe2/\xf3~\xdd\x04\xa9\
\x81\x16&\xdaf\xa3%E5*\x12m\xf9\xef\x7f|\
\xb7;\xef\xde\xbd\xc3K\x9e\xd7\xfd\xf5\xe3k\xbc\xbd{\
\xfd\xdd\xbb\x1f\xdf\x82\xf5\x07\xb9oh}ZVUY\
L\xfb\x97\x0e@\x0d\xfe\x22\xfb\x1f\x93\x9f \xf0\xbf0\
,\xe6\xfe\x18\xbaO\x1eA\xd7\x17\xd8\xf23\xe6e_\
\xd8\xf2=\x99\xfe\xf0\xfa\xfb\xb7\xfd\x85\x9f;\xce\xcb\xb7\
\xdf\xff\x01\xef\xe3\xcd\xb4\x17\xfc\xb9?\xfaw\xbd\xe2\x0f\
\x05\xfb,\xcb\x9c\x8c\xc2\xbe\xc8\xa0\xfe\x07\x0f\x80\xe2\x7f\
\x86\x0c\xa0k\xb3:\x10e\x13E\xd1K\x91M\xcdk\
<\x80\xc7{<\x00\xc8\x82\xdf\x1c\xfa?\xba\x1f\x04p\
\x95`\x80\x00\xc39\xb8\x038e\xde\xafR\xfb\xff\x04\
m\x00T\xfc\xe4\x9eo\xad\xdf\xf3-U@\x9e\xdd2\
\xff\xc4\xddU\x00F\x9a\xe6\xa2\xf5G\xc1\x9f|BA\
^ \xa9\xb4\xcd\x17_l\x8a\xe5\xf99~\xd2\xf3\x0d\
O\xef,\xfb\x03%?\xbb\xb0g\xcb\x82>\xe8\x18\xfb\
]V\xe4\x00\xdc\xa5K\x01\x9f\xec\x9f\x01@?\xf9#\
\xa5?\x98\xeb3F\xdfoA\xe0\xdfB\x07\x80\x0c\x7f\
a#\xf9\x97?\xd6l\xb5\x22\x07\xe0\xfb\xe3\xd2\x19\xc7\
\x0e.\x86\xec\xc1\x05]\x8e\xe9\x981\xae86\x83\xae\
3;\xd3\xec^\x9a]\x16C\xf9\x07V\xee\xdc_\x01\
\xe82\x85\xfe\x83&\xa0\xa7\xae\xc5\x03\xbf9d\xfa\xf4\
r\xb2\xedt\x1aeN\xbb53G\x08N\x01\xa2\xab\
Y\x80\xe7J\x0f`\xcf\x01\xbc\x97\x0e\xc0\xae 88\
\x80\xe1\x1c\xd8\x01$X\xfcu\x8a*\x00\xfb\x80\xd3O\
N%\xe1\x07\xf9\xff\xd9\xa9\xea\xfcK\xd6\xcf^\xf9O\
\xeb\x1d\xc0\x86 \x80ViI\xb8\xd1`\xfftQ\x0a\
P$\x1b/,\xc8\x13\x84X\xf17\x0f\xe7s\xfa\xe4\
J\xb5O\x97u>\xe9\x05\xd5\x7fK\xc7\x9a\x9f%\xda\
\xfe\x9e\x01\xd1O\x1dz?\x00\xfe\xe7\xac\xfe\x05\x04\xc0\
\xc5\x7f\xe4\xffd\xfbR\xfd\xc7\xe2\x19 \x8a\xf9\x0b\xf4\
\xff\x95\x03(\xf5\xd5q:\xa3$ \x9f\x19\xfej\xa5\
\xeb%\x8b{\xad'\xf1%]H\xe5\xf1\x81g|\xd7\
R\xecWWz\xff\x1c\xe9\xe9\xe9\xae\x0c\xa0\xe9?7\
\x01E{\x02\x00M\x97\xa3\xf5\xdf\xe4N\x1d\xd4]\xd9\
\xd6NK\xa1\x9f @\xdb\xb5\xe8\xff\x8b6\x8b\x80\x01\
v\x0e`\xc7\x06\xb8\x05\x01nV\xfb\x8f\xeeS\x07\xde\
=\x0fm\xc0\xe1\x1c\x9a\x09\xa8q\xdc\x07\xfa\xff\x04\xab\
\xbe\x11\xf3\xd1\x00\x94\x5c\x9f\x13\x86\xfe\xbc\xe9{\xaf\xf5\
\x9flz\x08P\xd1\xaf)\x1b\xa8\x12/!$P\xf0\
\x95\x14\x85\x97\x14\x1a\xef\xf8qC\xec\xf9\x9c\x93\x07\xb0\
\xdd0\xf4\x5c\x8f\xb5\xfe\xe4\xb2\x0f\x9d\xd9\xff\xc6\x12\xbb\
\xbe\xb8\x09P\xe9\x95~\x0e\xa3\x87\xecGU\x9dc\xee\
\xff\x9c\x11\xc0\xd8\xe6\xc9\xdf\x85\x8d\xd7XZ\xbf\xc1\xf4\
\x1f\x95\x01P\xf8/W\xc7\xabtu\x9e\x93\x17('\
\x938]\x99k\x0c\xf9_\xac\xe3\xcb\xf4\x82\xafu\xba\
\x96m?\xe5\x04\xae\xeb\xfd\xdd\xc3\xfeo\xe5\x8d\xb2\xfd\
\xa0!\xcb\xcf\xf2\x80r\xff\xbc\xc4\xcc\x7f\x17\x94m\xdb\
\x95u\x8b\xc6\xbfI9\xc04\x12/E\x99\x89h*\
8\x03\xb8\xa5\x09\xf8\xea\x17\x8d\x03\x0f\x10`8\x87\xa7\
\x02\xab\xce\x1f\x98\xbf\xd8\xf0\x81\x81\x7fp\xffOv\x1b\
>OT\x0a\xb0\x8f\xfd\xd5\x1b\xa5\xfe\x9eF\xe0\x1f\xed\
\xff$\xd4\x00\x01\xb4\xd0-\x92\xb9\x87\x0d\x7f6e\x00\
\x05>i\xba\x1b\xe2\xe2\xf8\x8fF?\xd6~\xb2\x03\xa0\
\xb7\xca\x06\xfc\xb7\x0c\xe6\xfa\xdb\xbc\xedC\xbfj\xfd/\
t\xfb\xd2\xb6\xe0\x02\xb8\xf2o[6\xea\xfe\x86N\xe6\
\x8f\xea\xff\x98/\x8a\xff\xfed\x85%\x7ff\x8ae_\
p\x00\x17\xeb\xcbK\x9e\xf7\xbb\xe4}_\xe95\xb9\x1f\
_\x0e\xfd\xff\x8c\xde_'\x15\x7f\xc8\xf0\x9d\x5c\x04N\
\x9b\xb7N\x10\x80\x05X7\x82P\x04\xf9\x80\xd6\xac\xdb\
\xcc\xcc\xa6Q\x9b\xb5Ss\x1b\x89X\xd0\x0f9\x80)\
\x1c\xc0s\xc5\x03\x80\x1e\xc0\xde,\xc0\x87\x16\x01\x07\x07\
0\x9c\x03\x9f\xdfp\xf5\xffc\x8dY\xbfg\x92\xf2s\
\xca\xc9?o\xfbf\xedvJ\x01\x92[\xdb>\x12\xd5\
\x99\xd1\x12\xac\x03\xdax\x1e\xc5|O\xd3\xaaM\xa5\xd1\
gr\x00\x1e\x05|wnS\xdc\xd7Bz\x15\xc5\x9c\
b==)\x07\x00\xad_\xb0|\x0d\x8c\xfca\xc9\x8f\
]a\xf2\x07\xd2\x1f\x08\xfc\x9e\xd4\xfc\xaf\xa4\xd8'X\
?\x84\xf71\xf9\x8f\x0a\x00`\x80oY\xa0\xfd\xfa\xe4\
\x06f>\x86\x00\xc9\xf6s\x1d\xe5\xbf\x15\xd6\xfcLR\
\xdfO'\x17X\xf5wL\x19\x00R\x80\xde\xfe\xb9\xdd\
\xb7.\xfd^\xeb3\xfd\x99]\x7f\x8d\x04\xff\x82\xae\x06\
\x9a\x7f]\xe3d\xf4j\xc8\x0f\x98\x94\xed;b\x8a\xd0\
\x9fm\xa3mM\x0f\x94\x00\x98\x11\xfd\xd9\x96<@\x13\
\xa9\x1a\xc0G\xf7\xcf\x02\xbc\xd8\xdf\x0a\xf8\xd0\xf3n\x16\
\xe0\xd3\xd1\xbe\xae\xfe\xfb~\xf7\xff\xfb\xf7\x07\x07\xf0\xbf\
\xc8\x00\xceP\x05\xa4\x04\xa0\x1f\xf3g\xa5\x7f\x16\xfe\xe0\
\xa4\xff\x99\xe4\xfe\xdc\xe8\xc7&\xa3\xcd\xa72\xfek\x9b\
\xd1\xc6\xa3D_K\xbc\x02\xf4_\x0c\x01\x84\x1b\xb2w\
\x8d\xa2;\x19>\xbd\x18\x06PB@\xe9>\x16\xfe\x1a\
.\xef\xfb\xc0\xd8\x0fY\xbb\x9c\xf9\xe3}\xdfK\xa9\xf7\
\xcdj_WS\xffj\xf0\x87\xcc\xdf\xc7\xd8\xafE>\
`A\x9fu`\x01\x0b\x00\xc0\x9f\x81\x06\xa0\x8f\xfdU\
\xae\x13\xf8\x9fL\x8e\xc9\xf8\xc9\x05L \xf4\x05}\xef\
\x982\x805F\xfeS\xb6\xff\xf5\xba\x94\x9c\xbf\xf5u\
\xb9\xdf{\xaa\xffm\xc6\x1d\x00\x1e\xf6\xcd\x1dA9\x7f\
\x9e\x13\xbe\xa7T \xc8;\xca\xf0\xa3V\x04 \xfct\
\xa2\xd9\x9aA)\xba\x88\x8c\xdelE)P\x02\xe4\x0c\
@\xf6\xff\x1f\xdf\xa3\x07\xf0\xea\xf3\xa3GO\xc9\xb4_\
|\x8e\xfe?\xeb\xff_\x7f~t\xeby\xe0\x01\x0c\xe7\
\xf0\x10\x00\xfc?V\xfa?\xe3\x01_)\xfcy\xd6\xd7\
\xfd\x9e\x9d\xdc&\xfe&\xa3\x1d\xf8\xa7\xb8\xafU\x14\xf9\
\x11\xfd\x09\x01\x90\xe9c\x0c\x90\xa2\xbdK&O\x91\x7f\
\x1e\x12\x12\xe0\xbc\xdfr5\xb2s\x97\xb5\xfe\x94\xdc\xff\
\x92e\xbe\xf8B\xfdo\xe9Y\x95q~\xd5\xf1\xd3\xfb\
\xfe\xdfba\x81\xf2\xcf\x1e`\x0c\xee\xdf\x02%?x\
\x00\x03\xb4\x9f\xb1o\x8dg3\x9fR\xfe\x1c\xf5\xff\xd5\
\xaa4\xc8\x0d\xb0\xdco\x0c\xa1?\xfa\xe9\xd7}Lz\
\xa5?\xdf_\x9bJ\xf1\xf3\xc1\xde\x7f\x0e\xd6\xffqC\
6n\x8a\x9c\xb5\xbeE\xc3#\xff]F\xc9\x7f\xd0\xc6\
\x98\xfc\xad\xdb\xae.E6mE\x03\xe8\x1f\x89@A\
\x80l{\xd1S\x81\x19\x06<\xdek\x03~\xf5\xe6C\
\xf5\x00\x06\x080\x9cC\x17\x01y\xf7/\xdb\xbc\x1c\xf8\
'\xf4\xcf\xa2\x1f\x9a\x92\xfc\xb8]\xfb/z\xde/\x8a\
\x7f\x05\xe7\xfe\xf4N\x86\x9e$\x94\x0a\xd0CAv\xce\
\x0e\xc0\x9e'\x14\xf4\xe1\x09\xe8\x9b\xb9\xa7\x94>\x95\x03\
\xb0\x0c\xa9\xfd#k\x80zu}\xdf\x87\x12\xffA\xe5\
_\xb7\xc7\x16\x1a~t|\x9e\xfd\xf1u\xd4\x03A\xff\
e\xf370\xff\xe7\xaff9\xd2\xff\xd9\xcc\xf2\xfd\xf1\
\x8c\x1c\xc0$\xbd\xc0vo\xb2\xffI<\x91+?\xd3\
^\xe9o\xb7\xf2o\xfd\x10\xf3\xaf\xebd\x0d\x80\x82?\
\xfd\xe9 \xa8\x1d\xf2\x00\x81\xac\xff\x11\xd8G\xb1\xbf\xc6\
\x15\xd0\xf7%%\x02\x0d\xec\x7f*\xa2(\xa0\x04\xa0\x8d\
\xe1\x09\xc4\xf1\xb7\xcfe\xfe\xaf\xa8\x80\x8f\x7fa\x11p\
\xe8\x02\x0c\xe7\xe05\x80S\x0d\x9a?,\xfa\xa3q\xd7\
O\xce\x00h\xbd\xea\xd7\x1dS?\x98\xfb\xd14\xb6\x7f\
\xd4\xfb\x8aM\x01\x06\x003\x80\xc3yH\xce\xc0u\xe7\
\xd5\x9c\xf2\x00r\x006\xd2\xfe'.+}^9\x00\
\x8b\xf1>\xeb|\xea\xec\x01\xacJ*}\xca}\x1f\xba\
\xad\xd0\xbf\xb1\x00\xdf\x87e?|n\x03\x82\xf0\xb70\
\xd8\xf3\x0a\xd8\x00\x00 \x00IDATx\xec\xcfW\
\x09\xc0\x0c,\xbe\x95\xce\xf8\xdf2}c\x96\xae\xa0\xe8\
3I'\x97\x93\x18\x10\x00\xd6\xdf+\xfd)\xf3/}\
)\xfc\xf5\x00\xf8o\x1b\xbeeY\xd36m \x08\xff\
;\xf0\x02m\x07\xfe\x7f\xd6vm[;\x82\xbe\x83\x07\
\xa8\x03a\x8a\xa6\x11\xd3\x8c\x82\x7fK\xbf'\x08\xf05\
}\x9e\x91\x03\xb81\x0e\xf8\xd9mA\x90\x1b\xd3\x80}\
\xef\xff\x8a\xfd\xdfO\x01\xf6\xf7!\x03\x18\xce\xa13\x00\
)\xf2\x85\xd2\xbf\xdc\xf9\xc5\xfc\x9f\x13U\xf7\xbfC\xf3\
k7\xf6W\x8d\xaa\x10\x05\x7f\xd5\xf9\x1fU\x98\x00\xf0\
(\xdeS\x0eP\x84\xd5I\xe5\xa2\xf1\x07\x0f`\x84\xa1\
\xe7\xb1\x07\x90\xf6Og\xa9\xbbV\x02\xe5\x1f\x9d\xfb\x00\
\xbd\xce\x8f\xda\xf7!\x95\xbf@\xfc1x\xf0\x0f\x05@\
\xdb7\xe85\xb6l\x7f\xc1M?\xc5\xfb7\xfcU\x9a\
R\xdc\x87\x13\xc8\xc9\xf6\x09\x02\xa4)\xeb|\x12\x08\xc0\
\xae\x8fXn\xfc\x94\x06\xcfE\xff\xd4\xf7\xd9\x03<\xc4\
\xfc\xebu\xff\xb2L\xcd\xfcS\xaa\x8f.\x00\x14\x7f3\
:\x14\xfb\x1d\x99\x01@\xfb\xafl\xa7\xb0\x7fJ\x01L\
A\x10\x80\xbe\x8b\xc4\xf4B\x88\xdf~\xfb\xfc\x01=\x80\
/\xbf\xfc5\x1c\xc0-!\xc0\x1b\x8f\xd7g\x84\x8e\x06\
&\xe0\xe0\x00\x0e~\xbe\x19\xb1\xce_/\xf8\xab\x86\x7f\
x\x02@\xdb\x9f\xfbSm\xbf\x04]\x7fr\x01\xa8\x00\
\x14\x05\xe1\xfej\xc3\xf3?\xb0}\x97p\x7fE\xb7\xaa\
\x9a\x87\x09\xb7\xfbm7\x94:\xdf.\x93\x7f\x0c\xbb\xaa\
ll\xf8\xe4\xd0\xaf':\xb2\x00\xde\xf5q\xbe\xdb\xf8\
\xa5\xa6\xff\x17>t~\xa0\xfci\xc8*\xc0\x98\xf0\xc0\
n\xeegF\xf6?\xf3}p\xffft\xa5\xe9L_\
\xad\xcea\xf7\x13Y\xf0\x9f\xa8m\x1f\x97\x93^\xea[\
\xa9}\xc8,\xe0!\xf4_\xcb\x1a\x00g\xfcM[C\
\xee#G\x09\xb0\xce\x83\xb6\xce\xb2m\xd6\x06]+\x02\
,\x01\x13\xad\xd9\x8aN\xd9?R\x003\x8aQ\x03\x10\
\xd3\xdf\x09\xb9\x18\xe4\xfa,\xc0\xdef\xa0\xf7\xd6\x02\xc0\
}\xd8\x0b0\x9cCg\x00<\xe7{\xf2\x0c\x83\xff\x0c\
\xfdO\xe4\xe6\x1fY\x03\xdc\x07\xffJ\xf57\x01\xd1W\
\xe3\x8e\x7f\xe1\x01\xf7W\x18\x00\x08\x93\x82\x1d@xR\
\x80\xf7\x83N`(\x1d@o\xff\x94\x01x\xd8\xf6\xe3\
\xea\x86D\xffP\xfb\xf6T\xc3\x9fP\x80uU\x04\x84\
\xc8\x17:~6\x06}\x94\xfd\x03\x030\xe9\x1f}\x7f\
\xee\x01\xae\x10\xf3\xd3\x94I@\xbe\x1ec\xd1/\xb9\x00\
@\x00\xa5\xf5}<\x81\xfd\xafU\xfa\x0f\xc1\xafR\x99\
\xff\xbd\x91?\xcf\xe9.\xd5~ \xf5\xeb\x94y\xe9\x90\
\xe5\x93\xbd\x0bB\x00\x91\xb9\xcd\xcchZ\x83\xeaG\xff\
N\x1c\x99\x80\xfb%{\x00|\x07\x0e\xf0\x1fE\xfcu\
m\xc6Y\xfe\x97\xcf\xae/\x06\xdb\xdb\x0d\xf8\xd5\x9b\x9b\
z\x00\xfd\xed\xe8\xd1\x0dY\x80\xfev4l\x06\x1a\xce\
\xc1\x1d\xc0)\xaf\xf8\xe6j\xbfv*\xe5~e\x0dp\
t\x9b\xf7\x87E\x7f\x18\xf8%\x04\x80\xce\x9f\xe7U\xcc\
\x01\xfc/{W\xcc\xe28\x9aD\x7fT3\x9d\xdc&\
^\x0dbN \x90<B\x910c\x98m\x7f\xfa\xc4\
\x8a\x83O\xb6\xa0Y\xad\xd7`\xe4H\x81A\xc9\xa1@\
\x13tb0\xe3\xc4x\xa1\x03\xf7\x06\x83\x92I\xef\x17\
\xcc\xdf\xb8\xe4\xea\xd5'\xb7\xdd\xdd\xeef\x0ez\xb8\x0b\
\xa4\xf1\xae\xec\xd9M\xab\xeaU\xd5\xab\xf7|}\x030\
\x89\x18\x01P\xdc{S\x93\xd0\x80A_F\xbeF\x00\
\x96\xe7\xf3\x02\x80\x82\xde\xb2|\x97/\x7f\xe7\x16\xc4\x7f\
\x00\x02\x9c\xa3\xd6\xd7\xbd\xe3\xa7E\xd5\xde\x81\xda\xbfy\
H\x00\x03\x84?\xef\xfc[\xda?!y\x8b\xc2>\xc6\
\x07\xf3\xffq\x92SdW\x08\xf6*\x1e3\x10`\xbb\
\xbf\xc3\xb6O\x8b\xfdi\x1a\xe0\x8bz\x7f2\xe9\xeb{\
\xdf\x9a\xf0\x7f\xc1\x7f${}Q\xf9\xa7\xf8WJ\x94\
v*\xe8C\xf5\xbf\xa0\x82o\x83\xf57\x14\xa5B&\
\xa0\xacp[\xd9\xb7v\x1aJ%\xc5\xbf\x1f\xeb\x01<\
2\x06yw\xa2\xfd\xf7X\x1a\xfc\xc9\xef\xcb\x8e\x08\xd4\
\x05\xec\xeb'\x80\xf7\xfa\xd4_[\xfe\x1a\xd1E\xab\xfa\
\xf9p\x0f\xbb\xfa\x95\xe7\xfe\x91\xf1\xeb\x05E\xbc\x17\x11\
\xe87&<\x06\xa0L`\xe0\x08p5\x89\xa6:\x01\
xz\x0bhq\xf1w}J\x02\xbef\xfd\xb6\x1b?\
}\xf4\xe3C\xef\xd3<H~\xb4\xa7\xbf-\xed\x9f\x9a\
}^\xfe\xbb\x0e\xd7\x7f\xe8\x7f\xa0\xdfg\x1a\x90>\xfb\
\xa5?q\x16\x04\x838\xaf\x00\x00r\x9c\x00\xe6\xbd1\
\xba\xfd%[}U\x15L?{0\xf8\xc88\xe6\x0f\
\xf0\xff\xa0\xf7\xf9\x1c\x02\x90\x1a\x01\xb4z\x7fE\xfb\xc6\
\xfc\x1f\xfe\x7fC\xdb\x16\x0d}\x84\x1a\xd2\xf7aV\x03\
\xecC\x01\x9cr\x82(E\x8a=\xe0VH!$=\
\x94\x12\x9e\xe8\x01<\xb2\x06\xfb\xed\xa7\xa3\xf4\xef\x89%\
\xc8\xf1\xeb\xc3\xbf\xbc\xfc\xda\xf1\x00\xba\xe7\xb5\x13\xc0\xc9\
\xbd\x8f\xf1\xcb\xdf\xcfM\xfe[\xc1\xbf\x95\x81\x7fV\x98\
\xf6/\xc0\xf8\xf1\x8d\xd5deP\x84G\xd4\x03\x00\xfd\
\x13\xf8\x8f\x5cJ\x02\x0e\xe5\x00\xe6\xfdS\xe8\xd3\xc7:\
$\x00\x13\x1e\xbfs\x939\xff\x0e\x88@\xfe}\xf4/\
\x16\xce\x95\xd3j\xff\xb8\x83;p\xfef\xac\xf5M\xd5\
\x7f\xe6\xe8m\x1f\x86\xff\xba\x01\x08\xcc<\xee\xe5\xf4\x93\
\xba|\xc6\x00\xe3 \x88\xe3\xb8Wa\xde\xbfd\xc3\xcf\
\xa5v\xfd\x0e\xc2\xec \xf6\x85\xbd\x7fp\xe8\xfd\xcf\xce\
\x00\xb0\xf5/y\xff/\x87\x10\xfa$\x04\xa0T\xa1\x15\
?\xeb\xa2\xc6~\x8f\x8a\xbch\xd2\xb4\x19b\x01H\xbd\
\xbf\x02\xe5'\xab\xa9\xf47\x94\x04D\xf89U%\xc6\
\x00\xf4\xb7\x9fo\x8a\xe4\xcf\x97f\x00\x84\x00\xfe\xd5Y\
\x83u\x08\xe0\x7f\x9c\x000\xfa\x7f\x7f0\xfd=w\xf4\
\xa3\x05\x7f\xd1\x02\x18H\x01\x86\xb1\x8a\xa2U\xb4\xd2\x19\
\x80\xfe\x10\xd07F\x13\x1c\xfcM]\x82\xff\xbc\x06\xb4\
<k:b\xf8\xef\xb3\xcb/2\x80i9\xd6\x1c\x08\
\x80*\xff\x9c\xe3\x1f\x17\xbf\xad\xd4\xff\xd5\x15\x13\x7f\x80\
\x03\x06P\xf9\x83\xe2\xa7c\xe1\xe2\x9f\xf7\xff\x14\xf5\x07\
\xd6?\x7f\xb28\xc3\xec\xef:\xe6\x06\x00\xbc\xbf\x1c\xa1\
\x7fWa\xdbW\xb1\xd7\xc7r\x19.3\xbbu\xfa\x08\
\xe2G\xac?\x82\x05\xcf\xbb\xfd0\xe3O\x0d1\x03(\
\x09\x01\x94\x8aJ?\x94~\xc1\xfbG\x06@\xfd\xcf\x8a\
>\x95\x7f\xac\xfdd]c\xfa\xa7\xc2\x9dPj\x17\xa2\
\xfcg\x9f\xbfP\xa7\x90\xaa\xec\xdb\xc7Gz\x00O\x87\
\x80G'\x80\xd3\xfb\xff\xc7*\xc1\x97\xad$Xg\x0c\
\xd2=\xaf=\x04\xe4\xe5\x9f\xc6\x00\xbf<=\xfa\xe1\xa9\
\xff\xc5\x8a\xed><\xe3b\xc1\x07\xbf\xcc\xfd\xe3\xe1\x1f\
!\x01B\xfd\x13j\xf8)\xde\xa9\x09@\xe7O\x09\x00\
\xe4?>\x04\xf2\x11\xfd\xbeN\x00sh~\x83\xf2\xcf\
r\xbf\xbe>\xf8\x03\xe9wq\xe2\xf5\x07\x91_\x17\x08\
\xc0\xd1\xaa\xbf3\xe8|X\x0eo\xfe\xb9\xfc\xe3c\xc6\
\x89\xc9\x95?p\x82<O\xaa1\x18\xc0Z\xd3\x9f>\
\xe3\xf8\x14\xf3\xdbZ\xf2\x7f\xc9\x9b\x80\xfb-\xffK\x1c\
\x00\xea\xf4\x87E\xbfd\xea\xcfP\xd5\x10\xff\x1b\x0a\xdc\
\xfd\xda*\xa5\xce\x9f\xeb\x7f_\xf6k\xb5\x13\x18\xfb\x8b\
\x90\xea\xbfj\x08\xf2\x87k[*\xf5E\xc8>\xa5\x03\
\x09&\xe0\xb7?~\xfe\xf9c\xab\x07\xf0\xf1\xf1\x0c\xe0\
\xdd\xbb\xdf\xdf\xbc9\x8e\x00Ou\x00\xde\x9c\xd7\x05\xe8\
\x86\x80\xdd\xf3\xdak@C_\xff}\xd0V\x9fO\x9d\
>\xbd\xfb\x7f3\xef\x8f\x0a?$?\x00\x00\x08\xf8\xd3\
w\x82\xfe\xc0\xfeS\xd7\x9b\xe2\xe6w4\x1dM\x91\x00\
\x9cidy~\xcb\xf9\xf3\xa1\xf1\xefz0\xfc\x00\x04\
\xb0\x9c\xb9\xb3h7\xfe\xaef\xfd[\x87\x07\x5c\xdf\x01\
\xeb|\xb7, k`\xbafp\xc0\xff(\xffYN\
\xfd~\x9ec\xf5G\xaf \x8f\xcd\xaa7\x0e\xab\xaa\xc2\
\xc4\x0f\xa4\xdf\xf0.\x8e\xa9'\xc0\xad?\x84\xbe\x98\xf5\
\x17\xe8\xd9\xff\x0b;\x7f\xa5Z\xd7\x9fbX\x12\x02\x90\
e?\xa9\x93\xfef\x03\xe2o=L\x9b\xba_\xa0\xf2\
\xd7i]#\xfe\x09\xfe\x87B1\xf3\x87j\xbeH\xe5\
\x9e\xbeVRI\x15\x8a5x\x00\x8d\x90\xf2\x9f\xdf\x8e\
<\x80\x9f\x9f\xb8\x03c\x0a\xf0\xe0\xe2\xe7\xf29_\x90\
\xc3\x7f\xef\x12@\xf7\xbc~\x0b\xc0\x1c@4\xfeg\xf4\
\xfe\x0e\x09\x008\xc0\xd3\x94\x9f\x883\x00\xbd\x0d\x9c\xff\
\xe3\xde?\x82\xe0\x07\xc5\xff\x04\xd4\xff\xd1(\xa2\xc2\xef\
F\xee\x91\xf4k\xcd\xdd\xb9g\xd2W\x07\x82\x1f\x8e\xc7\
7\xff<\xf5\x83\xe3\xdfi\xf8\xb3\xde\xdf\x8c\x11\x80\xe3\
:3-\xf7\x0b\xf8\x8f\xb6?\xc0j\xc0\x0a\xb28\xa7\
\x0f\xc5>8\x7fI\x1e\x98I\x95\xc0\xda\x97\xe0\xbf\xe6\
\xfc\xb0\xf2G\xd82\xfe\xd8\xe23\xcb\xec\xecE\xde?\
\x9b\xfa%\x98\x01\x94\xb2\x06\xf2\x1f*\xec\xfc\xa1\xfbU\
n6\x1bj\xf1)\xd4ke\xd7E\xa6\xc4\x86\xe9?\
\x04\xfb\xa9\xe9/e\xb9\x93e\xa9R\xa9J\xa5\xd6\xa9\
\xda6[i+\x11~\x0d\xd7\xd5\xba\xea}{\xec\x0b\
\xf0 \xfe\xff\xfa\xf4\xdba\xd4\xf7}\xefn\x0b\xd0=\
?\x82\x07@q\x8f\xc6\xff\x19\xa3o\x0ff\x9f\x86G\
\xe5\x9f\xf1\xff\x8a\x87\x00\x14\xfaF4\xa2\xd7\xd4\x8d(\
\xf0]J\x00X\x00\xd0O\x8ez&\xfd\xba8\xfb\x87\
\xd5\x07T\xfe|\xd7\xc17\x0b\xda?\x07\xc8\xef\xc2\xf3\
\x97\x0d\xbf\xda\xf2\xef:\xd0\xfa\x86\xd7\x07\xc4?\x1c\xd6\
\xfa1\x07|\xfdc%\x98\xfe\x07T\xff\x09\xfa\xc7\xf9\
\xb5\x99\x10\x06\xc8\xcd<\x18'\xe1\xf2\x8e\xda\xffe\xb5\
l\x11\xc0\xdd]\x10\x8c!\xf3\x91\x05\xfa\xec\xb7\x15\xfc\
~\x81\xf5W\xf0[A\xeb_\xc1\xe4S)5\xec\xd3\
\xf7~\xb2Q\x02g}\xa5\x84\xf5\x97\xea3\x02\xa8K\
\xb9\xa97\xaaD\xfc\xd3C\x00`_ne\xd3\x94\xb2\
\xbfo\xf6\xa1\xdc\xdef\xb2\xda\x17\xe1\x9a\x12\xc0#=\
\x80\x87\x08\xe0\xbf\xd3\x03\xa0\x16\xa0\xbb\x05\xe8\x9e\xd7G\
\x00\x1f.\xceS~\xbd\x96\xf5\x8b\xa3_\xc3\xf3\xbcE\
\x14\x81\xf4?\x02\x01\x08\x19\x80\xea\xfe\x02\xd5\x7f\x02\x04\
\xe0F>\x01\x80\xc8\xc2\xf0\xdf\xf3t\x02\xf0\xf5\x07&\
\xdf\x8e\xe9\xc3\xedgN\xc1\xbe\xb0\xf4\xcd\xcf\x15\xb6~\
'\x08\x00\xf7}\x03\xb8|\xb9\xc1\x0cS@\xc7A\xf0\
\x07\xb8\xff\xb1\xa0\xf6k&H\x02\xc18\xcf\xf2\xeb8\
\xe3\x04\x10\xe0\xf6_\xab|P\x02\xa8\xda\x04\x80\xf0\xe7\
\xa3?\x06\xff\x19\x1c\xbf\xb2\xef\x92\xfb\xa7\xf6\x7f\xd3\x1f\
*p\xfd\xfbH\x00 \xfdn\xd2\x86e~@\x07\x10\
\x84\xfd7\x22%\xdc_*\xd9\x97eS2\xfd\xa7I\
\x9b}\xb9o\x94\x22\xd0\xdfPK\xd0\xec\x1bqk\xef\
\xf7\x85\xcd-\xc0\x03o\xc0'C\xc0\xef\xd2\x01\xb8\x97\
\x06\xed\x10@\xf7\xbcv\x02\xb8\xf8pz\xf4s\xdc\xbb\
\xb2\xdc?~\x83\x1c\x00r/\x82\xde\xf3\xf5\x12\x90r\
\x81O\xb0\xdf\x1b}@\xd4O\xf9\x83\xd6\x7fD\xf5\xdf\
\xe7\xfd\xbf\xeb\xb6\xd1o\xcd\x9d\xf6\xe6\xdfw\xa8\xf8C\
\xefS\xbb\xfd\xe8\x95\xdf\xfd\xd5\x0f4B\xa9\xd6C\xef\
\x1b\x97\xbf3g\xe6\x04H\x01\xe6\xcc\x19\x04Z\xf4\x8b\
%?\xa8\xef7c\xc2\xfe1^1UnP\xfe\x08\
\x00\x84\xe3\x03\xed\x9f\xe2\x1dV\xdf\x84\xfb{\xed\x0e\xe0\
\xa5\xde\xbf'7\xed\x06\xa0\xe8a\xe37d\xf6\x1f\xf6\
\x80\xc9\x86\xbe\xab\xa2\xa1\x0c`od\xa6\xb0\x1a\xdc\xd4\
!u\xf7J\x11\x04\xa8e\x19R\xf4\xcb/\xe5\x8d\x90\
\xb6\x94\x92@\x7f\xa3\xc4:\xa44\xb0\xdf\x09\xfb\xa6\x96\
\xc9\xb7#\x0f\xe0\xed\x13\x1e\x00\x10\xc0?^\xbc\xff\xbf\
\xec\xf4\x00:\x1e\xc0\x8fO\x00\xef\x9fZ\xfdy\x91\x9e\
\xfb\xf1\xec\x8f#\xde\x98\xe0\x05\x04\xc0\xf1?\x9a@\xe5\
\xc7\x1d\xd17\x0c\xfeF\xe0\xffy\x9e\x15\x8d\xa8\xfb\xe7\
\xb9?W\x7f\xcb\x9d\xcf\xad\xb9\xcf\x17\x7f\x00\x00\x16\xcb\
\xfd\xf2\xf0\xcf\xb1\xda\x04\xd0\xca\xfdC\xe8\x0bz\x9f3\
}\x01D\x89\x80\x1a\xfe\xd6\xeb\x87\x99?\x08\x7fl\xfe\
\xae\xe38\xa3\xf87\xb3 \x8eC\x1c\xf93\xebwy\
\xd7\xabz\x1a\x01\xc4\x5c\xf7\xb9\x05`\x10\xd0\xcb\x9e\xef\
\xfe\x93C\xf7\xaf\x1f\xc5\xff\xd4\xf0\xfa\x02\x0bhC\xbd\
\xbf\x9d\x96\xa2\xa4\xf7\x06\xba_\xf8&\xe9\x87P\x94\x0f\
\x14h\x7f%\xfd\x0f\xe1\x8d\x92\xa2\x11U)2\x95\x16\
i\xa3n\xd3\x9b\xbd\xf8R\x88u\xf2\xe9\x8f\xa3\x1e\xd0\
\xf9\x19\xc0e\xdb\xe2_\x1e\xb8\xbf\xcf\xbf\xbb!`\x97\
\x00~@\x028{\xf3\xefE\xc7)@\xb40\xbcU\
D8`b`\xf2\xc7D@\x1f%\x9f!\x00\xb5\xff\
\x06\x0f\x01=\x07\xeb\xff\x91\xbe\xffq\xda\xe3_K\x97\
~^\xfe\xc1\xee\x03\xb0\xff\x8a-?\xaex\x0c\xd8Z\
~:\x03\xcb\xe5\x99\xbf\x83\xe5\x1f\xb5\x00\xd4\xfcS\x02\
0y\xf5\x8f\xf75$\xff33\xcb5\x04\xa0\xde\x9f\
R@\x1c.)\x03\xe4H\x00wK\xc2\x02\xcb^\x1c\
r\xc7?>\x08~\x06\xb0\xfc}\xa9\xfao\x0a\xad\xfc\
SB\xec_Qs\x0f\xcd\xbf\x12w?\x05\xd5\xff\x82\
\xc2\x9au>\xf5\xf6\x0ff?\xd8\xf8\x97\x02\xa3\xbf:\
\x15\xa5T7\x92\xf2\x80\xbd\xdf\xee\xd6\xfb\x1b\xb0\xff\xec\
\x9bB\xedl\xb1\xfeb\xef\xb6\xa5\xdd|:\xf2\x00\xde\
\x9e\xe3\x01\xfc\xf5S\xbb\x07\xd4q~y\xf2\xe3\xcd\xa3\
\x1f\xda\x1d\xb8K\x00\xdd\xf3\xda\x09\xe09\xe2\xdf\x82\xcd\
><ou\xc1j\x9f+^\x03\x8e|\xdf\x80\xfe\x17\
\xdf\xfdc\xffg\xf0\xf4\x9f\x07\xff\x94\x02\xdc\x11\xce}\
x\xfe\xefS;o\xce}k>w-\xf0~Mo\
\x8e\xa3\x1f,\x00\x16\xe6q\xf5\x0f\x100@\xf4\xcf\xb8\
\xf1G\xf1\xb7`\xf3\xc9\x92\x7f<\xfb\xc7\xdd\xaf\x19B\
\xf2?\xc3\xed\x1f\xe1\xfe\xc4\x0c\xc7L\xfa\x0b\x971\x94\
~\xed\xb8G\xa9\xa0\xe2\xf5?{|\xb7g\xbf\xba\x01\
x\xb6\xe1\xdf\x94\xf7V\x7f}\x9c\xfbk\x95\x7f\xc8\xfd\
\x97\xc3tX\xa84\xb5\x05\xc4\xbeY\xe8/\xad\xeb\x0d\
\x94\xbeSI\x00\x80/\xff\xedT\xa5\xf6\xf66\xa4\x04\
\xb0e\xb7\x01!v\xdb0\xbdI\xb7\xaa\x10\xa1\xbdU\
\xa2\xe8\xb53\x80\xb7\xcf\xcc\x00~\xef\x98\x80]\x02\xf8\
?@\x00OF\xff\xab\x8b\x09r\xc0*\xf2\xbch\x14\
\xadV,\xfbs\xc1w\x7fT\xfc\xa1\xf7\xdd6\xfdT\
\xf1'\xd8\x00\x8e \xf4\xe5F\x16\xc6\xfe\xe0\xfer\x16\
\xf0\xe7>,\xbe@\xfd\x83\xf6\xdf\x89\xc8\xefq\xf2\xc7\
\xf2>\xd8\xf8\xe1\xf0o6s\xd8\xef\xd7\xe2\xcb\x9f@\
k\xfdZ\x83k\xee\xf7\x03\xd0\xfe\xb0\x05\x84\x00@R\
\xf5p\xec\xb3\xb4\xe3\x9cg\x80U\x18\xdf\xdd\xa1\xe2\xc7\
\xad\xd4\x97\x16\xfd\xc9^v\xfb\xa9\xb5\xd6\x7f\xaf\xc6\xca\
\xaf,T]P\xf5\x1f\xca!\xf6~|\xf0\xd7h\xa9\
o\xa1\xc7\x805\xb3\x00S\xb9+w\xb8\xfc\x15\x82\xaa\
?\xfd\x7fJ\x02\x15\xc8\xafJ\xae3\xf5Y~\x16\xeb\
j+\xc3Bl\xb3m\x0fL\xc0\xd6\x17\xe0\xed9\x1e\
\xc0CE\xa0\xcb\xcb7\xe7\xd6\xff\xc7\xdf\xdd\x16\xa0{\
^\xf9\xf9\x9bq\xae\xf8\xb7\xdf\xe0\xf6\xc32_\x91\xbf\
Zh\xbd?\xdf\x9f`\xd57\xa1\x17\xe2\xdec\x9d\xdf\
i\x84\xc5_+\xf5\xdb~X\xeb\xc7\x9a;\x8b\xc5\x1c\
\xf7~\xfe\x7f\xd8;\x9f\xd7\xc6\xb5+\x8e\xffQ!Y\
\xcd\xa2\xc6\xadJ\x0d\x02\xc9\xcf\xb8\x0c\x88\x80\xe0\x91\x5c\
]\x83)\x5cI\x860\xc2o\xc0X+Q\x02\xda<\
\xbc\xd0\xc6\x9b\x80\xb06\xc2\x0f\xbc\xb0\x0b\xe3j3\xdb\
\xfe\x05\xfd7f\xd3\xf3=\xf7\xcaI\xdc\xbcd\x0a\x13\
\xe8B\xc2\xb1\xfc#\xc9\xee\x9c{~|\xcf\xe7\x8co\
\x0c\xe5\xe3\xb9\x03\xc0\xa1\xaf\xe5?P\xfe\xf3\x92\x0f\x8d\
\xf9\x18\x18\xd5\xafg\xddy\x94\xf4\xcf\x9ck\xb2\xf5%\
y\x01\x0b\xe0O\x90\xfe\x02\x1e\xf8\xe3\xb1_V\xfd3\
\xef\xef\x04\xfa\xbc\xb7\xbdWg\xfe\xc3\xf6\xa7\xf0\xf3\xb0\
\x0a\x0b\xa4\xffI\xc8\xb8O_\xda\xc2\x97\x95mg\xc8\
\xf6\x8b\x0a\x93\x7fJb\xd0\x17~\x80b\x00\xbb\xd9\x92\
\xfd\xe7\x1b{\xa7J!\x8f\xb9\xc8\x05\x9d\xf9\xfb\xbd-\
\x03%f_\x13\xca\xfe\x93\x0d}\xb4Q\xffn\xf7\x02\
\xfc\xfc\xf2,\xc0\xe5\x87\xeff\x01tD\xa0\xce\x01\xbc\
\xc3\xf5\x87\xfe\x99\xf9?\x98;\x84\xff\x0fz\xcf\x07t\
\xbf\xe9\x85\xb6\xffx\xce\x87\xff$\xe6\xb8\x7f\x0e\xf2\xef\
\x00s\xff\x14\xf1\x8fNc?c=\xf97b\xd1o\
\xba\xb0&7&\xd87\x17*\x00-\xee\xd7\xd5\xe6\x8f\
\x17\x9f\x07\x96\x96\xfc\x83\xfd\xe5a\xecO\xa3\x7f<k\
\x9a8SL\xfeEK+Y\x92\xfd\xc3\xfc1\xfbg\
\xc8\xbfL\xf7\xf4\xbc\xa9a\xfe\xdf\xbfI\xfb\xed\x0d\xf3\
B\xd7\x00z\xa1?\x94l\xf6\x19\xa6\xfd\x86`|$\
>\xe6~\xe8\xbc\xa7\x7f!\xe8\x85\x9d\xd9\x02\x05\xbf\x02\
\x87>$?\x1a\xfe\x15\xccD \x12\x19\x04\xcaV\xf9\
F\x91k\x90\xa5\xaaU-w\x1b[\x8aM\xb5\xce\x9a\
\xbb\xdf4\x0f\x80{\x00\xff\x15\x01\xf04\xe0\xb3y\xff\
\xf3\xf9\xff\xabG*\x90\xe1\x01t\xb3\x00\xdd\xf5\x1e\x0e\
\xa0e\xaf\xc7\xa6\xf4\x0f\xcd/P\x9fi<\x99P\xc6\
\x0f\x11P|\x11\xc78\xff\xb5\xdaw\xce\xfa\xdf\xb9\x96\
\xfc\xdfR\xce?A\xdbo\xa0}\x00\x8f\xf9\x8d\xd1\xfd\
s\x17\x16<\x00\xef\xf6i}\x00\xaf\xfe\x83\x0e\x10\xd3\
\xbd\x0c\xfb\xf7\xdc\xcf\x8c\xff\xf00\xf6\x07\xd5/\x12\x80\
;\xed\x00B\xebNK~\xf5\xe4\x0f\xd6\xfd\xc0\xfc\x0f\
\x11X\xff<\xf9\x0f\x07p\x8f\xc6\xdf\x09\xf5\x19=\xd7\
\xfd\xffn\x0d\x00\xb8\x7f\x0c\xfag\xc3\x22\xf7\x87\xbe\xe6\
\xff\xd3\xdb\x82nY1\x93\xe8\xffQ\x04\xc0c\xfe&\
\x05@\x00\xb0-r)\xf75V\xffP\x00`\xe3\x89\
\xbeW\xcd~\x9f\x88\xaa\x96\x89-6\x89\x10\xec\x12\xbe\
\xbc\xc5\x03\xf8\xd0\x1a\xba.\xf9\xfd\x93\x9e\xff\xf6\xe4\xbd\
\xf1\x01\xf49\xbf\xe2\x22\xe0SV\xfe\xd3.\xd9\xf7|\
\xf6\xbf\xfc\xee\xff\xdf\xdfw\x0e\xe0\xfd\x22\x00\xc3\xf9\xe7\
\xfb\x84\xdc@\xfc\xc0\xf6\x7f\x91\x02\xf4\xc1%\x804\xa5\
S\x1f\x15\x7fz@\xfe7\xe2\xc1\x1f\xe7/N\x1f\xc4\
\x7f\xb7\x95\xfd\x8e\x8d\xe4\x07\xe6\xbfp\x9d\x119\x80\xc7\
r\x1fY\x7f[\xff7\xa0/o\xc0\xb8\x7f\xd8?/\
\xfar\x18\xfb\x01\xc9\xef\x9d\x87\xc9\xff\xa9\xc5\xb4\xbfh\
\xe9\x0d0\xfb\x03\xe0\xf7!ha\xfft\xfcs\x0a\xc0\
\x19\xff\xb4\xa5\xfe\xc1\xfa\xa3Wu\xff\x99\xbe\xcb\x90I\
\xbf\x12\xe0\xaf\x22\x0f%j\x00U\xe1\x0b\xdb\x97CI\
a\x00:\x7f9\x96\xfe*\xd8\xbf\xe6|URU2\
\xc9\xebu\x00\x00\xb0X\xe1\xe3 \xa8\xd5z{\xdc\xaf\
\x85\xcc\xea\xe4h\x1f)\x038n\xaaZ\xc9\x13\x0f\xe0\
\xe7\x97x\x00 \x02\xfd\xfd\xf2\xf2#\x9d\xef\x1f\xbf\xef\
\xfe\x88\x04\xebt\x00\xdd\xf5\x1e)\x80\x81\xfe2\xe9\x93\
\x0e~\xee\x02Nn\xfb\xf1\xc3m|\x91j\xd6?\xb3\
\xbe~\xc2\xe1O/@\xf9\x02\xf4\x7f\xa4\x05\xc0f\xe1\
\x9fe\xf0\xbf\x8b\xc5\xc8\x82\xee\x97\xab}\x16\xcb\x7f\xac\
\xf1\xe3\xd0\x1f8_\x03\x0e\xfaY\x08\xe4Z\x14\x0a8\
\xda-\xc0\x018\x88\xfdC\xb2~\x87\xce~{p7\
\xb5\x97.&\x7f\x03\xf2\x01`\xfdk\xf4/\x83~\x0c\
\xec\xdf\xb8\x80\xc8~%\xfb?\xe5\xfem\xef\x1f\xcc\x8f\
\x82\x8b\x00I\x98TE\x92e\x80z2\xea3IT\
\xa6\x92\x0a\x03?\x9c\x02\x04\x92>\xa7\x0c\xbf\xa1S\x9e\
2\x81\xba\x0cd\x96\xe0\xfc\x17\xa2\xde\x97\xfb\xf5\xb6n\
V;Q\x06b%\x8e\xb6\xb0W;\xf5t7 ~\
\xde(\x02\xb6\xb1\xfe\x19)\xf4q\x1a\xa8\xab\x01t\xd7\
\x8f\xbd\xfe\xdc\x7fj\xfa\x1a\xfa\xd9\x8f\x19\xfc\xc1\x99\x7f\
:\x1aQ\xc2\x8f\xa1\xdf\xf4\xe2\xa7t>\xee\xa3\xea7\
\x8f\xd3\x94\xe7~\xd8\xf4\x0d\xea\x17>\x80\x17\xfd\xa1\xf1\
o\xe9\xba?6\xfd\xb6\x97\xb6|\xd7l\xfb\xfe\xaci\
\xff\xae\xe7\x22\x15p=\x04\x00\x9f=\x17I@r\xed\
\xb5\x1e`\x19L\xade8\xf5\x966\x9d\xfeQ\x84\x92\
?E\xfc\x87\x13\xeaW\xc3\xff\xb8\xe3\x87\x8a?\xba\xff\
\xd1\x1b\xc4\x9f\x22\xe7;\xf2\xfd0\x83\xec\x9f\x22\x80\x0c\
\xb4\x1f0\xc0`\xff\x09\x7f\xc7\xb0_\x8a\x00\x12UH\
t\xff\x91\x02H\xe1Sd \x87\xab2\x97\xeb\x9a\xf2\
\xfc\x95\x1c&\x88\x03\x8ej\xb7Z5M\xb3^\x97\x22\
C\xf8\xbf\x13\xf4\xfb\x9bL6\xbc\x18\xe4)\x0f\xe0\x9c\
\x0a|\xf9\x98\xe3\xb7]\x80\xe7\xaf\x9e~\xdf\xcd\x02t\
\x06\xfb\xa3\xaf\xbfj\x07\xf0\xd0\x0e\xfd\xe9Z_\x1a\xf3\
\xb4?\x99>\xc6~\xfa\xfd~L\xe1@\x9a\xa6\xbc\xe7\
k\xe2b\xdf\x1f'\xfbP\xfd\xdf\xf2a\xcfM\x80\x85\
;\x1e@\xf1\xd7f\x00cC\xf9\xd0\xa8\x8f\xd3\xb6\x0f\
\x0b\x9a\x1f\xa0~L\x0b\x80\x8e}\xcb\x81\xe4\x07\xa4?\
\x06\x7fz\x94\x050\xf0\x17\xec\x9f`\xe9\xa0\xf9\xcf\x8a\
?2\xef)\xa5\x00F\xf3\xb7ji\xdf\x11?Ou\
\x17 z\x9d\xf8W\xf5\x86\xe1\x10\x8c/p~\xfc!\
\xea~\xa1\x04\xeb\xdb/|;\x03\xee\xdfG\x15\xb0\xf0\
})\xd0\xde\xcb\xd1\xe6\xa3\x00\xa0\xa0\xe4\x80\xa2\x009\
,\x05J\x826\xb6\x00\x07\xe5\x90\xa2\xfd\x99\xb8\x0e\xc4\
zOG\x7f2\xcb\xc81\x1c\xc5&\x10\x1b\x19\xec\x8e\
\xbf\x9ej\x00\xc6\x0d\x9c\xef\x05x2\xeb\xf7d\xee\xbf\
U\x00\x9e\xde\xb7\xdfw\xd3\x80\xdd\xf5\x8e)@\xaaQ\
\xdf\xe8\xf5\x81\xf5\xab\x8d\x9f|\x00\x83\xfe\xe39\x9d\xf6\
l\xf9\x1a\xf6o\x86~F\x8eQ\xfe`\xd0g\xe1\xb0\
[\xa0\xc4\x9f\x01\xe0\x96k\xdd\xf0\xba\x1f}\xeas\x0c\
0`\xa5/\x1e\x0e\x17\x01\xb8\xe2\xefz\x96\x8ba_\
v\x00\xbc\xef\x13\x98\xef\xa5ga\xdf\x0f$\x00\x09\x1c\
\x00\x9f\xf7\xe4\x02\xa6\xbd\xc7\x08\xe0\xfeD\xfa\xa1\x0c@\
\xb3\xfe_\xab\xfeK\xbeC\xf4\x07\x9b\x0f})\x99\xfe\
\x15b\xbb\x0f\x86\xfd\x04v\x00\xd1\xe9\x9f\xd9\xc2O2\
d\xfdy\x8e\x00\x00\x02\x80\xc0\x96\x01\xd9:\xa6\x80\xf7\
\xfb\x9c\xb2}\x8a\xf2)\x08\x10\x1b\xfb\xb8Q%\xd9\xff\
n%\xb75\xe4@\xf6\xc6\xde\xd9eR\xaau\x0e\x07\
\xf0\x8c\x07\xf0\xd2f\xa0\xab\xc7\xc3\xfe\x5c\x00puy\
\xb6\x17\xa0\xeb\x02t\xd7\x0f\xbd\xfe\xd4g\xc1\x8f\x19\xfb\
K\xa1\xf4\x85\xda\x07u?x\x80Q\x0c\x17\xe0\xc2\x1f\
\xa0\xe77\xe0u?\xb1\x0e\xf8\xb1\xef\x13I\x00\xab~\
\x5c\xd6\xfc\xd0\xd3\xc0a\xfa\x97\xe6\xfdX\xa9\xe3\x9cH\
\xbf77\x0e\x5c\x80\xc3r\x7f\x17\x0f\xae\x01\xa0\x0b`\
\xd6{\x1b\x07\x00\xd4\x87\xb3\x5cb\xc9'\x94\xbf\x0c\xff\
\x99\x22\xd5G\xd7\xef\xfeI\x04`H?F\xf6\x97x\
o\xc0\xfe{a\xc5\xea\x7f\xdf\xa6\xd3\xdd\xcf\x8b\x0c\xb0\
Or\x01~\x91\xab\x8al\x1fv\x9e\xcd(\x02(\x0a\
\x1b\xa3\xffr\xab\xf7}\x09\x96\x02\xa1\x0a ju\x0c\
x\xf4\x9fB\x00\xd8\x7f \x8f5\xbdP\xcdz+m\
\xb1_\x0b\xb5)\x11\x1d|\x15I)6*\xf8r\xce\
\x038\xdb\x0dx\xf9\xfd,\x80\xab\x8e\x07\xd09\x80w\
\x89\x00\xd8\xfc'\xac\xfb\xa3\xd4\x1f\xb8\xaf8\x86\xe2/\
\xe5\x9d\x9f\x10\xfc\x81\xfaC\x17\xe7\xff \xff\xcc\x81\xfa\
\xe6\x0a\xc0x\x84\xba?\xb0\x7f\x0b\xcd\xfa\x1aX\x0b.\
\x01\x0c\x10\x00h\xcc/\xb7\xfc\xb8\x0b@\x1e\x81\x9b\x7f\
,\xfac\xda\xcf\x00c\x00\x1e\xea\x80H\x00\x0c\xef\xff\
.q\xc9\xf6\x13k\xc9\xc0o\xca\xfc\x97\xbdi\x0f\xc9\
\xfe4:@\xe6\xd7F\x00\xf7z\xd9\x17\xbb\x81\xc4\xd4\
\x00~_\xf7\xefKM\xfd\x0da\xbf\xc3*d\xc5\xcf\
0\xac\xd0\x04\xa0\xff0\xcbT\x93\x8bfF\xc7\xbdO\
\xfe\xc1\xae\xc8\xfes&~\x08\xd5z\x00a\xcf\x82\x5c\
\x1c\x1b\x01\xdd\xbf\xf8\x9a\xd7\xa2\x5cU\x94\x1e\xd4\xea\x9b\
\x12\xa2)\x85*\x85]\xd4\xc9n\x17 \x03\xa8\x95\xfa\
r\xe2\x01\xfcQ\xf3\x00\xfe\xf1\x22\x11\xe8e\xdd\xef\xd5\
\xb92\xf0q=x\xe7\x00\xba\xeb\x07F\x00z\xd9g\
\xbf\x8fQ\xdf\x07\xd0~\x1e\xc8\xf0\xfb\xf4j\xdc\xc7v\
\x1f\xcc\xfd\x01\xf8q{;\xc7\x9aoD\xfe\x13\xf4\xfd\
\x19\xf4\xc7\x83\x7fc\x07\xcb>\xc9\x09\x0c\x80\xfe\xa7\x18\
\xe0\xe6f`\xaa}\xa6\x04\xd0\xce\xfd]\x9bm_\xac\
\xfaw9\xe0O\xc1\xfb\xd3\x9a\x1f\x8c\xfdC\xf8k\xdf\
a\xc5\xd7\x1dy\x81\xa9\x17\xadVQ\x10\x91\xb5O\xa3\
\x1e\xdd\x0f\xab6\x02h\x15\x7fF\x00\xacS\x81\xdf\xcd\
\xfd)\xe7\xe7{>\xc4\xae\xefb\x98\xe5\x94\xf4\x0fQ\
\xff\x0b\xa5\xb43Xx#\x98\xf1?\xa3\x14@d\xbe\
\xdc\xce\xe8A\x1e\x00\xb8o1\xdb\xda\x9b\xdaf\x1d\x10\
%\x0a\x14\x16\xac\xb7\x9b@\xd5M\xb3\x93A9k\xb6\
j\xbd/\xaf\xcb\xed^T\x9b\xa3\x10\xa2.\xc9\x1dl\
\xd6\xd9\xb7_\xcex\x00g)\xc0\xa7\xc7\xa2\xff\xd5\xcb\
\xd1\xff3.@\xd7\x05\xe8\xaew\xa8\x01\xe0\xf8\x9f0\
\xebs<\x9e<\xa0\xfbO\xf6O\x87\xff\xc3\x03\x86\xfe\
\xe7\x1a\xf5\x0f\xd4\x1f\xe6~\xc7\xe8\xf6\xdd\xa2\xe3?:\
\xe1\xfeA\xfdYX\xa3\x85\x83e\x1fp\x01\xee3\xdd\
\xffM\xab\x03\xc0\xb8\x0f\xec\xdfA\x10\x00\xe0\xcf\xc0a\
\xce\x17\xaf\xf9\xd1\xe7?\x85\xff\xd3\xe5\xd4\xe1u\x1f\x8e\
\x17Q\x18\x00\xd5\xefJ\xeb\xfb\xa3C\x80-\xbf\x88\x00\
\xee\x0f\xb6\xb1|f\xfe\xdc3\xfe\xe3\x95\xa9?\x19\xf2\
\xd4\x9f\xdf\x0b\xb3a\xa1\xc2\x9c\x02\xff\x99_\x15\xe8\x04\
\x00\xf87\xa3\x0c`\x06\xd9\xaf\x8d\xf5\xdeE1\xd3\xfb\
\xbd1\xf7G\xd9\x7fC\xa9\x80PJ\x05t\xc0\x97t\
\x97\xc8\x02\x1a\xca\x0dT]S\xce\xbf>n\xc97\xac\
\xb7k\xd1d\xf9\xe6Wp\x01\xf2\xf5\xda.s\xd9\xfb\
v\xce\x03x^\x04\xfc\xed_\x1f\xae\xb8\xcf\xff\xe9\x93\
\x99\xff\xa77\x98\xff\xa7\xfb\x15\x9c\xc3\xc7\x8f\x86\x07\xf0\
Q\xf3\x00\xba\xbd\x00\xdd\xf5\xc3#\x80\x11\x03?\xfa`\
}\x03\xf31IG\x17)R\xff\xdbq<\x9e\x90\xc5\
C\xe8?w\xe7\xa8\x06\x8e&\xe3\x81K\xb1\xff\xc4\x1d\
\x19\xdc\x0f;\x00g\xe4,P\xf9\x03\xef\x7f1v\x06\
\xc6\xe2\x07<\xfb\xf7\x88\xfbu\xd9\xf8\x1d\xb8\x01\x0a\xff\
?;\x8e7\xa0\xa4\x1f\xc7\xff\xb5&\xfe[\xd7\xcbi\
2]\xf6\x96z\xe1\x1f\x14\x80\xabpuO\xd6~\x08\
\xa2hJ\x01\xc0\xe1p\xb8\xc7\xdc\x8f\xc75\xff$b\
\xf3\xf7\x98\xf8\xf3Z\xee\x8f\xcc\x9fk\x00\xc0|\x14\xdc\
\xfb\xcf|U\x84\xb9_$\x85\xe0]\x1f3\xa5fE\
\x92\xd1Y\x8f\x11`\xc9\xf6\xcf\x8f\x80,]\xc9\xda\xde\
$\x12\xac_%\xf6{Y72\xa3\xf8\x7f\xb6\xden\
EP\xe6*\xd8\x96\x22S\xfb==\xef\xcb:\xf9v\
]f\xaa\xbe.E\xfd\xed\x17S\x02hy\x00\xe7E\
\xc0\x0f\xa7\xb9\xdf\xef\xf9\xe9j\x00\xdd\xf5\xe3#\x80\x11\
\xb9\x80\x11\xef\xf6\xc5\xa3\x1f_L\xb4\xf6o2\x8e\xc9\
\xe6\xc9\xf0\xb1\xe5\x83\x02\x80\xb8\xef\xba\xb7\xe8\xf8a\xe3\
\xc7\xe8\xb4\xee\xc3\xb5\x98\xf5\x8b\xfa\xdf\xc2\xb1\xc6@\xfe\
j\xe9?9\x804m\xe3\x7f\xd7\x98?O\xfe\xf2\xd6\
?\xc7s=\x13\x01\x80\xfb\x89\x0c\x00\xa4\x0f\x8a\x01<\
\xb3\xedk9\x8d\xa2\xe8@\xd6Oa\xffjJ\xc7~\
/\x02\x01\xe0\x10\xb0\xc1k\xd6Obx_\xbd7u\
\xfft\xda\xd3\xd9\x0e\xdeg\x9e\x87d\xfc~\x05\xf4g\
\x95\xd11?+\xb2J4M\xa3\xaa\x22'w\x90\x17\
\xd8\xea\xc5\xd6\x8f\xf1?\x9c\xf3\xab\xbd\xfa\x0f{W\xb3\
\xe26\x96\x85_c\xde#\xa4\x16CoD\x82\x18\x0c\
\x17d\xc7hh0f\x0c!\xbeR\x817\xd7?P\
DT\x17\x98\xf2J4\x05w\x13\xbcP\x16ZL@\
H\x9b\x8b\x1b\xb4\x90C\xb7\xb9O\xd0O0\xafQ\x9b\
9\xdf\xb9r\xa5\xca\xa9*\xb2\xa8f\x18\x90\xca\xb1-\
U\x92\xdd9\xf7\xfc|?P\xfd\xb5\x862\xc3N\xaf\
\x9aq!\x9a\x86\x0e}U\xd7\xd2\x96\xa9\x8am\xde\xa8\
4W\x94'\xb6\xa9\xadmr\x9b\xe7\x94\x1a\xd4\xef\xbf\
\x9c\xe8\x01<\x98\x01\xa0\x02\xb8\xef\xff\xf5\xb83\xd8\xbd\
W\xb7\x05\xe8\xae\xbf`\x060\xa4\xe3\xbfU\xf9\x0a\xc3\
)\xa5\x80\xf3!\x08\x00t\x03\xe0\xff\x10\x1d@\x9f\x12\
\x01O\x00!\xf8?\xed\xf3\x96\xcf\x19~\xa0\xfa\x0f\xd7\
0\xfc\x19b\x0e\xd8\xa3: `{\xef\x87\xdc?\x96\
\xfb\xbd\x82\xdf\xdf8\xe8_Q\xf5O\xa1?b\xce\x8f\
{\x81\xf5G1\x0e\x97\xaf\xdeh\xc6\x92\xff\xd7\xc9\x02\
\x94\xbf=\x07?v\x80@\x00G\xb3\x9bht\x0c\x7f\
\x9e\xfc\xd3\xeb\x87\xe4\xfe \xf5Goz2\xa8\xb4\x1a\
`\xef7\x98\xe8t\xa0\xb4\x15J\x0dbj\xfd-\xba\
{\x8a\xef8\x1e\xe8\x96\xfa\xaf\xe3\x95\x88\xed\xb6\xb1\xb1\
\x86\xcew\xd4\xd8\x5c\xa9\xdc\xd8\xa2j\xe4NQ\x0a\xb0\
\xc9\x81\xca}\x957\x95lL\x167\x92*\x00J\x00\
\xb7I\xa9\x8b<=\xe2\x00\xde>:\x03\xa0\x1a\xe0\x8f\
\x9f\x9eP\x00|\x5c\x19\xb0\xab\x00\xba\xeb\xc5+\x80\xcd\
\xab!\x9b}\x9c;\xb9\xcfs\xcc\x00\x96H\x06P\xfc\
^:\x7f_\xaa\x00 \xf7\xc1\x13\xc0>\x8b\xfe\xf0\x08\
\x10\xd0\xbf\xf5\x9a\xc5\xbe\x11\xf7\xbd\xb5[\xff\x05\xfd\xa3\
\xe8o\xcb\xf8\xf5]\xebO?c\x16\xfb\xeb\xc3\xe6{\
<\xa6\xe7\xad\xd1\x0f\x05?f\x7f3\xa8}q\x050\
\xba\x18\xc1\xe87\xda;\xd8?\xe4>=@\x81\xf6\xd0\
\xfc\x19\xf1+i\xd5?(\x1d<s\xfa{*\xc3\xa7\
\x9a+L\xfb&\x83X+\x18~Q\x110\xd10\xf7\
\xa6\x86^\x095O\xd5\xca\xae,u\x02\x90\xfa\xd6:\
\x9e\xb4\x15\x80\xb6M\x0e\xa1OK5A\x5c\xc3\xf5k\
\xa7T\xb3\x8d\xad\xde\xedJ\xaa\x0d\x1a\xd3@\x00P\xe7\
qcLl\xca\x9d)<J\x0b\x17M\xd9\xd8\xc6\x1a\
\xf9\x0d\x07\xd0\xea\x01\x9c&\x80\xe7\xf9\xff'\xa0\xe0\xb3\
n\x0b\xd0]/]\x01P\xf9\x0f\xc0/E\xbc\x93\xfb\
\xa3o\xef6\xd4\x02`\xcd\x07\xc3?4\x01@\xffM\
9\xf4\x81\xf8\x0b\x19\x06@\x1d\xc0:X\x0f\x03>\xff\
)\x03\xac\xd7\xbd\x0f\xfd\xf0\x88\xf9i\x13@\xcb\xfb\xa7\
\x88g\x9d?\x0a~\xe6\xfd\xf8WX\xf8\xfb=n\xfd\
\xb9\x02@\xf5\x9f\xcc\xbc\xeb\xeb`\xc6\xdc\xbf\x99\x7f\xbd\
\xd8z{\xcf\xdbno\xd0\x04\xb0\xf1\xcf\x0c^\x9f\x10\
\xf8g\xb7\x8fD$\xad\xf6\xdf\xd3\xbd\xbfjq\xffs\
\xa8}+\x07\xfcWx\xafP\xffK\x9c\xfd*Ie\
\x95&\x0aM@\xba\x92z\xa75\xcc\xbeQ\x01@\xf9\
\xc7*\xabT!d\x81\x1d!P\x01&m\x9a&7\
\x8d\xc9\x05\xb5\xfc\x89i\xb4*S[\xc8\xb8\xc9\xa8\x00\
\xd0y\xa9\xca\xc2\x16\x87\xa8\xc8\x9b\xa2\xf9\xf4<\x0e\xe0\
\xebo\xaf\x7f\x5c\x0b\x80\xb1\x80]\x05\xd0]/\x9e\x00\
0\x02\xfc\x82\x15\xc09\xdc>(\xe87\x1b\x0a\xf9!\
W\x00\xcc\xf99\x9f\xba\x83\x9fj\x80\xde4\x84\xdeo\
\x0f3@j\xf9\xfb\xcc\xfb\x83\xe8\xdf\xda\xdf\xf4\xbe9\
|\xdd\xad\x00q\x8d\x1d\xed\x87}~\xb1\xfa\xef\xa1\xdf\
\xef\xf9P\xfdt\x09\xe0\xa2\x97\xcc\xfcY\xe2S\xfd?\
K\xa8\x05\xb8\x8e\xfch\xb6\x80\xc8\xa7\x07\xb5?\xea\x01\
@\x00f\x1a\x00\xef\xfa\x90\x05\x5c\xf9\xbf8\xaa~<\
Q\x01\xf0\xe9\x8fJ\x7fB'>t\x7fP\x01@\xef\
?\xa3j\x9fBZ(\x9d\xa9J\xd8*\xab\x92XC\
\xd8cG\xc5\xbfs\xfb\xa9\xe8\xaf\xa2\xdc\x8f\xa9\x07\xa0\
\xc8\x8f\xf2Z\xc5\xb9\x92;\x91S\x9d\x9f[\x9b\x0bz\
+\xacTR\x1a\xca\x1d\xa9\xd6E\x9agMe\xea\xad\
\xb9(\xe2].\x0d\xd6\x80\xf7\xf5\x00\xde~\x8f\x04\xfc\
\xe91\xfe\xff\xd9\xd9\x13\xfa\x00]\x0b\xd0]/\x9d\x00\
`\xf71<w=\x00\xbb~,\x87\xd3\xf3\xcd\xe6\x12\
\xd3\xbfp\xca\x8e\x1f\x97\xd3\xbe\xb3\xfaF\x010\xec9\
\xb7/\xe6\xfd:\x83o\xb6\xfd\x0e>\xb8\xd9?\x8c>\
\xfd\x8d\xd3\xfdt\xd3?f\xfd8\xf4\xdf\xd8\xe1~(\
\xfe1\xfao\x15\x7fFX\xfd\xcd\x80\xf6\xf50\x05@\
\x05\x00\xb3\x0f*\xf7\xb7[o\xbb\xa7\x0c\xe0\x04\x80D\
t'\xf3\xc7\xa8\xdf\xd6\xf3\xe3\xc9\xa6_\x1f\x95\xff\xd0\
\xed\xf3\x04`@=\xc0 \xa3\x1f\xa8\xfb\xcbT\xae\x04\
\x9d\xfe\x99\xb2\xd2\xdaI\xa6ciw\x8aR\x80\xcd\xc0\
\xfb\x89\xe2A\xa1\xf2\xdc\x8aX\x14\x10\xfc\x8fr\x11\xe5\
\x8d(0\xeb\x13\xb9\xccc\x05\xdcO\x22\xeb\xa4\x90y\
\x11\x9b\xbch\xf2\x5c\xddRc@\xcd\xbfT\xb7\xb9\xae\
\xcd=\x1c\xc0\xdb\xc7p\x00_\xbf\x19\x83\x9c=\xd5\x05\
<\xf8<\xbbO\x06:\xe5\xd9\xbf:\xd9\x9c\xfd\xc8\xb3\
\xff\xaf\x7f\xdf%\x80\x97\xbf\xfe\xd9\x7f\xf3\xe5\x0d\xc5\xff\
\xbf6\xdc\x04,C(}.\xdfm0\xf9\x0b\x99\xfe\
;t\xbc?(\xfeb\xec\xe7\x98\x7f\xa1\x93\xfa\x03\xfc\
'\x0cX\xf8\x7f\xddn\xfc7>\xf5\x01~\xb0\xf1\xfb\
\x1b\xf4\x02\x18\xf8\xf7\x9d\xddO\x00\xb5\x7f\xc6\xfd9\x83\
O\xde\xfc\x8f\x82\x8b\x043?\x94\xff\x10\xfc\xa0\xf7\xf9\
\x07\x90\xfe \xf4\xb7\xf5Z\xed\x8f\x1b\xea\xfeo\x98\xe9\
\x07\xdcO2\xbbC\x00=7\xfd\xcfx\x03\xe0i\xa5\
\xe7z\x00\xec\xaf\xc7\x15\xc0<\x85\xe4\xc7J@\xf2\x93\
\xde3j\x01V1o\xfa\xb5B\x09\xb0\x92T\x0dd\
T\x02\xd8Hi\x1b\xcb\xd4\x0a\x0d\x90\x1f\xe5\x00#$\
\xb5\x00tC\xb1\x0e\x91\xa0\x9d\x14E\x02\xd4\xaf\xde\xa9\
4\xa2\xa7\xb5\xb2\xcd\xc1\xe8qq\xd8\x1a\x93\xdc\xaa\xf4\
\xf6T\x0f\xe0\x14\x08\xf4\xeb\xd9\xd9\xcfg\xac\xff\x8f\xcf\
\xd7?\x7ft\xf7w\xcf?~\xfb\xfd\xc7\xb3\xce\x17\xa0\
\x0b\xd8\x17\xaf\x00(\xec\x81\xfc\x03\xe7\x0fW\x9c\xa5v\
\x00\x00 \x00IDAT\xe0\x1f\x98{\x83\xfb\x8f\xc9\
\xff\x12\x13\x80)\xcf\xfd\xdd\xd6\xaf\xa5\xf9\xf7\xd7A\xe0\
\x88\xbf\x01\x9b}\xd1\xddz\x1d8\xda\x1f]3\x08\x00\
Q!pE\xe1\xcf\xb0_\x10\xff\x02t\x01\x81\xb3\xfb\
\xb9\xe2\xa5?\xfb\xfe\x8d\x02\xb7\xf3\xe3\x01 }\xf5\x1c\
\xe9g!\xb0\xfd\x07\xf6\x8f\xb5\xbf\x80\xfaku>\x8f\
\xc4\x9f\xf6\xe6\xc9\xf6?u\xbd\xff<\x9bL\xe6\x19\xeb\
\xfeM2\x9e\x01\xd0\xbd\xb2P\xf9\x86\x9e\xa7\x14\x8c\x03\
\x92\xab\xdd\x8a!\xbf\x9aQ\xbfT\xfdWR\xb1\xd9G\
n\x94\xb1\xc0\x00\x0b#\xd3\xe8 \x81\xf8Im\xaaD\
\xb1+\xf1K+\xd3|UV\xc6\x98f\x87\xbcP\xae\
r\x99\xd5\x91\xcc\x0f\x99\xd1I\x9d\xdf\xde\xd3\x03x\x84\
\x0b\xf0,\x14\xf8\x91\xabk\x01\xba\xeb\xa5+\x80\xe5\x9b\
/\xed\x12 \x84\xdc7h\x7f\x97l\xf8\x8b\xed\x7fx\
\xc9\xa4\x1f\xc8\xfd\x87a+\xf3\x11\xf6\x83\xf5f\x83\xb6\
\x9f\x05\xff\x03f\x019\xbb\x8f\xa3\xe9\xc7\x07\x1e\xfd1\
\xeb\x97\xce\x7f\xaa\x01\x02&\xff\xb2\xde\xd7Q\xea\xcf\x8f\
\x18\x07<\xe3\x83\xdf\x9b\xf9\xd7\x89\x0f\x10\xa0\xd7\xb2\xfe\
(\xe6\xa3\x1bn\xfe=N\x00\xce\xdd\xfb\xe6N\xef\xfb\
Y\xce\xff\xfc\xf8I\x87=\x0a\x00\x0a\xfbl\x92VT\
\x05\x0c*8|\x00\xdc\x9bVYJ\xc1L\xcf\x05d\
\xbfc\x85\x12`\xc7\xb4\xbf8M\xb2\x95\xd1\x14\xe5J\
\x0b\xfa\xbb:\xa7\xe0_\xd5F\xc4U)\xd3m)\x9b\
&\xab\x12\xa5jYB\xf9\xe76\x8dnu\xc3\x93@\
\x99\x96\xf1!?\xa8\xe2SmL\xaak\xf9\xbbK\x00\
\x8f\xeb\x01\xfc\xe3\xeb\xbf\xff|@\x04<{\xfd\xf0\xeb\
\xd9\xc9\xaf\xba-@\x17\xb0/\x9f\x00B\xa8~\x22\xfe\
\xa7t\xe0\x87\xe7K\x88}\x0fA\xfc\x01\x06\x98\xba\x7f\
\x9e\xf8\x87\xae\x00`\xbd\xff^\xb8\xde\xac\xd7>S\xff\
A\xfeE)\xf0-\xf8\x8f\x9e\xdf\xd4\xee\xb3\xd87\xf0\
\xbe-\xf57\x18;\xb7\x1f\x7f4ja\xbf\xbd\x91\xc0\
\xe9\xef\xcd.\xae\xe1\xf3K\x09`\x0b\x82\x0f%\x80\x1b\
\xbcn\x22\x0e\xff\xbd;\xee\xdd\xe6\xff\x86\xa5?\x9e\xd7\
\xfaK\x9d\xcf\xdfd\x02\x96?t\xff*n\xfe!\xfb\
\x07\x85O!\xac\x84\xb6\xc7\x84\xb9\xbf\x82\xa2\x7f\x07\x93\
\x8f\x96\xf5\x13\xc5Q\xc9\x8c?QD@\xfb\x96\x80\x05\
\x96+\x15\xd5R\x972*s\x1c\xf5M\xa9\xf2b[\
\x88\xba\x90\xa6JJ}P67\xb6Vy=)\xb3\
Rn\xeb\xd2\xab\xcd!9\xfc\xf1\xcb\xfd\xf0\xff\x9e\x0b\
\xf0\xf9\x01\xef\xff\xf5q\x10\xf8\xd4}W\x01t\xd7K\
'\x00\xe6\xfc\xc1\xeccy\xde\xbf\x04\x0d\x90\xc2\xdf\xbf\
\x0c\xa7l\xf5\xd5\x1fR^\xe0\x04\x00\xe4\x0f2\x00\xb7\
\xfc\x94\x00(\x0d\xf4\x00\xff\xf3\x83\xe3\xe9\x0f\xda/\xb3\
\xff\x8e\x86\x7f\xd0\xf9\x03\xf1\xff\x0a\xfa?\x18\x02P\x12\
\xa0D0f\x9fo\xe0~\x93\xd1\xa8\xb7\xb8\x9e\x8d\xa8\
\xee\x87\xee\xcf\x8cI\xff7\xae\x02\xe0\x04\xb0\xd8S\x06\
h\xb5\xfe[\xed\x8f\x99K\x05O\x9f\xfeUu\xac\x00\
\xe2L\xa7\xd8\xfdOt\x06\xaf?\x8a\xf5y\x9cUR\
(:\xf0\xed.K)\x19H'\xfb\x01\xc2?\x98\xff\
r\xa5dE-\x00\x04\xc0\x0e\xb1\x8c\x80\xf8\x8f)\x19\
\x98\xaa,\xe1\xffQ\x8a2\x05a\xa8i\xac*\xb8Y\
\xa0\xff\xe1Pji\xca\xa6i\x92\xa21R\x16\xc2\x94\
B\x16\x94\x00\xa8\x0d\xb8p\x9a\x80w0\x80\x93-\xc0\
\xd7\xcf\xa7s\xbfSi\x80\x07\xf7\xdd\x1a\xb0K\x00\x7f\
\x01\x10\x08%\xc0\x14\xe2\x1f\xcbK\x1c\xfd\x10\xfe\x00\xfd\
\x8f\x01@C\x06\xff\x85w\xac\x1f.\x05\xd8\xec\x03\x05\
\x00\xd4\xff\xfc08j}\xc2\xf6k\xe3\xee\x11\xfe@\
\xfd\xb9\xe8\xef\xef{\xbd\x91\xdb\x01\x02\xff\xe3\xb4\xbe}\
?\xe1\x89\xbf\xe8\x03\xf73\xf2\xaf\xbd\xc5\xc2;&\x80\
\xc5]\xf8G\x8bhtT\xfa\x14\xe2\xee\xc3{\xb2\xff\
\xaf2F\x00@\xe8\xdb)\xfeU\x8a\xfa~j\x02\xe2\
d2\xc9\xa0\xf5_\xb1\x9f\x07\xc4\x80\xc1\xe8\xc7\xbc\x9f\
y?l\xf4\x97\xc5r[\xc889H\x8au-\xe5\
\xa1ib\xf0\xfb\x85\xfc\x8f\x8c\xe8D\x8f\x8c*b\xd0\
\xfdV\x96\xaa\x82[qH\xca\x84\xda\x80tU\xe7e\
\x93Hu02\xbe\xfdT\x8f\x93\xdaL\xe8\x91\xfeN\
\x13\xf0D\x12\xec\xd7{\x0a\xc0\xce\x19\xec\xf5\xc9\xfd\xdd\
\xef\x19\x08\xd4I\x82u\xd7\xcb^\x7f\x7f\xb3\x81\x06\x18\
\x8e\xff\xf3%\xf5\xfb<\xf4_\xbe\xdb\xb0\xd6\x0f\xf6~\
\xe8\x00\x86-\xf3\x17*?=\x10\x80\x00\xff\xa5d\x00\
\xd0?\xce\xfc\x0f}\xd6\xf9\xf77\xc7\xe5\xdf\x9eu>\
\x98\xf7\xbb\xef]\xf9\xed\xf1\x0f\x9f\xef1\xa4>}H\
~%\xd7\x9c\x00\x16\xd7\x17#|\x81\x90\xef,\x82\xe2\
\xcf\xf6\xae\x05Xx\x8b\xfd\x8cm\xfe\xf8\xec_\xb4%\
\x00Nz\xe1?R\x05\xcc\xab\xf6\xfb\x9c\xa2\x1fZ\xdf\
\x00\xfd\x81\xf9K\x7f\xe6\x934\xc3\xfc\x7f\x02\xc9\xcf\x89\
\x88\x05\xd5\x01t\xfcS\xd8\xe3\xe0o3@\x14o\x8b\
8\x8a\xb2\x98\x1e\x8a\x88}~\xa5\xb4\xb5\xac\x8cL\x92\
ZJh\x03F\xd0\xfckjC-\xbf0\xf2\x90\xd4\
\xe5JZ\xa3\xacw0\x87\xfc\xa2>\xc8yI\x0f\xbd\
\xc2\xe8\xb26\xbf\xbd\x7f\x7fT\x04z\xff\x18\x12\xf0s\
g\x0d\xd6%\x80\xff\xe9\xf5\xb77\xaf^}q\xe3~\
*\x01\xa0\xf51\x9dN7\x97\xe0\xfd\x82\xf7\x130\xfa\
\xc7U\x00h\x02P\xf7\xaf\xd7\xffe\xef\x0aV\xdc\xc6\
\xb2\xe8\x07\xccn`V\xb3\x9a\xc5|Bj\x95\x8d\x92\
\xc6t\x1b\x04\x961\x86f\x84\xc1P$O/\xa0\xcd\
\xb3KPD\x93)(\x5c0\xf0f\xa6@\x9b\xc2\x0b\
e\xa1\xa5x\x82\xe6\xa1\x01-^e!\xb4\xc9\xaa!\
_\xd0\xbfQ\x9b\xb9\xe7Jv\x95\x93\x99J\x1a\xaaW\
\xe3\x97Xv\xb9j{\xef=\xf7\xbes\xcf\x09f\xa3\
K\xc0\xff~\xc9w2\x1f\x1dZ\xfe\xdcb\xdb\x1f\xd5\
\xfe\x82-\x7f/\xd8\xeb\x87b>\x08\x17\xbd\xdb\xe7h\
q\x1eC\xeec\x13\x8e\xcf\xd7~\x80O\x9b\x9e\xeb\x07\
\x99\xbf5\xa4~\xaf\x07\xbb\x0f\x7fh\xff\x87\x8f\xd7\xfd\
\xf4o\xea\xed\xde\x0fw\xfe\xf5\xf0>\xd5\xc3\xab\xff\x97\
\xd2k\x99\xa72\xa5\xef\xf2j%WJa\xedO\xe8\
)n\xfc\xfb\x1c\x80\x16 +,\xfd\x8d\x94[\x99n\
\xa9\xaaC\xf5\xd3\xb9\xa6\xb6\x8dhDI_\x96T\xeb\
\xfd\xb2p\xae\xc0\xde\xcfB\x94Q\xdb\xde\x98\xc84Y\
i\x9bV\xdft\xe5M\xeb\xb7\xa69o\x8cg\xbc\xd6\
\x14\xea_\xa7\x9f\xe9\x01\x1c\xaa\x02\xff\xf4\xe9\xf9\xbd\xea\
\xc7\xc9N\x06\xe4P\x16\xe0\xe1Z\xc0q\x06p<O\
|\xfe\xfc\xc3\xd5\xd5\xd9\x8c\xed~\xde\x9d\x81\xfb?\x9a\
\xf5\xd7~h\xfa\xe7\x83\xda\xffx\xde\xaf\xf9\xf7n_\
W#\xce\x00\x93^\xe5\x93\xc7\x7f\xaf\x18\x03\x0cV_\
\xc18\x18,\xbf\x86\x11\x00o\xfd@\xfa\xf7\xde\xef'\
\x1aE\x93\xf3\xcd\x9a~\xb1\xd9\xf81\xa1\xff\x08\x8f5\
\x96~\xb6<\x04\x80\xe1\xd7m_\xf5\xd3\xa1\x01\x88\x19\
\xfd?\xc6\xfb_\xadP\xfdY\xd5\x17:?+X\xfe\
B\xe1\xb7\x92z)q\x11\x90\xebJ\xa7\x90\xfd\xd6>\
k|\xe5\xcb\x1cZ\xdf\xa8\xfd\xba\x93RE\xf8!i\
\xca\x94\xaa;}\x07\xa5\xbf4QT\xf3#\xbf\x15\xb2\
\x11\xa9\xb0\xdao?v\x82\xfe\x95\x95\x89\xee\xb6m\x9b\
Rv\xd8\x0a\xa7\xbb\xb6\xac\x8b\xca\xb6\x1e\x12\x00=\xbb\
\xb6\xd0\x8e-\xc1vw\x80/\xbe\xb4\x06{\xff\xfcd\
o\xfbu0\x0dx\xe0\x0a\xfc`\x1d\xf0\xde\x17\xe0\x98\
\x00\x8e\xe7I\xce\xef\xb1\xfa\x0b{\x1f\xf6\xfbz}\xf6\
\xf2\x1d;~\xf2\xed\x7f\xef\xf1\x1b\xf4\xa6\x7f\xac\xf7\xcd\
R\xdfW\x13\xea\xfd\x19\xf4\x07\x9c\x00\x1eb\x80\x0b\xa6\
\xfc \xd4\xc7\x93\x05\x03\x80\xc5\x08\xa4\xbf\x09a\x80\xab\
A\xeb{\xb4\x0a7\x94\x046\x04\xff\x09\x17\x9cc\x03\
p\xbb\x8e\xfa;\x7f\x16\xf9\x8c\x99\xf5\xbb\x0e\xfdC\x00\
p\xfd\xb8\xd7\x9fR\x03\x01\x00*\x7f\x14\xff\x9a\x15\xff\
\xf1X\xa69L\xbep\xed\xef\x8bJ.;%\x97\x09\
\xbb\xf9H\xdf\xc7\xac/\xa1\x0c\xb0L\xdbL~\x04\xc4\
\xa7p\xdeB\xf8W\x8bm\x84\x15\xff\xdaJ\x08\xfe\x96\
[\xfa[\xca\x01e$(A\x10\x08\xb0\xda\x0a\xd1\x8a\
\xd6\x8f\x8ci\xea\xc2v\xda\x95&\xb3\x8d\xd7\x02\x02,\
m\xd6:\xf9\xf7\xd3}\xf0\xbf\xf8\xd2\x1b\xf0\xc3\xfb\x7f\
\xfeZ=\x80c\x028\x9e'\xe7\x02\x9f\xb1\xd4o\xf0\
\xeelN\x89\xe0\xec\xe5dN\xd1\x8f\xc7x\xc6\xe1\xcf\
\xa2\x9fL\xfb\x01\x11`\xc6\xe2\x9f\xa3W`\xfd\xed\x13\
\xc0d\xc7\xfd\x9f\xc0\xeak\x01\x10\x80!\x00v\xffA\
\x08\x1a8\xffH\x00\xd4\xf8\xa7#j\xfb\xc3\x11<>\
\xc2q\x82\xaf\xb60\xf8@\x02\x80\xd4\xe7\xf5C\xb7\x0f\
|J\xafw~\xdf\x8fU\xff\xe1\xb5\xea\x85>\xa9\xbb\
'\xec\x0f$\xb0Ze\x0a\xb3~d\x00_b\xf0W\
wX\xfa\xdd\xc9|F2\xafrI\x9f\xbbD\xd4E\
\xa9L\x19\xe5:m\xa5\xb4\xaaT\xd6u]+2\x9b\
p\xa8GF$\x84\x0d\x84\x11\x8dj\x95\x8dLe\xda\
\x08\xea\x9f\xe5\xca\xdc\xb4\x85\xbb\xbb\xb9\x8b\x90\x01\x08\x16\
l\x1b\xdbVm\x99\x13\x028\xd4\x038\x9c\x00\xbc\xff\
\xf4\x00\xfa?\x00\x01\xbba\xe0\xb3\xcf\xd9\x01\xc7\x16\xe0\
x\x9e\xf8\xfc\x81m>!\xfa\xc5\xbb?\xaf\xd9\xedg\
>\xeb\xb7}\xfb\xf8\xef\x95\xfe`\xf6\xd1\xf3\xfeG\x97\
\xafv~\x1f\xe3\x07\x96\x9f\x01\xeb|\x5c\x8cY\xf73\
\x84\xfa\xc7\x05=\x99\xf2\xc7n\xdfW\xe1\xf9\x18[\x7f\
\xf1\x0a\x94\xdf\x94\xda\xfeu\x08\x0a \x85\xbf\x17\xc5\xcc\
\xf8\xdfnw~\x1f\xd7{\xab\xef4\xdc\x0d\x00\x1eQ\
\xfb\xd7\xfcT\xf9Jf\xc0\xfa\xd3\xdc_\xe6Y^M\
WK%\x15\xe6~`\xfci\xb1L\x97\x82W~a\
\xf6\x97\xec\xba\xff\xa9T>Ax\xd9)J\x12\xcc\xfb\
Gv\x00\x11\x80\xfe\xb6\xcb\x85\xb2\xc2/E\xd2\x98J\
\xb4\x15\xb5\xff\xaeT\xc2\x15\x94\x16\x84\xdf\x9c\x97&j\
T\xe1\x1a_(z\x94^\xe9\xf53\x80\xc6+\xea\x02\
\xab\x00\x8f\xcd\x00\x1e\x0c\x01\xff\xd7\x12\xc0\xe1\x97\xc7[\
\x80\xe3y\xe2\xf3\xc7\xd9K8\xfda\xf7\x87\xfd>_\
c\xe6?\xefY\xbf\xac\xf9\xc1\xc0\xbfo\x00\xf06\xbe\
\xc7\xfb\xac\xe4\xfbj_\xff\x99\xf5\x0f\x0f\xb0\x00w~\
\x01\x85\xff\xfe\xef\x00\x01\x90\x00\xc2sp\xfe\xe2Q\xba\
^o&\xe9f\xbd\xa1`G\xc9\xa7\x16\xc0\xa7\x0c\xb0\
\xf5\xb6\xf1u\xb4\x8ewR\xff,\xfb\x95\xf6\xca\xdf_\
\xab\xfc<\x03\xc8TE\x08 \xa34@\x08\x80>\xeb\
\xe9\x0a7\x7fi.S8\x80\x0aJ\x03\x18\xfe\xc1\xdd\
W\xd4\xec\xf7\x85\x16@\xfaFQ\xb4\x0b\x07j\xaf\xd4\
Jl[\xd9f\x91\xf9\xe8S\x07`\x9c\x15J\x1a\xdf\
~\xdcV\xc2J\xe3R\x13\xd9\xba-D\xb94\x09\xd5\
\xf96m\xacUw7\xb6-L\x93\x15\xcd\x92\x10\x80\
1\xa6\xf5~QV\xfd|\xba\x97\x038\xfd\xee\x0bw\
\xe0\xef\xbf\xff\xeb\xa7\xcfu\x80\x1fW\x09>\x0e\x01\x8f\
\xe7\xa9\xcf\xef~8\x83\xfa\xff\xfc\xdd\xeb\x97\xafg\xc1\
\x9c\xdb\xff\x11s\xfe\xe6\xc1x\x1e\xf4\xa4?\x0a\xffK\
\x5c\x03N\xb0\xf8\xd3\xc7;_\xfc\x05\xa37\xa3a\x02\
\xc0R\xdf<\xfe\x0f@\x01\xc0\xf6?&\xfe\x8bp\xc2\
z\x9fl\xf6\xb3\xc1\xd6\xdf&NSt\xffa\xdc'\
\x00j\xfc\xaf\xa9\xf7\x8fa\xf8\x17\xb3\xf8'\x22\x9e\xf9\
\xff\xe1\xde\xf5\xe3\xb1\xee_Vx\xe6\xaa'\xfaS\xcf\
\x9fC\xf33c\xc1?]\xe5\x9d\xc0\xb2\xaf\xa6W\x95\
\xf8\x9d\xea:\x0a\xfel\xb0\xfb\x84\xda\x9f\x8c,t>\
\xa9\xf6\xab\xa4\x8c2a\x93Re*5\x15\xe5\x84\xcc\
W\x99\x95]\xe9\x17\x22\xa3\x0cQV\x04\x06\xcaLd\
&*\xa3\xf6\xa6\x8c\x0a\xd9\xa4w\xf2F\x12\x02p5\
4\x02\x9a\x0a3\x80\xb6)\x1a[[\xdb\xfd\xe5~\x04\
0\xec\x02|\x86\x00><\xfff-\x80g\xec\x0bp\
\x94\x04;\x9e'>\x7f\xba\x0afg/\xa9\x0f\xa0\xea\
\xcfD\x80\xe0M\xcf\xfa\x0ff@\xff\x97\xa0\xfd\xf3\xd2\
\xff\x8cz\x80\xcb~\xdfgP\xfb\x87\xe4\xc7\xab\xde\xed\
\x8f\xd1\xffn\xf5\x1f\xa2_!\xd4~F\xd8\xfb\xe3\xbd\
_B\x00\xd8\xfb\xa5\xce\x1f\xbb?t0\x03\xd8r\xeb\
\x7f\x0b\xadO/\xf6\xc2koK\xf8\x9f\xf7|\xc2\xbd\
\xd9\xb7?\xf2\xbdo\xe8\xfd\xbd\xd5\xaa\xcaV\x04\xfbW\
\xd0\xfdd\xd5\xcf\xe9\x8a\x22\xbf[\xea\x8a2\x80N\xab\
%\x5c?+\x02\xf5P\xfa\x83\xd6G\x82\xcd\xbfDF\
\xca\xf9\xd2i\xd8\x05\x89N;QG\x14\xf9\xd4\xdb\x1b\
\x05u_akU\x88.+\xd3fQve\xa7\xac\
\xb4h\x01\xeaB-M\xa7\xefnZe\x8a\x86\xb0C\
S\x14\xce6\x99-\x09\x08\x14\xe7\xa6\xb5\x94\x0f\xcc\xdf\
N\x07\x22\xf0^\x0f\xe0 \xfe?\xbc\x7f\xfb|\x18\xef\
\xdd\xbb\x80\x9e<\xdb\xf1\x81\x9e}&\x0bp\x1c\x02\x1e\
\x13\xc0o\xd2\x03\xe0\xfe\x7f>\xe3\xa5\xff\xf1\xfc\x0d\xee\
\xfc\xa1\xf3\x0duox}]\xf6\xfb\xfe\x97\x13\xcc\xfe\
zs\xbf\x9d\xdf\xcf`\xfa}\xc12?\x04\x0d(\x05\
\xf4\x8e\x9f\xa3\x0b\xe0\xfeI\xaf\xf5\xdf\xdb\xfd,\xa2\x98\
S\xc0j\x13{k\x8c\x027\xdbh\x1dy1=X\
\xf1#\xa6Dp}\xcbU\x9f\x15?B\x8a\xfc!\x0d\
x_\xa5\xfdS\xe0O\xf3\xa5\xca\xaa)6\xff\xb1\xfa\
/\x97\xd3\xbc\xca\x13\x0a\xf5i\x9e\xd0/)\xf8\xa7\x0a\
\xb7\xfe\x8a\x85~\x12x~@\x0eT\xfa2\x91\xb2s\
~\xd9\xd1\xef\x84\xaa\x85\xb4Y\xb3 \x84\xefr\xb8\x05\
\x88\x1a\xcc_m:q'R*\xff\xa9\xb1\x8am\x00\
\xb5-Sa\x09\x06\xdc\x14 \xfd5N\x99\x1a\x00\xa0\
\xa8M\xa1\x0a\xd3\xe6\xce\xca\x9fO\xf7\xfd\xffw\xffu\
\x06\xf0\xefO{\xa2\xef\xc9\xa1C\xf0\x17\xabA\xbd9\
\xe81\x01\x1c\xcf\xd3\xf7\x00o\xde\x05\xb3w\x90\xfcB\
\x02@\xdb\xcfN\xdf`\xfbC\xe8w>\x82\xd8'|\
\x7fF\x03\xcf\x0fo;\xb1\xdf\x80\xad>\x99\xf7\x87\x9d\
\xdf\xc5\x05\xf3\xff@\xf7_p\x02\xa0\xc2\xbfX,\xc2\
p\x11\xc7+$\x80x\x14o\x90\x00\xa25\x01\x00\x80\
~o\xbd\xbe\x05\xe5/B\x06\x08\x19\xfdC\xe9/N\
Y\xf5+\xf4\xbf\xad\xfaC\xe5g\xba\xe4\xbd\xbf\x8a\xfd\
\xbeW9\xc5\xbf\xd2]\xa7\xf2<\x81\xcbo\xbe\xd4\xaa\
\x969\x8c=\xfa\xbd\xffLt\x05u\x01eD\x85^\
I\x9f\xba\x81\x9az\x01\x8a_\x97\xb2\xe4\x8f\xa6\xe2o\
\x0bURuwE!3W:G(\xc0\x11\x0c(\
\x1dA|\xca\x00\x89n:\xd1\xd4V:\xa7\x8a\xa6\xae\
[\xca\x03m\xe3\xfdr\xde\x1aC\x09\xa0\xfb\xc7\xe9\x0e\
\xff\xbf\xd8\xe9\x01|>\x04\xfc\xf1\xe4\xe4G\x8a\xee\xb7\
\xec\x07p\xc2~\x00\x83O\xc0\xf0s\xff{\xf8\x05\xbc\
}v\xd4\x038\x86\xeboq\x0fp5\xe3\xf2\x1f\xbc\
~\x83\xb5\x9f `\xb1\xef>\x01\xb0\xe2\xf7%\xcf\x00\
\xa9\xdd?8;\xe1\xbf\xf1\x18\x17\xfe\x8b\x09C\x801\
=1\xfa\x07\xdf\x17v?,\xf6\x1f\xc7\xf4!\xf66\
\xa3\xd5\xe0\xf4\x87\x04p\x8dM\xdf\x81\xf4\x13c\xfaw\
{\x1b\xfb\xe1\x10\xf5!\xcf\xff\xd9\xf5\xe3\x11\xb9\x7f\xde\
\xf9\xc7\x9b\xa6~?\xcb\xb4\x07\xa5\x7f\xb0\x00\xf4\x0aZ\
\x7f\xf8\x9f\x08h}&JC\x07\x94\xd7}:\x0a~\
\xd1\xe1\x22@q\xdd\xef\xa2\x0e\xfe\x7f\xbe\xa4\xa7\x8b\x84\
K1\xe1\x17\x91\xa3\xd0\xaf\xf3\xa4\xd6\x9d\xcb\x0aQ\xeb\
\xd2\x0a\xe7\xa8\xf2/J\xdbYM\xd9\xa5\x15\xb20V\
\xe8\xd25\xc68S\xd8&\xb7E\xd1\xe4y\xe3\xb5y\
kM\xeb\x8ar\x10\x04|p\xbeD\x00\xbf\x96\x0a\xfc\
\xff}\x8e\xd1\xfa[@\x80\xd9\x15W\xfc\x19\x13\xffv\
\xb4_,\xfd\x05}\x0a\xb8\x1c\xcf\x07\xad\xff~\xf2\x7f\
u(\xf9\xc9\xf0\xbf\xdf\xfd\xbf\xc0\xec\x0f=?=\xf6\
\xac\xbf\x10\xb5\xff\x1cB\xff\xe1\xf9\xbd\xf6\xd7\xedu\xe4\
\xf5\xdb\xfek\xdf\x83\xee\xff\x8e\xf0\x93\xfa)\x0b\x7f\xed\
\xf0\xff\xd7\x10\x00\xee\xfb\x15%\x80jZU\xb8\x01\xa0\
\xde\x9f\xe0@GM\xbd\xa6\x1e\xa0R\xb9\xea*9\xd5\
K!\xc1\xf6\xaf\xea>\x01(\x80\x7f\xd1EV\xc8:\
\x93Z8I\xb9\x80^\x98\xf79\xd1\xa4\xdae]\x9d\
\x0b\x99\x0b\x97\x17\xb6\xec\x9cN\x9b\xce5\x94\x19\x1c\xf5\
\xfa\xd6P\xbf\x1f\xe9\x86r\x82\xd3\xce\x98\xaa\xa9\x8a\xb6\
\xa9]S\xb5\xc6\xfe\x87\xbd\xabiq#9\xc39\x04\
\xf6\x10\xc8-\xa7\x9cr\xc8es\x9e9\xe9\xa2\x89\x11\
F\xd0A\x12\xce\xc0\x121\xd0\x8cp\xba\xcaD\x98\x94\
D\x1b\xe1&\xbb0h`\xa1\xd6\xd6R\x97A\x87\x9e\
C]\x16\x9a\xea![\xc8P\x87\xb6\x89\xdb}\xd1)\
\x7fa\xfe\x86/y\xdf\xb7\xba5#\x7f\x8d\x1d2,\
\xce\xaaG\xa3\xfePiX\x16\xbf\x9f\xf5>\xcf\xe3\x8a\
\xb4\x04?\xa0\xf8_F\x07[\xa4\xe0w\xde\xee\x01\xbc\
\xbc\x02\xfd\xb7\xb0\x1d\x00\xef\xad\xfd\x16^\xee\xc1%=\
\xa4\xcb\xbaKp\xf1h}\xb6n\xbf\xf1S\xad\xcf8\
\xfc\xa0\x82\x01\x9c\xe0\xb6zk\xc9\xf6R\x5c\xc9\xfd\xd2\
\xf7/\xa4\xa5\xf5\xdf\xbci)\xff\xef\x96\xde\xfc_\xba\
\xb5\x14\x9e\xaew\xd6\xfa\xbf?\xbe\xf8\xe2\xcb\x07\xa8\xf6\
q\xe8\xa5~h\xf6\xa7\x87\x1c\xff\xdd\x93\xfeI\xb7w\
\xd2E\x84\x1fr}\xdd\xef\xdf?\xec\xd4b?M\x05\
\xd0\xed?\xbf&\xf8\xd1\x85L\x80\xfa}\x08\xf7%\x07\
0;:B\xd4\xdf|6D\xc4\x1fj\xfd\xe2\xd1\xa6\
\x99\xff\x05\xe4\xffH\xf8\x83\x8d\xc0\xc5s\xda\xecOP\
\xe63\xf0\xb2?7\xd0\xfd\xcb\xe6\x9d\x87\x1c;\x00b\
 r\x854\xdf\x830\x85\xdb8\xc0\xd8\x1fUr\x10\
V\xb8\xd3?@Jo\xc6\x07)\xe4\xff\x15\xe6\xff\x5c\
\x80\x9d\x0a\x05\xc9=\xc3}\xfe\x22\xaf\x22\xbe,\xa2\xaa\
*2\xb6.\x88\xd2\x87\xe3(0\x94\x07r\x85\x1c`\
e!\x1d\x83\x82@\xd9v\xc9\x0b[H#mR:\
\xd96P\x1a\xe4\xb6\x14\xae\xa4m@\xb32\xae\x5c\x96\
e~9\x1a\x1d\xdci\xb0\x00\xa3\x9a\x0f\xa0\x09\xfdu\
\x05\xf0\xf2\x0a\xf7\x7f\xdc\xda\x7fu\xbc\xdf:n\xed=\
\x84\xcb\xe3Wty\x8cO\xf6\xe1\x89o\x08\xb6.\xf6\
/\xf6\xfd\xeb\xa2\xbe\xbc\xf9\xfe\xe2\x13\xd7\xff\xd4\x7f\xef\
C\x7f\x7fg\xae\xb7\x92\x02\xfc\xee\x87>\xf1}\xd7\x1e\
\xc0\x9b?\xd8?i}\x9d\x9e\xd6\xe1\x1fw\xfc{\x87\
WZ_\x1dd\xfc\xf2Z\x7f\x8d\xe4\xd7\x10\xc7\x00p\
\x0ahX\xcf\xfd\xcf\xd0\xfc\xdb\xed!:\x80\x0e\x9b\xa3\
\x03X.\xa1\xdc_,\xc0\x03\xb4\x97m\x82\xfeBB\
\xf0\x9c\xa4\xfd\xbc\xd0\x17!~\xa7\x1fd\xfb\xbd\x16\xfd\
e8\xa0\x81_\x15\xa6a\x0e\xf7)n\xfe%\x12Y\
\xbf*x\x83\x04 \xe79\x0fS\xd2\xf9\x0eQ\xf1;\
\x12*R\x22[j\xa6\xb8\xe0\x9a\xc1\x95\x95\x82\x0bd\
\xf5\x0c\xd62c\xd1R\xaf\x90\x02\xf4h\x95\xa7\xba\x90\
Y\x0cQ?\xb2Q\xa9\x13\x9b@\x01\x00\x86\xaf\xd6\xe0\
\x18rd\xfc0\xa5\xd3\x85\xb1P\x0d\xac\x9cr\x0e<\
A\xaa\xa1$X\x19\xe3\x0eF\xd7\x04\x01\x9ai\x00o\
\xf7/\x10\x0a\x8c\xb2\x00\x8f7\xdd\xfe\xd6\xf7`\xf5\xc7\
tz\xf8=X\xfdC\xb8\xdc\xdf<9\xde\xda\x14x\
\x8b=x\xfb\xf4\xff\xfbykg\xac\xb7r\xfc\xfeA\
\x7f\x13\xfc\xfb\xbdC\x02\xfbc\xdeO\xf9?\xf6\xfck\
\xdc_\x03\xfc\xd9\xd0}#\xc4\xbf\xdf\xf1\x94\xffp\x80\
\xd1S\xc3\x1f,\xbf6\xff\xce<\x19c\xcd\xdf\x9d\x8d\
\x93\xce\x04\xe7\x00\xc6K\x12\xf7e\xcb1\xce\x00Lq\
\x08\x10\x07\x7f\x91\xe5\x1f_[\xe6\xff\xbe\xa3\x1e\xfb\x0f\
9\x8d\xfbC\x0a\x90O&JM\x14\x94\xfa\xb4\xdf\x97\
\xe72\x90U\xc8\x89\xfa#\xe6I\x8a\x16\xcf\xfd\xe0\xaf\
P\x95( \xfe\x07\xbcB\xa2O\x1c\x03B\xca\xbf(\
\x8b\xe3U\x94\xadT\x91\xc8,YAq\xbf6\xc2\x16\
\xab\x153\xc2\xa4Z\x1a\xe1\x84c:\xe3\x99=\xd3X\
\xf3\x0b+\xac\x15\xa5[\x0aad\x8a\xdb\x00\x90\x15P\
*\xd06\xa6\x02\x87p\xfe\xf5\xb5\x19\x80\xad9\x80\xf3\
\x97\x08\x03\xc0\x8bg\x9e\x13\x10s\xfe\xfaw\xfb\xb4w\
\xf5\xc1\xde\xee\x80\xffQ;[\xbd\x9d\xe3\xcb\x1f\xfe\xda\
\xd8\xff\xbd^\xe7\xa4K*_\xd8\xd5?\x81\x84\xdfw\
\xfc;[C\xbfpOT\xdf\xfd\xa1\xdf\x00\xe8\xe1\x1c\
\x00\x04\x7fx\x8c\xa3?T\xfd\x1f\xcdH\xe1\x1b\xca\xff\
\xc9\xd0\xab}\xcc\xc7\xa8\xed\xd1\xc8{\xb3\xa5\xe7\xf9[\
\xb0\xa0\xe9\xf9\xd1\xcc\x1f\x15\x03`\xdf\xef\xe1\xfd\xcb\xf3\
\xba\xf3\x0f\xf5~>@\xae\xff<\x9c\xa4j\x22\xc4$\
O\xc2\x5c\xa6A\x9c\x12\xd1'\xaa|\x83\x0b\xe0y\x9a\
\x83\xc1\xc7\xde\x03 \xfb\x0f\xb3\x81\x92\xeb\x00\xad\x1f\xe2\
}\xcc9\x87\x0c .V6\x08l\x951\x8d\x0c\xa0\
J\xd3&`fWZ\x14\x90\x10\xb8\x99\xd2*\xca\x98\
\x0d\xcbR\xa3\xad\x93\xfd\x1b\x9b;[\xea\x95)\x8b\x95\
+\xac\xd5\xce-Ka\xe0\xd0\xaf\xb1\x00\xa0\xdc\xdf\xcf\
\x01\x8cF\x9b9\x00H\x00\x9e\xdd\xf5\x1e\xc07\x01[\
\x8fv\xf6\xbds\x00?i\x11\xf0'T\xfc\xa6\xb9\x7f\
\x1a\xfa\xf5\xd0\x9f\xde)\x1c\xd7T\xbe\xaf\xb1\xfe\x11\xec\
\xef\x1b\x0f\xff\x85\xd4\x1fe~:\xe8\x00z\x8d\xd8\x0f\
<\x19R\xdfo8\x9c\xcd\x11\xfd3\x9d\xfa\xb9\xff\xf1\
\xc2g\x00\x0b\xb6\x98N\x17\x8b)\xb1{\xfb\x86\x9f'\
\xfb\x1f7\x5c\xff\xc8\xf9\xf1.\x8d?\xe5\x8b\x7f\x19\xa6\
P\xff\xab\x01\xe1|\xf1A\x18\xa62\xaf\xe2@\xa6\xf0\
a\x14\x07\x90\xf8\x07\xa8\xf5\x13\xc54\xf7\xe7\xc9\xfe\x03\
f\x05\xc4\xfe\xa2\x80\xec\xdfpf\x11\xe2\x97\xc5,\xd7\
P\xe8gQ\x0a\xf9?\x9c$j}0\x93\xe9\x22\x8d\
x\xa6\xb4\x80\x0c \xb3\x81\xcd\x04x\x84<(\xa4\xd4\
NY\xab\x0c\xbcL\x09y\x80-\x9dK\xd3,\xd5\xae\
\xc2r\xc0\x18\x9a\x01zc\x06`\xd3\x038\xbf\xfb\xec\
\x1c\xde0\x0dxL\xfb\xfb\xadV\xeb}j\x807\xdc\
\xbf\xfa\xc4\xf5\x9f\xfb\xf7w\xa6zkm\x80\xbe\xd7\xfb\
8!\xa1\x1f\xc2\xfd\xe0\x14\x80\xef\xf3{\x81\xbf\xfb\x87\
\x9b$\xa0\xdb\xeb\x1f\xf9\xd1\xff\xfe\x10\xf7\x01\xfb\xc4\xf2\
\xdf\xed\xf4\x86\x9e\xf5\x0bE\x7fz\xc9x\x88\xdd\x7f0\
{\x86%@0Eq?\xa4\xf9 \xfb'\xcc\x1f\x8d\
\xfe\x12\xd5o\xb2HH\xee\xc7\x83\xfe(\xda\xbf+\x03\
\xc0\xf0\xdf\xa0\xfe\x06!\x8e\xfdMB\xb0\xfc\x09\xfe\x0a\
\x818\x7f\xc4\xfc%\xc8\xf4\x87\xc0\x9e8\x88\xd4\x8aW\
\x02\xb1\x80\x10\xff\x09\x07\x00\xc6]\xa8H0\x838\x00\
\xce!\xf6':7<2\x11\x83h\x1fA\x01\x10\x99\
e\x16e\xa9Q\xe8\x04\x0a\x9d\xc9he\xcf\x82\xf8\x92\
E\x8e3\xf3Z\xf2\xd7\x81)t\x19R\xb6o\x96\xed\
R\x97+\xbdrN\x98\x12R\x00\xd7\x06\xcfa\x7f\xa4\
\x19\xc0\x0d\x10\xf8`\x9b\x0f\xe0\x85o\x03<>\x7f\xf1\
d\x7f\xef+\xf8\xa7\xfd\xf8\x09\xee\xff\x13\xff\xff\xf5\xfb\
\xbd\xafv\x9fo}\xbe\xb3\xd4[\xda\x09\xf8\xc5/!\
\xfc\xf7\xfa\xdd\x9a\xec\xff\x1ee\x02\xddCo\xfeof\
\x00]?\xf5\x8f \xffn\xcd\xfe\x87`_\xea\xffy\
\xf3\x9fu\x03\x84\xf9\xe2\xe4\xdf<A\xd1\x8f\xe1\x90\xc8\
\xfe\xc9\xfe\x9f\xd3\xcc\xcf\xb4\x1dL\xebQ\xfff\xde\xdf\
\xc3~?T\xfc\xb7\xd3\x9c\xd8\xfeE\xea\xe1\xfe\x92p\
\xbf)n\xfc\xe7RTa\x18B\xe6\x1f\x85\x92\xb8\xff\
\x10\xd1'\x95\x22\xc3\x87\x17#\xac\x7f\xac!\x1d \x98\
?\x14\x03Y\x82\x0c\xc0%\xe7Ybt!x$\xb5\
\xd2I\x9a\x81\xfd\xe3\xc2(+0[H\x8c\xb2\xb2\xb4\
\x86\xadKVZ\x1e\xbf\xd6\x85\x81Xo\x84.\x03\xf0\
\x01\x0e\xcc\x1e.W.-\x0bWi\x97C\x0e\xf0\xfa\
\xc7\xd1\x9d7p\x80\xe4\x08jJ\xb0\xf3\x97\xe7\xe7\x17\
w\x9f\xde\xfdd>\x80\x9f\xfd\xef\xceTo/\x07\xf8\
{\xef\xde\xc9\x09\xc6~D\x03w\xc8\x0fl\x92\x7f\x02\
\xff\xf7\xaf\x99?\x8a}\xf4\xeb&\xe0\x90P?4\xf8\
\x8f\x1d\x00\xa2\xff\x8a\x11\xf83\xc3\xd9\xff6M\xfdO\
\xbd\xc0\xf7\xf4\x9a\x03\x80\xfc?h\x88\xbf\xc6\x8b\xa4\xe9\
\xfd}\x80\xef\x1f\xc2\xff\xc0\xc3~0\xea'\x83I\x88\
l\xbf\xe8\x05\x12\x1c\xfb\x0b\x05\x92uF\x04\xfc\x87\x17\
d\xfd1C\xe0\x9f\x82\x0b,\x02 \xdc#\x09(G\
\xc4\xaf\x80\xf0/M\x82eA\xc4JX\x9b-Y\x09\
n!Xg\x01<\x8e\x5clc\x93%\xb8\x01`\x22\
\xa1\x95=\xcbDY2ny\x00%\xbf+R#\xc0\
\xf6\xcb\x7f\xb7K\xe3\x9c\xcdKm\xc0\x03\xac\xb0\x1e\x00\
\xfb\xb7`\xff~\xf4\xef\xa0~\xab\xb3\x80\x83\xd1\xb7/\
j6\xd0\xbbO\xcf\x89\x10\xe0\xe3\xcb\xdf]\x1fpW\
\x02\xdc\xea4\xc0\xaf\xfe\xd8\xef\x9ft\x1e\xa0\xda\xdf=\
r\x03\xbd\xde\xe9\xfdS2\xfe\xd3\xce\xe1\xc6\x01\xd0\xdc\
/B\xffz\x9e\xf9\x0f\x89>\xbb$\xf2\x83\xf6\xdfC\
\x0f0C\xe0?\xea\xfd\xcd:\xf3\xc9|>D\xdb\x07\
\x07\x80\xc4?M\x09\x80\x05@\xcd\xf5\xbdA\xfeN\x83\
\x1b\xf8\xfeyNt\xff`\xfcr\xa0<\xc3'\xb6\x02\
\xa0\xfeO\xf3H\xc0\x95\x80\x875\xf5\x8f\x04S\x8f9\
\xb2\xfd+^\xf7\x00\x183\x01\xb7p\x9d\xa1\xd8w\x8c\
\xfc_Y\xe2\x22\x170\xa2\xfb\x94\x95\xd6\x81\xb4\xf0e\
\xe1 \xea\xc7\xafU\x12\xe9\xa2\xc4%\xca\xc2))\x9d\
1<\x83p\x9f\xb5\xcb\xb2tm\xa8\x01\x96M\x09`\
\x15%\x00J+\xa8\xff/\xbf\x1b]\xa7\x01\xbbv\x1e\
}\xd7\x90\x82>}\xf8\x14=\xc1\x93-4`\xa3\x01\
p5\xfd\xdf\xd0\x84\xec\xef\xb7\x1e\xbd\xfd\xfcj\xfd\xcd\
\xdf\x7f\xd7\xf3\xcf\xee\xfb\xbb&\xe0mz\x80_\xff\xf6\
\xf4\x1f\x1d/\xf6\xd9#~\x7f\xdc\xf3\xeb\x9d\xa2\xee'\
\xed\xfd\xa1\xa4'\xc2~\xfa\x9e\xec\x9bX\xff\x8e\x86}\
\x14\xfb8\xa2d\xc1\xe3~fC\xa4\xfd\x01\x17\x00\xa6\
?g\xc4\xf6\x8fL\x7fX\xf1_\x95\x00\xed\xf1\x86\xe2\
\xdf\xf3\x7f\xde4\xf5\x97\xf3Z\xf1g\x22\x07\x08\xdc\x83\
:@\xf1I2Hp\x1b\x10A\xfe\xa9\x18\xf0$\xf1\
:\x1f\x10\xe5!\xe3\xe7\xc23}\x0a,\x01\xd0\x03\x80\
\x0f\xc8\x04\x16\xfe\xcaj\xbcS\xe6(\x8b\x1c\x1b\xb8\x15\
\xd7\xba*t\x15h\x1bH\xe3\x96\xee\xcc0\x1b/\x1d\
\xd8zUA\x02P\x86F$\xee\xec\xec\xcc\x063-\
\xca\x19\xda\xfa\xac\xee\x01@\x0d`\x99\xc1D`fJ\
\xe7\xcc\xc4^~\x8d\x9d\xff\xd1\xc1\xf6A5\xc1\xe8\xdb\
\x86\x0f\xdc\x8f\x02\xa1:\xf0\xde\x1bD\x80[\xb7W=\
0\x9c\x0b\xbc\xfe`\xb3\xe2#\xbf\xbfQ\x18\xfe\x9c\xbf\
\xbfs\x00\xb7{\xfc\xe1\xcfH\xfe\x85Y\xc0\xa6\xdd\xdf\
\xe8~\xf8\x8d?4\xfaop\xf4\xbf\x7f\x84j?\x9e\
\xfc\x17\xe2\xff\xf0\x88\xa6\xff\x89\xf0\x1f\x8b\xffy0#\
\x91\xdfi\xad\xf6\xd1\xe8}\x8dk\xba\xff\xa9\xa7\xf9\x19\
7\x5c\xff\xc8\xfe\xf5\x81\xca\x7fRo\xfe\xb5\xdb2U\
\xc4\xf2\x87b\x1fH\xfd\x87\x9d\x00\xa8\xfb\xe1G\x84R\
BZ\x90C\xfc\x0fY\x08\xd5>\xca}qo\xff\x94\
\x01dKL\x02 \xea#\x018\xf2\x7f\x83\xadG\x89\
c,Z3+\x99\xd6\xb6\xc8\x12a\xa3\xc8%\x97\x89\
\xcb\x22#\xa3\x08\xec\x1f\x81?g\x97Q\x16\x95\xa5)\
\x99s\xe0\x15\xc0\xccWZX\xb8&\xee\x8f\xb6\xc3\xdc\
`)\xcd\xa5Q\xa60\xcf\xdeF\x00l\x0e_\x02\x9c\
\x9f\xff\xab\x1e\x05\xfc\xe7\xde\x8d\x1c\x00\xad\xd6Gr\x05\
\xfc,\xce;\x1b\xbd\xe54\xe07\x7f\xa3\xd2\xbf\xff\xae\
\x83\xda}8\xf5\xe7\x15\xbfH\xeek\xd8\xf5\xdb~\xb3\
\x06\xf9;\xc4\xbe\xdfx\xde\x9f\xe3\xf6_=\xf8\xcb \
\xfc/\x89\xd5wJ\xe6?\xf4\x90\xdf\xba\xf9G\xbb\x00\
S\xac\xfd\x89\xf5\xeb]\x19\x80Ji\xea\x0fQ\x7f!\
\xb2\xfd\x0a\x81T\x7f\x1c=\x01$\x00\x12<\x00|U\
\x0e\xfe\xc3\xde\x15\xb4\xb6\xb1$\xe1wx\xa7wX\xd8\
\x85=\xe6\xb8?\xa1\xfb\xd4\x17\x0f&\x98\xb0\x02\xbd\x90\
\x8b\x18\xf3\xc0\xcc`d\xc13\x03r\xd6\xd6 -^\
X\xf60\xe0\xc9\xcb\xc8\x97\xc5\xf0\xac\x83\x0e9\x08\x05\
\x8c\xb0\xc1\x07Ild]\xf6\x9a_\x90\xbf\x91\xcbV\
Uw\x8fzf$YN\xd6\x8e\x94\x99q\xe4\x9e\xee\
\xaa\xea\x19\x99Tuwu\xd5\xd7h\x09\x10\xed\xf7\xac\
E\xab}\x84\xfa\xc4\x19\x00\xde\x83\xae\x1f\xe0I^\xd5\
Z\x09\x94\x1f\x14\xbb\xde\xf3{\xad\xd2\x7f\xab\xb4\xed\xd7\
\xafO`\x0a\xd0B\x85\xaf\xee\xf5\xa1\xfc\xa5\xe5\xdfV\
\x07\xe7\xa8\xff\xff\xbe\xbd\x9d\xc2\x9c\xa0\xd4\xbf\xb8\xed\x0f\
p\xb6_\xbf\x1d\xf6/'\x17\xa0\xf5[\xfd\x01L\xf8\
'\xd0\x88\x00\xa0\xfd\xfeu\xbf\xef\x7f>U\xfb\xff\xdb\
\x99<\x00\x0c\x0a@\x03\x00\xfa\xdf\xb9\xd9\x91\xce\x80\x1d\
\x8d\x07 h\x84\xd7\x05\x8e\xf7B\x15'b6\xfa+\
\xd8\x80\xf8\xfc\x10]\xc4\x84ytc\xf4\xddx\xf9B\
E\x1f\xdd\x17\xf8\xe7W:\xf2/u\xc9\xd3}d\xca\
\x1f\xcd\x01\xcat\xd8\xe7\x8b\x17\xbb3\x03p\xb4\xfb\xaf\
}<\xec\x0f\xb4\xdf\x7f\xd1z\xfe\xfa5\xa5\xfb\xbe\x95\
`\xdf\x87r\x02\x80G\xfb\xed\xee\x12\xc8'a}k\
\xc4\x9f\x97[\x08\xfc5\x17\xf1\x8f\xbc\x7f\xefk/\x8f\
\xe4\x04\xe0\x0c\xec\xc0\xcb\xb3\x97\xad\x97\x97\x18\x09\xbc\xd7\
\xaa\xedU\xab\xc7g\x97\xad3\xb0\x02\xef/a5\xd0\
\xaa\xa1\xbf\x9f\xce\xfc\xab]\x82\x19(\xd5\x0f\x8e\x0fj\
\xa0\xed\xa5\xea\xa0^\xc3\xd3>\xa6\x08\xe7{<\x81\x19\
\xc0\x04\xda\x8e\x81}:\x18t\xbb\x07\xd5\xcf\xf5^\xb5\
\xd7\xbf\xadNp\x17\xb0\xdb\xbf\xee\xf5\xeb\xd7\x83\xe9\xed\
\x04&\x06\xa0\xfe\xa0\xe8\xdd\xf7\xb7\xc3\xc9%L\xf6\x11\
\xfag\xd0\xbf\xc5U\xc0'P\xfe\x09\xee\x13|\x0aO\
]+\xeb\xff\x8fc\x01\xa4\x01\xf8\x0fE\x01\x90\x01x\
\xa3\xe7\xb8\xa8\xe7ND+}\xef\x84\xb1\x13\x8f\xa2\x83\
\x22\x87qO0\x87\x02\x85\x8c\x15\xf2lV\xfc\x90\xfa\
w _(\xe8\xe3_\x7f\xf8\xcb\xb3W\x86\xd6\xab\x0b\
w\xfc_\xe0v\x1f\x1e\xf8MY\x7fe\x82\xfb\xa7=\
\xff\x17\xb8\x04 \xb4o\x98\xfc\xd3a\xdf\x18\xf7G\x08\
\xff\xa0\xf4\x07o%\xd4\xef!\x82\xfd\xbf\x95X\xbft\
='\xbf\xffs\xa9\xf7[\x8bf\x00\xf5K\x15\x01\xb8\
w\xb6\x17\xa3\xfd\x9e\xd7\x09\xfe\x13\x97\x00{\xf8\x01\xad\
\xdf\xab\xa3\x0f\xb0uv\x5c=\xab]\xa2\xf6#\xa2g\
uz\x8d\x10\xde\xb5\xda\xd9A\x8f\xfc\x00\xd5j\xbd:\
\x18\x1e\x0c\xbb\x18\x11\xd0\x82\xc1\xff\xfc\xa0W\xaaNj\
\x83a\xbfZ\x1dv{\xc7PLJ\xfdV\xaf\xdf\x9d\
\x9c\xf7\xaa\xd3\xcf\xc7\xc3Aw0(\x81Q8\xee\xc3\
\x14\x7fP\xef\x83\x01\x18N\xce\xfb\xddA\x09\x16\x05\xfe\
-\x1e\x052\xac\x0fK\xbd\xde'\x17\x86\xff\x8c\xe3\xcf\
\xc4\x03p\xaf\xc6x\x18\x00n\x02H\x03\xf0Qh\xe8\
_O\x8e\xf82\x19\x90\xc7y\x81\xfaN!\x06\xc6\xb7\
\xf1\xdaa\x06\x1dl\x1c)2\xbb\x9d\xdb\xb8\xb9\xf2\x85\
z>\x813\xf0\x87\x1f~\xfc\xd3\xb3g\x7f\xfd\xf5o\
\xaf\xfe9\x1b\xff\xcb\xbf\x94\xf1X?\xcc\xffy~x\
\xf8\xf3\xee\xcf\x14\x05\xf0\xbcLA\x7f\x87\x87`\x03\x0e\
`\xd9\x7f\x84C\xbf_\x82e@\xcbG\x15\xf7\xe9\x9f\
\xfaU\xf2w\xf5!\xbfGGz\xe87\xf6\x01\xe6]\
G\x17~\xb9\xec\x97}\xbf\xac\xae}_\xfe\xf6\xf7\xfd\
}(\xf6\xf7\xc9C9\x82\xa7Ru\xe4\x8f\xcaH\x1b\
\x95\xa7\xf0\x0f\xe5\xde\xbe\xdd\x87b4-\x03\xc9G\xbe\
>|\x91\xcb\xfa~\xdf\x9fNG\xa3\xfd\x8bQ\x19n\
/F# N\xf1\xd7\x16\xdc\x8e.\xb0\x97\xf2u\xfd\
\x1f\x03\xbfT\x1b\x8d\xca\x83\xc3\xae?\x1a\xfa\xd3\xeb\xad\
\xeey\xe9\xf5`\xd4\x9d\x96\x86\xfe\xd6`4\xf5\x07\x97\
\x17\xdd\xea`\xd0\xeb5\xdc\xd3Sw{\xf9\xe5\xbav\
\xb3\x83a@\xca\x05\xb0\xd3\x19?4\x16\xf6\xc41R\
\x07\xf4\x0f\xee\x10\xcaO\x9cA\x103\x98\xe9\x04qZ\
\x81`3\x01\x16\x0b\xa4z^\xd6(\xebI\xba\xd1\xd3\
\xec5\x183\x1fkd5d\x1a\xcd\x9e\x8dW3z\
*v\x01\x9e\xd4\x10\xfc\xb8\x0e\xd7\x1f\xdf5\xae\xae\xec\
\xab\xc0\xbe\xb2\xdaK.+}\x03\xa5%\xefe\x81u\
\xfa1\xdad]sY\xf8\x91\xbff\xad\x01\xfe\x0eT\
\xc5\xc5\x7f\x18\xd2/\xcb\xc0\xa2~\x5c\xa4\xd0\xd0o\xe2\
\xff[s\xfd\x00nx5\xa6\xf3\x80\xe2%@\xd3<\
\x09\xc0\x04\x01K\xa3\x04\xab;9;\x88\x04\xc3\x8f\x88\
`J\x10\xc1b\xc1\xf1\x18w\xc028\x98KL\x8d\
\x82>|v\xcf\xa5\x002;\x9c\xc9\x0f\xe6\x1d\xc6=\
Q\xd6\xa1\x16\xd4\x8c\xf3zU=i!\xccZ$f\
!\x1c\x95\xca\xec%\x18\xf4\xab${\xe5\xb2W\x91\xe8\
u\xd9\x97\xe2\x85\x01x\xea\xe0\xc0\xb5\xb8~\x22\xe5r\
qj\xed\xd2\x18\x9a,\xb7\xe7\xb4o\xaf\xc8\xf7\xff\x93\
w)\xd5\xc7\x95G\x80\x92\xba\x1bu*\xb7\x09\x1a\xc0\
\xb5\xaf\xc67\x94\x0c\xa4\x97\x00\x82\xcd\x5c`\xcc\xd8\x0b\
O\xd7y\xa2\x0eJ\x86`\x01\xb2D=\x01}\xf1\xa0\
\xf4\x08:\xc0$\xf2TI\xcc\x9c\x9b\xcc\x1c4R(\
&!\xeb\x8c\xb2\x91\x81\x99y\xc8LzMD&\x99\
\xb17]\x97\x8c\xf0xa\xbe\x02\xcb\xbe\xc2\x8c\x99\xdf\
y\xf2\xd1\x9e\x22\xf2\x0c\xb3|OF=*f\xda\x12\
)\xf42of\xe8'\x9d,s(#\x00\x00 \x00\
IDATM\x9f\xdeW_tI\xfc\xdd\xec\xb5\x06\
\xf2n\x18\x06cJ\x02\x8ag\x00\xe3D\xc6\x0b_t\
.\x88\x1c\xfe\x047\x08B\x11DJ^,\x94W+\
\xe9E\x84{\x9f\xffu\xf2\x22%/\xbe\xe8\xf9\x85F\
\xe4\xcf\x00$\xfci\xe6e-i_\xb5\xed)\xe5]\
\xd7\xb6\xaed\x1c\x80\xb9\x04\xa0\x18\x1f=\x07XZ\x9e\
\xac\xc8\xf7\x1d\x97\x85F\xe4\xce\x00$\xf3\xe9u~\xbd\
Eur\xac\x1b\xf54=\x9b\x8f\xff-\xe5]\xdb\xb6\
C\x09\x030\x8ew\x01b\xcf\xde\x0a\x0e@.\xf8\x0a\
\xc7\x87-\x81\x14e\x1b/_hD\x0e\x97\x00s\xf7\
\xd5Sy\xf6+\xb5\x7f[y7\x08\x02;l\xde\xc8\
c\x81w\xb4\x01\x90{{\xec+\xf3\xea\xf3R/4\
\x22\x8fK\x00#\x9f>\xb9\xbfn\xcdK\xb8\xb1\x16\xec\
\xc3\x7fcy\xd0\x7f\xdb\x85\x19\x00!\x81(\xfd\x1f\xff\
\xf6\xb1\xb9R~\xbcXHo~e\xfe\xfd\x86\xc9\x17\
\x1a\x91C\x03\x10\xe7\xd3\xa7\x96\xd5j\x8b-\xdb\x96i\
\x5c\x07yX\x00\xe0\x0c`\xfc\x06'\xffc\x99\x0a4\
\x963\x00\xfd\xa1H\x1f\xaeC\x81\x11\x18\x98\x5c\xf6X\
\x97\xcb\x7f\x83\xcf,\x17\xb5\xaf\xca\xb7A\xf2\x85F\xe4\
q\x17`\xfe\xfe\xba\x91o\xaf\xdb\xd3\xf54\xff7\x94\
w\xdb0\xfe\xdb\xee;9\x03\xd8\x91\xbe\xc0qGp\
\xb5\x0fH\xbb{\x08\x03|\x02\xda.\x93\x7fq\x1f\xcc\
\x91x\xe0\x5c\xd9\x05\xceM\xfed%\x17\xf4B#\xf2\
\xe9\x03\xd8N\xad\xa7\xd3*f-\xa8[\xf7\xf0=\x99\
<\xe8\x7f\xd8\xb6l;\xfc\xd0\x91i\xc0\x12\x12\xb0\x93\
\x81\xfc0\x81\x81U\xa4]\xd2\x13\x189,\x87\x17\x86\
\x11\x14>\x80\x1c;\x01S\xf0\xfaK\xea\xdb)\xc2Z\
\xc8\xa3\xfe[!\xcc\x00\xc28\x04\x80\xac@\x0a\x10\x88\
\xdf\xe3%\xd7\x0eCR\x07\x99+\x90\xb0\x18\x94L`\
\xb4\xf0\x14\xce\xb8I\x17\x19:\xedF&Z\xf8\x8c\x95\
%\xe8\x86\xbc\x09b\xae\xde/n\xe1\x09n!\xb3\x1d\
\x0d\x04\xf4\xd4\xe3\xf0\xfd\x92\xdf\x87\x0a\xcf\x93\xf1\x82\xc5\
\x12 \xaf>\x00\x5cG\xbb\xa9\xfdw7\xb9\x0fo\xa5\
\xdac^w\x0d\xe4]\xb7\x1d\x92\xfe\x87V\xec\xff\x97\
\x16\xe0\xa3\xf8\xa2\xdcxX pL\x11\x14r\xb1 \
N\x1c\xf2\x128\x11\xc6\x0a0\x0f\x09:\x9bP.&\
N\x88\x8e\x19\x87'\x0e\xf2\x08'\x12\x82X\xb9d\xe5\
\x9cX\xa1\x0f\xe4\x11\xc4\x03s\x0d\x12\x8e\xe89\xc0\xca\
N\xee\xa8\x9f\x88\xfaP/\x80\xcf\x11\xfa9\x11\xd1=\
\xec\xc3\x93<\x0e\xbd\x87s\xc2%\xeb\xec9\xa9w\xe5\
\x92\x95\xd6@H7\x9f\xe3\x90\xe9\xa0\xef_hD\x1e\
}\x00\x96v\xb0Y\xf1\xfa\xfb\x9e\xba\xf5@\xfeG\x95\
\xc7\xe1\xdf\x96\xfao\x07cC\xfd\x09\x0d@\xee\x8e{\
w\x89\xc4\xf7\xd4\x099j\x13\x5cx\x8a_$\xe8\x06\
^\x00\xc5\x0a\xc4u1\xa33\xa1\x05\x89\x8eE\x82\xce\
Y\x8a\x9e\xea_$^L\xbf\x86\xa63C\x9e\x0a\x91\
\x94\x97I\x8c\xf3\xe8\xf2}\x97\xc9\x8b\xd9\xf7/v\x01\
r\x1c\x07\xb0mmf\xe9\x82\xfe\xe3\xdc\x9f~\xec\xc6\
;\xc3\x00\xbc\x01\x03p'u\x04\xc7Ersa\xdd\
\xd3\x1e/\xed\xfc\x12\xd8\xce\xa4g\x90k\xc5\x801Y\
\xf1s\x83\x7f\xae<S\xf2F}S\xe5\x0b\x8d\xc8i\
\x1c\x80\xab\xf6\xd7\xdd\xed\xd5\xea\xd6\x03\xf9\x1fM\xde\x0d\
\x1a6X\x00\xdc\x01\xb0\xe1j\x8cM\x17\xc0GVy\
\xc3X\x05\xd6\xf3\xaad\xf3J\x98-\xcb:\x8c\xa3\xcb\
\xf8\xf2P\x16\x1a\x91W\x1f\xc0\xa2\x8fu\x0f}\xfb[\
\xcac\x16\xa3\x1d\xc8\xf9?M\x01\xc2\xc6\xc7w\xb3)\
\xc0\x8e`s\x9c~<\x93\x08\xa3\xd6\xbfYN\xbe\xa2\
<\xfb^\xe4\x8bl\xc0\x1c\xc7\x01\xcc)\x97\xee\xdb\xaf\
P>\xae<E\xff\x07\x01M\x00\xd4\x1c l\x8c5\
\x16\x08\xb9\x00\x8d\xff\xf0\x06PN\xe2N\xd2e&`\
\x96\xb4\xaa<c\xdf\x87|\xa1\x11\xb93\x00\xee}{\
\xec\xd6\x17\xee\xe5?\xaa<\x8e\xfd\xa1\xdd\x0e\xec@Y\
\x00P\x7f\x19\x08\xe4\xfd\xb6sE\xfa\xffwO\xe8\xe1\
\x8d\x1b\x88y1\x0a\xbe\xf4\xe9):\xf9\xfdcp\x80\
\x0c\xff\x22\xf94}\xe3\xe5\x0b\x8d\xc8\x9d\x01\x08\xdc\x8d\
\xbcl;l\xd3\xba\x1f\x0c\x80t\x00\x92\x13\xd0&\x1f\
\xc0\xcd\x0d\xe1\x81&\xc6E&\x13~\xd5I\xa1\x0aM\
\xcbqf\x99\x80j(\xe4\x89\x00\x81\x94|&\x80\x80\
\xb3$.\xff\xa6\xcb\x17\x1a\x91?\x03@N4\xcbV\
~4\x0b\x15K\x8e\xaa\xc9\xb6\x06\x8c\xb6\xf3X\x1bK\
X]\xd5\x1cBs\xb0\x90\x95\xd6\xf01\xeb\xbc'\xcd\
Zm\xd5H\xfa\xde\x80\x0a\xbcj\x00d\xbd\x11\x80\xa1\
\xc0\x9d\x9d\xce\x07\x8c\x03\x8es\xddi\x93\x8d\xc6y\x0f\
w\x04\xc1\x0a\xe0\xde8\x8e{\x18\x03\x93\xcc\x89\x17\xb9\
\xc4\x04 \xfbW\x9c\x0c\x94K\x03\x90U@\xd4\xa9 \
\xad\xbf\xb1Uxb\xd6S\x0c\xef\xb3\xa5\x01\x09l7\
\x08\xb1\xd5\xa5\xdf!\xda\x826\xdc\x06*\x0e\x00\x0d\x80\
L\x05\xe8t\x08\x0b\x88kD\xf0tD\xb0L\x10\xe6\
<\x9b0O\xa1\xc0\x1aYsy>\xfd\x5c\xf9\x07\xe4\
\xe3\xaf\x8b<\xfe=\xd4\x9f\xa80\x00\x85\x01X3\x03\
\x80\xe3<X\x00\xc5i\x07\x8a\x0b\xc3\xfeI\xf7\x7f\xb7\
\xa0B\xcc2\x19\xc8\xebP0`\xa7#b\xec.D\
\xc4Sp\xdfsf\xbf\xa9\xbcx\x8a\x9b\xd1\xb1qL\
\x06\xe8\xa88_\x1d\x9e\xab\xe3x%\xf0\x96\x0e\xd7U\
a\xb6:\xae\x87&\x12\x14\xae\xcbb\x82^}\xa88\
^\x0dC&fa\xc6R\x9e)y\xf5\x98\x98 \x12\
\xe1\xc9\x12\x9fL\xe8\xe8`\x1e\xd3y\x22l\x98k\x09\
\xce\x92\xe1\xcb\x5c\xad\x86\x1c\xf5\xe7\xe1E.@a\x00\
\xd6\xd0\x00\x84j\x0a@s}Z0@s\xdbn\x07\
\xa0\xffP\x81\x9f\x06\xb1\xe3\x14\xa0\xdd\xb8\x01\xf5\xffp\
\x83;\x00\x8c71\xff\x1d\xf3\xe1\xe1?v3rd\
\xfe;T0\xff\x1dJI\xaf\xa8|x\xa8W\x04\xe6\
\xcf#\x9dC\xdd\x89\x80.\x22\x90\x8f\x10\x8f\xb7\xc9\xa2\
\x0a\x18\x86J%\x12\x15\x0f>\x91\xc7\x9b\x91\x84\xff\x8d\
\x10T\xb3\x82t\x1eU\x9a\xc0\xc3#\x01\x05\xd1\x11\xed\
\x17!x\xa13L<\x8c* \x8ct\xe8\x87\x03\x0f\
\xabP\x1fB\x800\xf4\xca#\x0f\x9f\x03:\xd9D\xba\
|\x0e\xf0\xe0\x0b \xa4/\x10*\xc0\x0a\xaf\x05\xf2^\
S\x00\x9d\xfa@X_\xa0{\x9c\xd3s\xb0\x00\x02\xd1\
\x9b\xc8\xe3\xc1\xf7GM\x07\x02>\x07q\x86+\xf8J\
\x11|\x1f~w\xa7\xbf\x7f\x11\x08T\x18\x805\x9c\x01\
XD\xc6%@\x18\xc0\x0a@\xcf\x01\xc8)@V \
P\x02\xb6\xdbh\xd3\xe0\x7f\x03\xb3\x00\x91<\xf7~\xb5\
O\x94is\xe4\x07a\x03\x08eWpB\xe5E\x5c\
]\xd0\x5c\x8e\xda\x83t\xcf\xe1\x0a}\x97\x13\xe0\xae\xe2\
Q\x04O\xf2$\xfa\xc0\x0f\x81\xf8*\x1e\x83U\xf0;\
\xa3\x0f\xc9\xa3\xfb\xc8>\xe7.\xfd\x1c'\xfd\x1c\xdd\x87\
\xf9\xae\x92'\xfb7(4\xa20\x00\xebe\x00\x826\
h6\xda\x00P\xf8\x10\x7f4#\xb1\xe1$\x80\xfe\xd1\
\x9e@`\x9fb$\xf0\xb8#\xa1\x00\x8d\xc3\xaf\xb8Y\
O\x9f\x8c\x85C\xab\xbcqD\x12\x97w\x81\xbc\xc8\x10\
\x13\x8c\xf7\xc8\x8b9\xc4\x87\xc8\xb3\x15\xe5\xc5\x97\xc8\x17\
\x1aQ\x18\x80\xb52\x00A|\x1f\x04\xc0\xd4\x9eY\x00\
K\x0e\xfc\xb1\x05 \xce\xdf\xc7\x08\x02\xf0a\x05\x04<\
\x03H\x9b \xf5\xd3|+\xc8/\xe5\xdbL\xf9\xc2\x09\
X\x18\x80u\x9b\x01\xc4\x06\x00\x87{S\xbe\xdd\x08\xa1\
\x0b\xcbh\x84\xb9B\xe7\xc3\x0dA\x81\xcfw\x83\xf3\x14\
\x08\x06\xe7&\x86~6t\x96\xdd\x8f\x1f\xb0\x0cn`\
\xf3\xe4\x0b\x03\x90?\x03\xd0x\x22]O\xb7\xcdX\x97\
N\x00hqOK\x00TpS>\x08pZ@\xeb\
\x02\xed\x05\x08\xdf\x8d\x97b\x00\xccN\xfe\xa4\xd2\x11&\
\x06\xc0\x031\x03\xbe\xcf\xf2\x7f\xec]\xbd\x8e\xe38\x12\
\x0e\xee\x99\xa4\x88Q\xe3\x82}\x85\x06C\xcd\x03(\xb4\
\x01\x81\xb8x\x02-\xe1\xcd\x89\x0d\x193a\xba\xb0\xd1\
o\xe0\x07\xda\xfa\xbe\xa2~m\xb7g\xe7p\xb8qK\
==-\x91UE\xca\x8d\xfe\x8aU\xc5biG\xc4\
\xf6\x14\xc0\xff\x12\xc0\xff\xa5V\xf9^\xe2\xfe}\xff\xad\
`}!\x8f\xbd\x81^\xcd\x7f\x0d\x02\xfe\xfb\xcf\xf6\xaf\
\xab\x99\x9d\xf7_\x9d\xffG\x95\x8c\xb6ap\xcf\xac\xe8\
\xcd\xb2>\xc0}\xf9\x81^\xd7\x9f\xd3_P\x9e\xdb\x87\
{\x10p\x93\x16\xc0/\xeb\x02h\xaco\xec\x04\xfe\xe7\
.\x80f\x07\xf4T\x12\x9a&\x14\xaf\xf3\x10[\xb1\xf3\
\xdb\xf9\xcb\xbf\xaa\xfa\x83\xd9\xbf\xa7\x15\x9f9\x99\xfbN\
\xf4\xdaz~\xd6\xff\xaa\xf2\xeda\xaf\x09\xb8M\x05p\
\x9b\xb4\xfbV\xb6\xd5\xdf\x16\xdd\x8f\x01\xfc\x80\xf5\xed\x8e\
\x05\xf1\xb6\xb4 \xde\xeeX\x103q\x05\xfc\xf7?\x8a\
<\xb6\xfc\x8e#\xe3\x90\x1c\xf0\xf6\x86\xc4@\xb1\x16\xc2\
7w\xc1\xbe\x7f\xfd^\xb3\xde\xbd^\xbbS;k\x8f\
\xf4n\xa07\x13\x7fW\xe8\xd8\xaf\x9b\xe4\x17\xe3\xdd\xca\
w\xb7\xf2\xcb\xf9_J~\x8f\x01lP\x01\x8c9\xf7\
A\xbe\xfbo\xe1\xa8\x10\x1c\xb2\xf1\xef\x1d\x04\xf8\xcfO\
\xb0\xfeQX\xdf\x06\xd6\xef\xeb3\x03\xca\xfa6\xb2\x96\
\xed\xfe\x89\x15\xd7Q\xde\xda\xe1x\x00\xc6\xb01x\xe7\
\xafw\xca\xdd2\xd1\xf5a\xa5\xdfq\xe5\x9f\x15\x0en\
J2\xb0\xd9D}`\x94C\x99\xbevDlN\x01\
\xa4\x9c\xac\x97\x7f6\xf7\xd6\xf7!\xf7)\xda\x14\xfb\x98\
\xac\x0b\xbdt\xcb\xb7\xb3A\xfa\x92\x80\xccj\xc7g\xac\
\xe9\x1e\xab\xff\x09V\x9b\xa5\x17\xff#X\x13\xbe}L\
\xbd\x03\xfb8\x04\xe5\xac\xf7\xde:\xff\xfdj\xaa\xd5Q\
x\xfd\xa9%\xf7F{wN_\x92j\xe6\xc4#g\
\xb79\x19=\x22lf\x95\x02\xee\xc8\xaf\x8f\xde\xbf\x08\
\xbd$\x12\xb7\xed\xa2\x12B\xb5[\x00\x1bT\x00.\xe4\
\x90\x9cu\xceG\xf9)?\x5cp>8\x17]\xb6\xd9\
\xb9\x1c\xfb\x1c\xa5\x81\xfb\xe0\x92\xdc\xdb\xe8|\x16xf\
\xb2\xe6\x90]\xcc\xde\xa2\xe5za\x8a1\xc8}\x88\xc9\
\xbb8\x8c\x9ac\x96i\xf0\x1d\x05\xd2h9\x8c\x9a\xdc\
\xc0\xcaQ\x1dGM\xe5\x01\x84\xc7[>\x84\x07[\xe6\
sz\x1bd\x08\x87!E\x12s\xa7\x80\xc7\x02g\xfc\
M3\xffg\xe7\xdc\x17mc\xeaO\xe9U\xa9\xf99\
\xd4\xfe\xd4#r\xac\x13(P1\xf0\x0cp\x9aP@\
SKKz\x0co\xe12\x98B\x1f\x88d5\xdaj\
\x0bk\x116*\x5cX\xab\x89\xb5\xc6p\x8by\x0c\xe8\
#+\xe8f\xa4\xeb<\x1f\x1f\x13+\x1f\x12\xf3\xd4\x13\
\x1di\x82\xe3#\x992\x0fY\x0f\xfce \x91y\xf9\
\xf9wDlN\x01\x00@@\x9f?\xe6\x1ek\xa9;\
\xe6\xe0}8\xfa$\xcbj\x94U9\x83,Xu\x01\
\x00t\xf8\x17\x01\xf8\xd8\xfb^X\x1dz\xc1(\xb8\x04\
\xc9\x06\x1f\x14\x95T\x15:\xaa\x13\x0b=\x04\xb1\x19D\
\xb4w\x96\xac:ja\x95%\x1d}>F\xeb\xf9\x00\
\xb2\xb4CY\xb8|\xf4\xa2\x82h\xa4\x88Vr\x98\xba\
\x87\xaa\x91\xc7\xb4>\x05\xf4\xd9\xa43\xfff\xd6\x99t\
\xf3\xb6\x1ex[\x1f\x8d\xafWg\xe6o\xe4\xd5\x020\
Z\x81\xbb:hv\xffAK\x0b\xb0\xac6\x8dh\xa8\
\x09\xd4\xf5>\xcd*p\x9b\xea\x03\xa5\xb9\xdb\x81\xb5\x22\
++}\xcbm}\xfa\xe0\xa5\xd1\xd2\xdc\xedi,5\
\xcey\x0cMs\xa1\x17V3\x95\x00oAh\xf9\x10\
\x000\xc68\x91`f\xf3\x94\x07@\xa9\xf1\x81U\xc7\
(\xac\xe6\xc1\xe7\xdf\x11\xb1=\x0b\x00\x08&.\xb9,\
\x0b\x8e\xc5\xc6\x0e\x02l\xb1\xc3\xb3\x80\xcdc\xf1\x97\xa5\
9\x05\x81\xa3\x83Vp\x82cw\x14\x97[ \x9e\x05\
\x82\x90\x07M0)\x10\xc6\x0a.\x0a$\xe5\x10\xc1\xa7\
\xa3Z'\x10\xc6\xba\x9e\x12L\x00\x99\x04\x16\x00\x10\x0c\
V\x19\x12\xbcb?D\xd1\x04\xa2\x15d\xa1\xf7V\xac\
\x0dq\x00\x1c\x94\x85p\xfa\xc4\x89\xa0;r\xcfN\x8f\
\x8bh\x15\x19A\x1e\xd5\xf7\x7f]\x87\xe4\xf6a\x9b\xab\
m\xebyE\x5c\xed\xafV\xed\x91^\xad\xfa\xab\x05\xdd\
\x0c\xfdf\xd96\xe5\x96\xb5\xbfg\xf2\xa6pL\xf4\xd2\
_\x08\xd5\x03\xf9q\x9eI~9_u#_\xe8\xd5\
\x8f\xc9\xaf\xe6_}\xfe\x1d\x11\xdbS\x00\x80m\x8c\xe2\
F\x0b\xf8<\x90\xe6\x88\xffD\xc7\xda\xe9b\x8d%8\
p\xe1\xf5\x80\xaa?\xc2\x0c\x87\x0b`\x81UGc\xff\
\x88\x01\xa22\x01\xbf\x5c\xd3\xc1(J\x05\xf0w\x5c\xd7\
]?\xe8\x05G\xa5\x10t\xe9\xa7a\xdfC\xa7\xc0\x03\
\x10s\x1f\x93[>\x15W{*\x15(%\x9a\x15=\
G\x95\xbe\x84a\x93\x08\x03\xff7\xf1\xad\xf6`>y\
\x19V\xdbN\xb7\xa6\xda\xf4\x97\x19\xdf\x90\xb6#bs\
\x0a \xcb\x92\x9c`Z\x0b\xca\xc4\xde\xf7\x88\xb5\xc9\xd7\
\xd1\x11\xc1\x1e&81\x0aT\x06\xedt\x1a\x04\xf0\xca\
\xe9\x01v\x18\xebN\xd7j\xac\xe0\xb4\xd6eYW\x1d\
\xc0/q\x00dL\xf4P\xad\x88\xae\x90\x11| \xda\
\xa1\x80\xd4\x02\x911\xc5\xa8\xc8\xf06\x10\xe4\x03\xd8\xc5\
\xdb\x10|cP\x99HT\x8d\xb0\x0a\x1f\xa3\x15p7\
\xa8k|\x1f\x87\x08`=\xa5\xbb\xeb\xb1\xf8z\xb9\x05\
\xceU\x94\xf1\xbefl\xabw`\xccJ~Uuc\
\x94_\x96\x15X\xa6\xd5\xbf\xa4<B\x9ez,bG\
\xc4\xf6b\x00\x80k\xee\xb9t{\xac\xd6.\xc3\x07(\
.\xbc\xed\x19\xcb\xb3\x0aLF\x0bDU8\xa8\x0a\xb8\
\x05\xc4\x9f\x98\xfb6\xc2\xb0\xcf\x80uD\xb0\xc0\xd1\x84\
\xb7\x96n\x81\xa7\x09\x00g\xc1\x11\xc1\xf0\xeb1*\xdc\
\x0a\xa8\x001\xe1\x1d\xa6\xf7\x08\xea\x8b\x02\xe2\x00N\xe3\
\x0dP)\xd9G\x86 \x9c\xda%6g1\x01<=\
\x08\xf9\x1f\x10-<\xfa\x8f\xd5\xb9\xb7\xe5\x8bo\x07\x22\
\x97\xba\x12\x0c\x98\x11\xe9\x12\xb7\x07\xf3T~QL\xfb\
\x96\xf8\xaa\xf2\x1f\xed@\xdf\x11\xb1=\x17 \xc1\xebG\
\x14P\x00\x97e\xb5MXWi\x158\x86\xeb\x10\x04\
\x90%\x9e\xf1\xb6@\xb5\x80\xc8 V\xf7\xc80\x9cx\
\xfb\x19FB\xb6\x80\xbf\x82\x16\xbd\x88\xf2\x89\xf9N\xa5\
 C\x12\xec\xb04\x1c\x03\x0b\xe0c\x00\xb0D\x10D\
\xadX\xe8\x0a@\x9d\xee\x01\xd4\x92\xd8\x0c\x1a\x00\xf0I\
9-\x9e\xd6rTQ*\xb05\x10\x06\xf06^\x7f\
\xf0\xfc\xff\x01o\xccy@3\xf5\xcf\xd4\x10\xf8Z\xff\
wDlp\x17\x00\x1a\x8015\xc1\x1a-sF\xe7\
\x81\xc1\x1e\x1b\x83\x02\xb7(\xee:\xf6\xe6\x92\x13\xc0a\
\x0d\xa6\xdb.\xf7\x80 v\x11\x5cY\xc2\xa5'\x06\xf5\
\x00`CD\xf4D\xa7J\x01A\x80@\x04\x8b\xb7\x80\
\xe8\x1e\xa6\x80<\x8d\x05t\x96\x8d\x04\x1a\x05x\xa8\x1e\
\xba\x06\xe1\xc2\x08\x93\x84\xeb\xbf\xee@\xa8\x83\x01\xd5\x10\
\xc4\xfe\x17\xf5u\x9d\x0c\xdc1x_v\xbc\x11\x05\x1f\
(\xdc4\x1b\x1bU1\xfe\xeb\x85\x81<\x9e\x12\xaen\
(\xd3\x22:\xc8\xdf\xe5ze\xf9\x1d\x11[\xb4\x00\x04\
A\x11>\xb5\x98\xeb\xd8\xce\x07L\xa1\x16\x04\x7fX\xae\
\xb3\xda\x00\xd0\x10!%n\x0d\x8a\x0d\x0f\x13^ ,\
x\x97\x05\xde\x0bV\x19\x18\x14\xfd\x91\xa2\x0b\xba\x8b\xe0\
\x98Xp\xc4]\xf1 <\xa2\xfdp!\xc4^\xa0\x0d\
/F\x00\xd6o\x17\xe0m\x00\xfc}\xd6\xad\x85\xa4j\
\x094h\x17D\x0ad\x0c\xe8\x14\x18\x1f\x8c7B)\
e\xcdXho\xc3Z\x87z\x16\xeb\x1b\xd3}\xd6I\
\xf0w\xc2\x7f\xcd\xf0j\xf0\x12\x1b{T \xf4I=\
\xce\xa7\xfc\xffwy\xec\x18\xb2\xba\xe0\x9e\x09\xb8i\x05\
\x80p\x9aF\xf6\xb1.\x0bD\x93%\xe4\x13P\xe9\x90\
\x86'\xa8$\x00\x1dc\x85\xc5a\x87+`\xb9c\x90\
\xc8\xc9\xe8\x1e=\x06\xb8\x10\x89k\xb5\xf4+\xac\xb9\x8b\
\xa8A|\x80\x1a\xd9Eew\xdf\xc1\x81\x00\xb0\x85\x06\
\xf5\x10\x83\xb0\xaa\xbd\x9fdn\x1f=\xd5\x08\x9d\x08\xc7\
 d\x0c=\xe2\x02\xc8\x19HH\x22L\xf6\xcfv\xaa\
r;\x84\xbc\x96\x7f\xd7,\xf5;\x0f\x98=\xac\x92\x8b\
\xb4\x9e1i\x80?\xcd\xa9\xadn\x02n\x9f\xc8?\xe1\
\xf8e\xe4\xcb.\x08\xf5\xdd$\xbf#bs\x0a q\
#.\x8c\x98\xd6\x9c\x9d\x14\x15\xff\xb6\x07\x04-7\xe5\
4V\x00c\x01\x06\x00\xc1\xe7tS *72\x06\
\xfb\x90St\x9a\xdf\x87p\x01\x83\x06X\xc2i\x18D\
\x0f\x8b\x81\xcaF\xae\x88\xf6;\xc4\x06hq\xc0\xa5\x10\
s?x*\x14\x86\x01\xa5\xc1}D<\x95\xe8\x12l\
\x17\xa0\x93\xa3b@\xb8\x0b\xac\xff\xfd\xe4\xac\xbb\xd6\xbc\
\xfd\x07g\xe3M\x89\x0db\x97\x1e\xc7\x09\xcd\x97:\xfb\
o\xe6\xbf\x0f\xb3\xb8\xee\x88\xd8\x9c\x02\x88\x09\x9bs\x5c\
\x9aS\x81y\xf2\x09.\x01v\x01dY>b\xb3\x1e\
\xa6~\x0a1\x22.\xc0\xc0\x80\xe8\x02\xda\xfe\x11\x0a\x04\
W$\x07!\x9bW\xf0\x89D\x22\xe0]V\xf7\xa3\x8c\
\x03+B\xba\x03\x01\xcd\x9c\x9d\x92\xbe\x07\xde\x141\xa8\
\x86\x1c\x8f!c\x97\xcf\xd1\xd1\xa0k\x92\x9c\x9a\xfb\x11\
\xe7\x03\xa0\x97`\x83\xc4p\xf426\xcc\x83\xe4\xf3\xec\
\xfc\x7f\xf1l\xcd\xea\xfc{\x89u\x9bz\xceh\xee\x9c\
\x9f\xaf\xef\x9f\x9fg\xb9P\xa3g\xe6M\xc9\xb0\xd1\xf2\
\xdd\x9aoS\x95\xb7\x0ai\x9a\xcd\x8cmx\xf7x\xad\
5\xbb5Y\xa7\xf4\x94\xf3\xf7z\x19\x87\xd5*\xde\x03\
\x9b\x19\xf2\x89\xb4f\xb8\x0el\xe6\x8c\xb5^\xc6\xeer\
\xa3\xc5\xcc\x95^\xc2\x9b\x95)\x04\xf4\x1c\xc6O<\xd5\
\x038Q~G\xc4\x06\xb7\x01\x05\xf1\x11\x10\xb4\x0c\xe1\
q\xb5\x8d\x04j\xf0\x1a\xaf\x17\xd3\x1bF@\xcc!2\
2\x888\x1e\x93\xf2\xe0\xd9G\x8a\xa7\x80]@\xb1\xeb\
\xb1]\x0f\x0f^8\x19J\x94\xc5\xder7A\x80\xcb\
]\x7f\x19\x05\xdb\x80\x89\x0a\x86\x9d\xb0\x1f\x1cc\x08\x89\
\x13Q{\x88N\x82\x89 \x0f\x80\x14B\xe4 DZ\
\x1a\xaa\x16\x10n\x90\xbb\x98\xaf\xc3\x0b@g\x07\xde\x91\
\xa1\xbb:\x00\xaf\x89\xef\xb3\xf6\xa1]\x1f\x8d\xa9\xb5^\
\xc0\xc4\xbf\x90o\xcc\x90\xe0[\xb7\x87\x92\xb5\xcb\x994\
\xbf\x96G\x06\x0c\x08\x0d\x02\x8b\x06\x95G\x98\x8a;c\
5#\xab\x01\x11y\x08cr.\x12\x89\xe7\xa3\x0a\xbd\
n\x0e\xd5\x0d\xabQV>\xbf\x19\x92\x91\x85p\xe0\xe0\
\xd5\xc8Z\x97y\xb0\xb5y`\x22\xb1\x19\x9euJ\x04\
^\x1c\x1d2\xea\x0a\xec\x88\xd8\x9c\x02\xc0\xc6\x9f\xe6\xd7\
r\xa3\x8f[\xeb\x08\xb9\xc3\xbd\xcf\x01Y}p\xb7\x1d\
\xd7_U\x0b\xd2\xd5{\xaa\x8b\x84d>\xe1\x16\x85\x81\
cz\x8c\x00xf\xfb\xc8\xb2.\x03\xa4\xbel\x1d\xca\
-\x90M\x0b\x026\x83\x98\x15\xd6\x15[\x81\xab=O\
\x00aK\x8f\xde\x02\x0d\x05\x992\xf5\x98\x0c\x8a\x86\x11\
\x01\xb5\x1f\x12\xb4\x82\x0c\x15\xf3_\x97\xeb\xfb{]\xbf\
\xcb\x1f0\xea\xfd\x97:\xff\xf5\xbb\xe0\xb8C\xfd\xff\xb6\
1\x03\xbd\x93N\x9e\x87g\xfd\xfb\xcat\xa5\xfe\xbf\xf2\
\x1fD\xde\x18\xd6\xd1W~\x95\x1f\xe8\x94\xaf o(\
/\xabq\xd7\x99\xd2\xe6|\x90\xaf:3\xb6M\x99o\
\xa4O\xf3\x0b\xaf\xa9\xee\xc9\xcb\xfc\xe3\xf3\x9bi\xbe\x85\
\xbcQy\xcc_\xdd\x937\xd3\xe7\x9f\x8d_\xad\xe4\xf1\
\xf9\xba\xe5\xe7\xe3\xf3\xef\xa7\x017\xe9\x02\xe0Tn<\
\x0a\xa0\xa2\xb5\x82P\xa04a3\x0f\xdd\x16\xbdb\xa9\
\xcb=\x8c\xfd\xc4\xbb\xa8\x04\xc8IS\xba\xa4\xbbHs\
\xa4^F\x90F\x9fTXn\x13G\x0d\x1cn\xe0\xc4\
x\xf8\x0e\x88\xe5\xa5cRq\xedexo\x9a)\xe1\
F\xa7\x8a\xda\x9b\xd3\xf9r\xb9>\xcbpm\x9bOS\
|\xcd<\x13\x96o\x0cl\xb6\x99\x12<\x8b\x98\xee\x88\
\xd8\x9a\x02\xf8\xd7\xe5\xdc\x9d\xafg\xfd\x92k\xd7^.\
\xdd\xb9\xbb\xb4\xb3\xee\xf3U\x98\xd0\xd1\x9d\xdb\x89\x93\xcc\
\xe738/W\xed\xc2\x8f\x0e\x17\xe9\xff\x18\xf8D\x9a\
r\x9dJw\x17\xf4\x5ct\x98\x0ec\x8axG\xd6K\
\x99\x11\x9d\xe7\xb6\x1bF<w:\xbfLU\xf8\xae\x93\
\xe5\xbf8\xfa~\xf7\xfc{\xbd\xbc\x9d\xec_\xd3,\xe4\
\xcd\x8f\xc9?:\x7f\xff\xa3\xf3\xff\x82\xf2\xc8\x04.\xf2\
;\x226\xa7\x00\xb4@\xbe\xe1\xfb\xe8x}\x89\xf6\x83\
s\xfdx]\xce\xbds\xfe\xb3vs\x18\xea\x02\xa0\x1a\
Pm\x9e\xf1o\xa1m\xc6\xf6\x8e\x88\x0d*\x80Y\xb5\
\xd8G\xd5c_\x85N\x05\xb0\xa27+y\xb3\xa0\x1f\
\xee\x8coF\xb1W\xfb\xfc\xff\x88\xde\xb47\xf4=\x06\
\xb0=\x05\xd0~-o\xf6\xc6\xfd_U\xfd{\xec\xfe\
\xce\xd3\x08\x8d\x8a\xb5\x8d\xb9\xcf\xf1%~WM{\xf3\
\xf9w\x05\xb0+\x80/\xf2\xc7=)\x80y>\xef\x8f\
\x07\xc5(\xd1\x9eLI\x0a\xfc\x8aa?\xd6=mv\
\x05\xb0q\x05\xd0}\xfa\x16\xb9\x8f\xe7o\x99\xfb%\xe5\
\x87\xf7\xdd\x17yl\x8d\xb3v\xde3y\xd3\xb6\xb3\xf7\
\x84\x19\xd3\x962\x01\xaf\xf6\xf9\x9f\xc8\xeb\xef\xa3\x1aK\
\x9e\x8e\xf4\x1d\x11\x1bT\x00\xefx?\xfc\xef\xfa~\xf8\
\xf7\xdf\xeby\xbbZ\xb5\x7faz\xdb~B7l7\
\xcd@7\xed\xa3\xf1O\xcd=\xf9\xb6}\xf9\xdf\xcfH\
7\xe3\xef\xe3\x0e}G\xc4\xf6\x14\xc0\x179\xcb\x8e\xa4\
7\xbdo\xfff\xefZ\xb2#Wa\xe8\xaa\xd0H\x1b\
\xa91\x1b`\xe8A\xf6\xf0\xce\xf1\x9ej_\xcf\xfa\x22\
0\xaer%\x9dN\xa5M\x9f\xae8 ]>N\x81\
1HW'y\x01^(\x7f\xcd\x12/\xc4\x0cs\x1b\
\xee\x00<\xf8<\x93\xff)\x9d\xd3e\x10o1\xc02\
\xe2=\xc02\xf9\x00\xe6\x1e\xc0\xbfa\xcd\xe2/\xedX\
N\xee\xfd\x95\xfb\xf1\x86`\x1b/\xa4\xf2\xef\xbay\xae\
\xf1\xef&\xac\xe6\xb9\x91\x7fw\xa7\xeaF\xbfQ5u\
\xaa\xeb\xb0\xd4\xd8\x80\xd4\xab\xeeJ]v\xa5\xe6\xe3^\
\xeaM\x9b#\xe2\x82\x13\x00$\xf3\x83\x09\xd4\xd8\xcdY\
\xf1>\xdd\xe6\xbf\x15\x1e\xcd\xa4\x87\x1e\xf3\xa7\xf0y\x15\
\xbc\xb2\x83\x8c\xebGs\xeeA\x89\x16\xc2\xffQ\xfco\
\xcc\x0f'I\x22Y\xbe\xea35!\x9as\x0e\xe3\x06\
\xf8$\xf9\xa9\xe6'\xc7w\xe5\xf5\xf5X\xfd\x98j\xb9\
\xc9\x9c\x85:\xfc\xd1\xfdc\x9f\xaa\xb9\x09x\xd9\x15@\
\x8c(\xdb0\xc7uI\xe8\xa4\xc1g\xe6\xa7\xf0\x888\
\xc4\xf3p\xda\xe1\xc3\x13\x10T~\x80\xff-\xfd\xff\x83\
\xf7oN\x00\x97\x5c\x01\xfcv\x1f\xf7\x05_\xe0\x02\xc8\
KM\xb3Q`\xfa\xa7|\xfd?qeK`M\xcf\
\x11q\xbd\x09\xa0\xf5\x7fO\xc11\xbe^\x5c0\x92\xff\
4\x1e\xcd\x1f_\x0d\xfa[9G\xf8\x0bx\x0c\xf2\x82\
G\xf5#\xfe\x9e\xfe\xff\xc9\xfb7G\xc4e\xed\x00R\
|C\xae\xab\xcaW\xd2?\x80\xc7\x16\xbf\x94\xbd\xfe\x1d\
\xcd2\xe0d\xfdl$\xc3\xab\x0a\x0d\x10\xf8\xc6\xfd\xff\
\x12~\xd9\xe3\xe7\x88\xb8\xe21\xa0\x85\x86\x83\xf0\xab\xf3\
lU\xea\xd8F\x0e\x8f2\xff\x1a\x9e\x8e\xe7b\xa61\
zh\xf0\x8f\x88\xc7\xe5l\xfdl%\xc3\x86\x80\xcc\xc7\
Q\xde\xb8\xff_\xc23Er\x979G\xc4<\x06\xfc\
M\x87~\x88\xe3\x83\xbd\x81\xfdn\xe7\xec\xef\x87\x86x\
\xac\xc9&\xc1\xf9_\xb4\x95\xc6e\xdc\xab\xb9\x09x\xd1\
\x09@\xce\x89\xc4\x02\x1e\x94\xc0N\x0e\xaf\x92\x9c:a\
\xcd\xd4\x0c\xc9\x043\xb4\xf7\xdf\xd0\xf1B\xa5\x89\x22P\
V:=AC\x03ArT[(x\xa1\x5c\x92\xe2\
\xa5\x81h\x16\xfa\x81\xe5\x16\xdc\xe7\x07T\xd5\x9d\xe4S\
\xffk2\xae_\x0f\x0bf\x96\xc3\xda\xff\xd6\xc9^\xce\
\x13\xa0c\xd0\xefXv\xa1\x8b\xd5\xf5\xa4\xfe\x1f\xc2\xc7\
\xbf\xdf\x08?'\x80\xebM\x00\xe2G\xcf\x5cwDk\
\x97)M\xbb\xe3y\x95,\xb6\x1c\xa3\xb50\xc5\xa2\xb6\
LZ%+\x0d\x1e\x08\x9f\x04\xbf4\xa3\xea\xe7l\xcc\
w\x8a\xc7m\xad\x9e\x98)OU\xa8&M0^\x0b\
\xe5\xb3{\xce\xe5B\xb9~\xceb\xbc\xca\x8b\xd1\xda\xc5\
\xb3zzlC\x88x\xd5\xf8\xbd\x03b\xe7\x07\xcf\x0f\
v\xc6q\x1a\x95$@\xfb\xbf\xc3\xdb\x8e\x80\xe3\xd3C\
?\xfb\x1d~\xa7\xffCx\xfe{-\x11\xef\xb6\x01\xbc\
\x9d2'\x80\xebM\x00\xa8\x91t\xec\xd9\x1c\x03b\xf0\
w\x22<4\xfc\xd9m\x0fc\xd3\x04}\xa2\xdb\xf3\xb9\
\xae\x11\xaa y\xd9\xf6\x18\xd7\x07Q]\x14\xd4\xa7\xbc\
\xfe\xb0cj\xc7\xd7\xc5C\x1f\xf5\xc2\x02\xfa@\xa4\x04\
3\xd7 }#\x80\xea\xfc\xd6\xe1\xd1n\x03\xc2 \x9c\
\x86\xec\x04\xe2\x1a\xee\x8d\xb4\xd8\x88\xc5@\xa8J\xa4~\
T\x02\x13\xcbi\xe5\xe1\xfe\xf9\x8b\xcc\xbe\xfd\x22\xe4\xfb\
\xaf\xe6M\xd6i\xb4\xa2\x10\x8d%EW)]\xff\xc3\
m\xda\xfd\xfd\xaa\x9aP\xa5\x82DR\x9e{\x00\xd7\xb4\
\x03\xa8k\xc5\xdfy\xc5\x98f\x0fWI\x97\xac\xf9\xbe\
\x80g\x07\xffV\xff\x85k\xa6\xe5\x0e\xad\x15h\xfd\xb0\
M\x07H+\x1dZ\x13m\xf5\xd0\x82e\xfb\x95\x05H\
m\xa0\xe9b\x13l\xaa\x9b\x0e\x10'1\xb0*\xa2\xa8\
6e\x00\x09\x98\xa1\x83\xc1\xfcBS\xa4\x0c\xd6)\x5c\
O\x96zD\xb5\xafg\x93s=E\xda!\xf5P\x19\
Y\xb8\x869V\xd2\xbe_2\xe5\xf9u\x8e\x88+o\
\x02B\x1f?\x0a^\xdbZ\xfa!\xbco\xda\x09>\x17\
<\xc4\xdb\x09\xdf\xa7\xea\x0f+\x13\x1aT:\xb6\xb2\x0e\
3\xe6\x14\x05\x13HN\xa9:;U\x17\xe4*(\xd0\
\xaaB\xa3\x8a\x8d\xea\xae\x1ed\x16\xa3\xa6\x1e0U<\
El2\x8f\x01\xaf{\x0c\x98\xbe\xe8w\xfe#i\xdb\
}\xcc\xf8\x12\x1e\xb1\xc5\xbf^\x7fX\x9c\xdb\xee\x99.\
\xfd5\xbch+\xd7\xc5\xb8\xbe\x14\xb8\x5cqA\xae\xe9\
\x94B,\xc3\xa6\xbf\xae\x8f\xad~\xdb>]\xe3\x7f\x86\
\xc7`\x8e\x88\xebM\x00\x8f\xfd\xc7?\xbe\xe8\x7f\xfe\x9d\
x\xcc'\xf0\x19\xcf\xe2\xb7\x07p\x90\xe3\xfb\xf7\xff\x1b\
\xf0sD\x5cq\x05 6\xa1\xf5\x03\xdd\xf5(\xff\xac\
\xde\xb7\xe1\xd76-[\xfb\xad\x1e\xae\xa7\xf1\xeb=\xe2\
\x96_\xd0\xff\xaf\xe1q\xa07G\xc4\xf5\xf6\x00\xc0\x8f\
\x8e$\xb8lL\xa7.\xfd\xe6\xf2\xd5;\x83_)\x1f\
\xb3\x16\x01\xcb\xef\xea\xffKr?\xf1$wh\x93\xcf\
\x11q\xcdc\xc0'4\xb9/\x84\x96yQ\xfaY\xce\
\xdd'\xb8\xfdF\xdf1 \xefh\x83\x9dHX\x8f)\
\xff\xc9\x80A8\xb4\xa2\x9c#\xe2\x92\x13@5\x02L\
\x14D\x92\xbf\xf2\x88\xcd\xb95\xba9\x9c\x9d}\xdb\xb9\
<\x91\xe5h\x5c-\xa8\x9e3)\x18\x0b,\xa8Ef\
\xa8G\xffj%\xb0D\xce^\x80\xb8a]2\xc8\xb9\
]F\xfd\xe7\x86\x83f\x09\xd8}\x9d\xdd\xb0\x0d\x11\xbb\
]\xfc\xad_8\x94c$\x08\x80\x96C\x18\xea|\xc0\
\xb3\x00<9\xa5x\x7f96\xe7&\x80\xed\xbc8W\
\x00\x17\xb5\x03@\xb5\xbf3\xe6\x1bO\xa3\x1a\xe0q\x82\
lF\x98\x1a\x0f\xf9@\x1c\x81b\xd3\xd2\xa1\xb5X\x12\
\xf3Ys\x01!\xd6\xa5\x03,P_\x1aa\xc4a\xdb\
AT\x1f|\xb5\x22\xd4\xb8\xf4d_\xc8\xebn\xccL\
\xbf\x972\x1f\xe0\x97\x15\xd5\x1f\x87c\xdbj\xfd6\x14\
\xf1<'\x803\xecx>Zt\xe0S\xdc\x02\xd6\xfe\
_\xef\xfb\x8fK{\xd5{\x1a\xf4\xe6\x88\xb8\xe0\x1e\x80\
\xda\xfd\x07\xc7\xf2\xea\x1f\xbe\x80\x87\xb5W\xf9}\x15\x13\
\xdf\xa5\x89/\x1f\x81\xfc\xa5\xf2\x88;\x08\x0d[\x8d\x5c\
\xb0F\xe0\x11\x98\x22\x96\xbe\xfe.\xcd\xf8%\xfa\xbfo\
\x13\x92E\xf8\x0e\xe5\xf3\x8fR\x0c\xbfd\xfd\x85\xdfv\
S\xed\x8f\x15[\xee\xde0l\xfd\xeb[\x7f\xfbt\xa7\
\x1a\x07\xf2\xce1\xff\x10\x7f$\xffv<\xc6\x1b\x89\x87\
\xf89\x22.x\x0cH_\x84{\xdc,\xd2\x1d\xa1\xc2\
\xf95-z\x80\x05k\xda\xf4\x1b<\xca\x0e\xda\x01>\
\x954\xc2c\xdd\xbc{\xa9\xfe\x9c\xbb\xfa\x8b\x95OT\
\x7fw\xb0\x89F\xf4\xcb\xb8\xfe\xb2\x9e\xec?/\x8d\xb4\
\x7f\x87\xfd\x7f\xdc\xfe\x83\xfe\x7f\x0f\xbe0-\xa08S\
<\xc4\xcbl9_\x01\xae\xf8\x0a@\xf1\xe2o\xff\xa5\
_zE\xec\xd2\xf4\xb6 i<]\x0e\xbe\xa0\x87\x5c\
\xee\xf6\xaap\xdb\xdevn\x14\x8f`\x9b\x92n\x85?\
\xe9Vp{\x05\xe2\xb8\x03|\xd9\xdaCr\xd2S\x1d\
\xa4\xf8$\xa2C\x17\x92'\x95\xa3\x97!`\xba\xfc\x87\
ZN\xac\x07\xab\x8e\xd7Sb=\xc9\xeaY\xfe\x93\xd7\
\x9d\xad\x1d\x8f\xfb\xb7\xbdk\xdd\xe6+\xc0U_\x01\x06\
\xdbE\xa3=\xa5\xbaV\xdc\x19\xd0\xbe\x0f>\xf8\xba\x1c\
\xe0\xcd\xdf\x07M\xf5\x13\xf5\xeb^\xe6\x22\x96\xfb\xecK\
i\xb4\xdc\xb4\xdd(|\xdd\x00J\xcb-9\x98W\xba\
\xecUi\xad\x82\xae\x9a\x5c\x15\xa2j\xd6R\x97\xbd*\
\xef\xbf\x04\xb6\xf1M\x95\xf6MH\xb5\xb5\x01~p\xff\
\xb4CsD\x5ct\x02\x08\x01\xe3\xf7A\xe4\x07\x22\x18\
\xca\xff.\xde\x9c\xfe\x1f\xe2\x9d\x19\xd8E\xe2\xf7\x06I\
\x0e<*\xde\x8e=\x8c\x17\x08O\xb4\x9f=%\x93\xf1\
q;\x03\xb7y\xfb\xa9@EII\x17\x8c\xb6\xdb\x89\
\xbc\xf5\xf7T\x99\xbe+\xf78*>\x81\x93&\x18\xcd\
8\x9a\xc0Ku|\xb2\xe2^\xbd\xffsD\x5cp\x0f\
@}\xc3\xa0:\x97C`\x98\x1b\xa6\xe1@\xfe\xfdx\
\xacx\xe1\xed\x8br\xdc\xe3Y\xa9)\x0f\xcd\x02\x0eK\
i\xf0K\x09\xf5\xb3%\xa0\xd7\xf7>\xfd\xff:\xbe\xf6\
\x7f\x80\x9f#\xe2\x82{\x00\x81W^\x0f\xc1\xea\x22\xb1\
>2\xf6\xd9\xfd/p\xa4\xf8\xe7\xf0\xee\xd8/\x91\x7f\
\xb0\xc5\xfb\xe1^\xc8\xf6\xe7\xfaQ\xb5\xd5$\x80\x22g\
\xf9\xaa\x01\xc5\xa7P\xdd\xe4\xdf\xa5\xff\x7f\x00\x8f\xda#\
\xb7\xa4\xf0w\xa6y\x0ap\xd1W\x80\xe0K/4\x91\
x\xe4\x13\x8f8\xf6)\x7f\xe2c\x8f\x1dN\xf9y\x94\
\xfe\xe3\x007\xcc\xe71\xbfoG\xeb\xd3\xae<d'\
}\xfd\xe9d\xb0\xcb_s\xe0\x1a@\xb20\xfe\xfd\x9c\
\x09\xbb\xfb\x8a6\xddy@\xa4\x19\x19\xe8\xba+\x80h\
\x10\xa6\xc6yL$S\xdd\xe85<^k7\x06\xf6\
H1f\xbd\xce\xe0\x16\xdc\x0a/8\xd3\xb3\x81\x8f\xd8\
\x1df5\xefi\x0du%A\x01\xf3\xc4R\xad\xa3\xff\
tNKpJ\xbb\x9d\xe5\xaff@\xc3\x1a\x10\x1ao\
\x8c\x840f\x05m-\x01i\x9f=\xf5\x9do\xea?\
v\xb0\x7f(\xfd\xdb\xf8\xfe\xaf\x13(\x1d')\xe8\x95\
\xf7\x00xL\xba_8[\xda\x91-^a\x13X\xda\
c\x22/;\xfa\xfe\xb3\x8d\x9f\x8dd\x8b/o\x5c\x18\
DJ\x83+\xef):\xa1\xa8\xeea\xd1I\x15\x99\xe2\
\xca[;\x9b\xf7\x92\x22\x97G\x9f\xa4L\xdc\x12\xf4N\
Y\xaat\xc3\x0eV\x99\xa2\xd6\xe0\xb7n\x8c~\xc99\
G\xa3_|`\xf1L\xfa\xd6\xcb\xf3N\xa9\x93\x02\xae\
%\x0d\xfd\xe2k4\xb1\xa6\xbcH\x1b\xd6\x8d\xae\xbd_\
\xfd\x11~\xbcz\xff\x8bx\xf6zh\xf09w\xf89\
\x22.8\x01\xdchL\xde\xcc\x7f<mi1\x8d\xbb\
gH\xb7\x8f\xa5\xdcR\xbe\x7f|\xdc\x0b\xcbo\xb8R\
|\xf9\xf5\xc6\xccS\xb8\xdc\xd4\x9f\x9c\xf0\x99\x19\xa9\x08\
\xbfl\xe9\xe5c\x1b\xbf\x82\xdf\xe4\x1fZ\xfe-\xb1\xfe\
-\xdf\x81L\x90n\x82G\xc6\xaf\x9b\x9c\xcc\x7f\xef\xc0\
\xe5mr\xbc}p\x91\x1b>\xb7x\x91o\xd7\x15\xbd\
\xfe\xd0~\xc6#\xb5\x7f\xfbl\xf3EW?\xcd \xa1\
~D\xc7o\xf5;>)\xbei?\xc91\xd4\x1f\xfa\
\xdf\xd7?\xc4\xf7\xed\xff\x1b\xf8\xad\x7f\x84\xc7\x1d~\xfb\
\xa3\xb6\xf89\x22\xae7\x01\xecb\xc5?\xf9\xd0\xc3\x1e\
\xb2~\xf0@\x0f\x1f\xc8\x8e>\xe4\x09\x80\x19^lO\
\x1e\xd6-\x8c\xdf\xaeS\x9e\x94\xb3`h\xc3\xc36.\
V\xee\xd32\xdf\xe9\xb3\xe2\xc1=\xf2\xf4*\xd79\x22\
.\xb8\x07\x00\xa9\xf9?\x0a&\x051=\x10\xbe\x11^\
\x9c\x9a\xba``\xbe\x8a_\x87x\x89\x8ew\xa6\xfeJ\
\xaao\xbc\xe2\xe9\xdd\xef\x1fB\xf5\xfe\x0bo@-\x8c\
\x5c\xb1\xd2\x0c\x0ez\xc5\x09\xe0\x809\xee\x19\x83\xdc3\
\xa6\xb9\xef\xc37\x8e\xbf\xd0:\xf2\xfa\xb1\xde\x01\x9e\xbf\
\xe7\xa7\xebov\x12v\xed\xc7\xe4\xfe\xcdf}\xa3\xa6\
=f\xc2\xe3\xa6?\x966+\x1f3\xe4I}~M\
W\x07ht\xbb \x0c\xf5\x04\xa2\xef\xbe\x1e\x96g\xa5\
\x15\x15\xbbA\xecv:r\x19\xf7kn\x02^u\x02\
\x90\xfd4x\xb2\x8d\xfc\xc4\xff\xfc\xaf\xe0+=\x076\
\x0d\xe6}\xc4\x01>\xee|w,\xbf>\x0c*?g\
Lr\xb4\x92\xc7\xed\xd7\x8d\xcd\xbc\xa0\x06B\xa1x'\
b\x07\xcc9\x8d\xd5oT\x95\x1c\x007\x10\xe6\xfd\xce\
\x9d*4V\xbft2\xd2\x94\x0a\xe0\x06\xc2\xa8\xbe\xd6\
\xa6Zx\x02\xe8N9\xc0\x88\x91\xf1\xe0\xfe\xcf\x09\xe0\
\x92\xaf\x00\xee\x0b_\xde\xdc\xa7\xdd8\x03F\xbe\xfb2\
\x1d\xec}\xf93\x1e\x96\x97\xef1]r\x95c\x11z\
\x13\xb5\xed}\xe8c\x8fU\xcf\xcdt\xdd\xdc\xb7r\x11\
4z\xca1\x90\xdc@X\xdb\xdf\xc9\xb1\x93\x8f\xeaI\
\x01\x17\xeb;\xe2F\xc8\x0f\xfb3G\xc4\xf5&\x80@\
\x03p\xd6\xff\x1c\x00\xbe\xe4\xbf\xfei\xfc\x8a\x11\x8fg\
\xf0\xebN^2\xf4\x8e\xf2\xe2\x12\x5c\xfb\x8f9\x9b\x9c\
\x19M\xf2\x9b\xf4\xff\x0f\xe0\xd7\x01\xbe\xf2\x03\xcc\x11q\
\xc1\x15@\xfb2\x98q\xbc\xda=Z\x05\xef\xae;6\
\xaeF^:s\x1a#\xf9j\xcb\xc1f\xf1\xca\x87v\
\xc9\x83h=\xa9__g\x8e\xf5\xca\x1a\xf3\x17|T\
\x8e\x1a0\xad\xa8\xd1\x07\xce\xd6\xff\x85\xfb\xf7m\xf8>\
\xa4\x9a\xa5\xc9\xe4\xca\xf2\xe7\x88\xb8\xe01\xe0\x0d\x98\x1f\
\x1e>\x80\xce\x8dWO\xf3\xf5\x03b\x1a-\xfd\x11\xe5\
%\x07<q%\xb2o\xed\x00\x00\x11\x9eIDAT\
z=\xc0\x93.d\xc6\xf3Q\x22\xcb\x97\x88g\xfd\x95\
\xf4\x17\xc3\xe7\xa2x\x97S\x14\xad\x83\xfaE\xbe\xf6\xf5\
\xe7\x06\xff1h_\xc4\x0f\xda\xbf~\x11\x0f?\x8e_\
:\xfc\xb2\xc3\xcf=\x80\x8b\xae\x00\xaa-\xadSn\xf2\
\x13\xaf,N\x8b{/c\x06]\xb3\x10\xa6\x9d\xa9&\
\xe0g\xd8kS\xd7\xdb\xcc6\xc0\xc6\xba\xcb?WW\
n\x96\x061\x0a\x17\xa6\xb4\x8bl%\xd1\xbd\x9d\xd77\
\x87\xa5Bm\xd6\x98\xe9\xf79]\xee8t\xd8g\xf9\
\x8b\xdf\x92\x07\xf8\xb0GsD\x5c\xd3\x0e\xc0]\xc7\xdd\
CN\xfdh%\xb4\xafD\x07W\xdf:2\xa9\xd5%\
:\x00\x1b\x93\xfay\x14\x9b\xe8K\xf4\xed\x15u\xbbN\
\x06\xab\xfb\xc4W\x0f=;\xd4RG52<fF\
\xd1\xe8\x9en\x81\xbb\xe9]>\xa3\xb7\xcf\xdbK\xc4\x7f\
\xd5\xe3/\x89\xd9p\xa0\x02\x08E\xd5\xf5oHC\xed\
o=\xfc\x83\x8eQ$\xfc`sb\x0bE>\xa2.\
\xe8\xd2\xef\x22\xef\xfe\xbe\x87\xf8\xb9\x02\xb8\xde\x040\x8a\
/o~\xe3\x96f\x0by\xf4\xcd2\x1d\x96\xf4T\x0f\
\xf1\xe5\x93\xea9\xb7\xa6\xfa\xeb\x1f\x95?\xaeo\xcd\xad\
\x1cG\xed\x09\xf2\x9c\x0f\xcb\x1f\xd4\x8f^\x9e\x08\xad\x7f\
\xcb\x89\xf6\xb15}\xe64\xf5\x1e\x0a>\xd7\x7f\x974\
\x1d96i\xc0N_\x98N\xe7\x04pE;\x80\xe8\
3\x0e\xdd\xfe\xd1AZ\x9e(\xbd\xab}\x87o\x5c\xf1\
\xfb\xf2`\x90\x96\xef\xe0\x99\xfa\xa3m\xde\xae\xfe;v\
\xf5\xa3\xc7\x0b\xae\xfb]\xc1\xb5\xc7W\x00\x90\xf0d\xff\
\xe9\xc72n\x7fz\xb1\xfd\xdf\x8d\x17\x96\x83\xe8\xdf\xa8\
t'\x0d\xdeX\x02\xe6\x88\xb8\xe0&\xa0\x1d\x0b\x19S\
,\xd81Qe\x8e\x0d\xf9\xa9K\xc3\xbb\xe0\x11+s\
o\x87_\xaa>>\xac\x9fI\x81^\xaa\x1f\xe1]\xef\
\x1f\x16n\x9fv\xa9\xc7c\xd7~eZ\x9a#\xe2\xaa\
\xc7\x80\xbfg\x9f\xeb\xa0\x95\xa5\xee\xdd\xe1g\xf7\xef:\
\xc5\xfb\x82\xe7v\x0c\xd5\xfeV.\x1a\x15)\xe4`\xc2\
>\xe7P\x900u\x82t\xac:\x14l\x0b ,\x18\
\x9b\xf6\xa0\x8f\xfd\x8e\xe7\x1c\x11\x17\x5c\x01\xd4\xd54\xef\
\xfb\xb5\xe6\xfa\x81u\xc2\xfc\xcc;\xd2\xa9\xd6\x5c\xfe{\
\xf1\xbcq\xd8qYA \x06x\xb1~\xb1\xca\x1f\xd4\
\xef\xe6\xf9\xf2t\xc4\xc3\xf6\x0b\xc1^\xb0\xcf\x05\xb7\xcf\
\x05\xb6\xcf\x05\xb5\xcf\xa5_\xd3\x8e\xeb\x97y\x17\x1a\x03\
a\xda\x04\x09\x9c\xc2e\x01hi\x81\x8b\xd0\x02\xbb\xd5\
/\x1dy\x06\xb3c\x8e\xe5\xe2A\x97\x06\xfdW\xfb\xe6\
\xa6\xfd\xd5\x22c\x8e\x88\xebM\x00\xc1)\xae\x92\xecu\
\x81e[\xa74\xe5\x99\xd8\x0b\x83\xdf\xdaW\xf0b&\
;\xc2\xd3;\xbc\xbc\xd1\xebZ\xffY\xfd8\xa8\xff\x7f\
\xf6\xae\x1dG\x8e\x1c\x89\x0e\xa0\x05d\x08\x12\x84\x01v\
\x06\xd0b\xad\x01v\x8c\xb5I+.\xd26/@\x93\
F\xdf\xa1\x81\xf4\xe6\x16\xbaDY\xed\xce\x81\xb6\x18\x1f\
2\x82d\xfe\xba[Z\x09\xc9D7\xb22\x83\xc1_\
\x153\xc9`\xbc\x17B\x06N\xd6\xbc\xb1\xfe\xbd\xa0Z\
~\x0a;\xf5\xcf\xf4Z\xcc\xf6\xefoH\xd8\x9f\xa3r\
\xe4X\x1b\x18\x88\xc3W\x9a\x7f(\xa7\x1bF\xed\xc8\xdc\
\x07\xa2\x0chX\xbca\xd2,\xc8\xcaQ+gyI\
zCe0\x99cv\x0cNZ\xeb\xff\xc2\x8b2\xec\
\xff9\x22.j\x03\x807\xc4\x9f\xc3\x06\xee|t/\
,-6=P\x00\xb0\x03\xba\xbbu\xc9\xd1\x0a\x9b{\
\xe9@]\xcd\xe7\x18\xfdO\x84\xfd\x7f\xd5\xff\x1c\x11\x17\
\xf5\x03\xe0\xddvb\xc4t\xc2\xfbEa4}\x89,\
\xeb\x9d\xe2\x9b\xf2\x02&\xf3\xca\xc7\x14a\xaa\xa9\xda\xa8\
1\xb8g\xa1\xec\xc2\x978NO\xd1\xc3\x9e\xf5\xd1\xb1\
\x00\xcbZn<\xff\xa6\xd9\x08\xafb\x91\xf4K\xbd\xaa\
\xb6\xcb/\x9b\x03\x05\x1c\xdc\xd4\xbfV\xc6\xab}\x7f\xb6\
!x\xdf\xd3m\x913\x83\xec\xa3\x818\x10x\x9b\xb8\
)\x7f(Y\xa9\xff\xf7\xd2\x0f\x0bh}\x18\xf4\xdf\x1c\
\x11\x17\xdc\x06t2\xad6\xae\x80:t7\x8e\x19b\
\xf0\x04E\xb8]<\xf12\x8f\x17{\xdae8,\xcd\
\xd1\xb5_ E\xd0A\x02P\xb9\xed\x8d\x01\x8a>\xdf\
n\xd6y=\x82\x90\x8e\x86\xd0@y\xb5\xb3\x7f\xf5O\
\x84\xde;\xb0Bw\xc3\x18\xda\xcb\xd5\x88\x11\xd6B\x8b\
Kyhd\x0b\x09\x0e\x10v\xae;\xed\x1f#\xfc|\
[\xfd\xe2y\xa5\xe5\xb5\xfb\x95\x7f\xe7\x1c\x11\xd7|\x00\
\x14\xfb\x97\x17\xc6\x080\xc8\xfb\xfc[\xc15h,\x03\
\x84\x88&\x8a\xdf/\x92OxMT\xab\x86  \xa1\
\xa80\xef\x8f\xec\xd1bo\x1b\x10\xdd\xa2i;\xde\x8c\
\xc1\xd0Z\xafeYK\xd3{sOo\x13D\xad\x0f\
\xd0s\x00\xd3\xb1\x845\x9by\x8e\xc2\xa5\xbd\x94\x1b\x03\
\xfbJ\xfdm\x8a\x1d\x96\xdfo\xa3\xcf<\xabV\xbfV\
_\x1eys\x09p\xd9%\x80\xdb\xc7\xbcW\xac<\x9b\
\x98\x83r0\x1b\xe9\xa1s\xff7\xe4\x06\x18\xdd'f\
\xab\xba\xe0X?\xafs\x1f\x18,}\x5c\x86\x9c\x03\xe8\
H\xe3\x17\xf8\x81\xb9\x13t}\x89\xfad\x97;a\xce\
\x00.\xf9\x00\xa8\xb0p?\xc6\x97\xb3\xad\xb8\x08\xa0&\
\xe4\xb0\xf3\xe7\xf4UB\x0bK\x7f#}D-\x18}\
\x09\x86!\xc0w\xa2\xcc8R>Ml\xfa\xf2Q?\
|\x9b\xfa\xbf\xa1>\xfa,\x0f\xf4\x978\xd6\x9f\xdb\x80\
\x97\xdc\x064[\x5c\xfe\xe0u\x0b-\xf9\xf6\xfa:\xee\
o%\xb6/\xf2\xb2[\x1fbe\xbf\xe4\xf7u(l\
\x98\xb0Y>\xc0\xf9\xfa\x87\x00?j\xff\xc1J{\x08\
5i\xf4\x19-9G\xc4\x05\xb7\x01\x1f\xee?\x80\xcc\
\x17\x8f<\xfa\x0f\xde#\x0f\xfd\x03\xf1\xcb\xf3\xb5\xaf\xd7\
\xce3O\xbd\x91\xa3~\xe6\xf1\x7f\x9d\xfev\xf9\x89\xf5\
\xa1\xe8C\xd5\x8f\xa9\xe8\x83\xe8/$\xbf\xbf\xae9?\
\x08\xb6|h\xca_j\xf9\x00\x07\xeb\x8f\xeca\x87\xea\
\xff\xda\xf6\x1f\xd5\xbf\x0f\xfb\xc7\xb0l\xd4\x1fJ\xfb\xb3\
#\x12\xe9\x07x\x9ch\xc0k\xda\x00v\x80\xf0'\x9c\
t\xc3\xe9\x0c\xfa\xa0^K\xd8q\xd4\x8d\xe1(^\x7f\
P\x9f&Q\xb3W\xa0\x14\xceuF%/\xb2l\x06\
\xe2\x19\xec\xea\xc7*\xb27\xe9FM\xaah\x15@%\
\xb5\xb9\x96K\xe5 L\xad\xd2V\xce\x8d>i\xb6F\
\xe6\x0c\xe0\xaaF@\x0e\xb19\xc2\x97\xfbc\xf8s_\
H\xb7\x0d\xfe\xdcf\xda@\xf3\xd5>\xbd\x84\xa86\xd0\
|\xefJ\xcc\xaf\x9a\x88\x1e\x00\xa3\xf2\xdd\xc1\xfa\xd7\xf2\
\xf1\xf7_k9\xe4\x0f\xd0\xa4\x05k\xed\x07\xda}\xf0\
\x01\xb2\xbd\x0d\x88\x92;wG\xb6!\xdc\xe7\xdb\xf9c\
\x86\x12\x13U/\xf2\x09`RW\x93\xfaQR\xcc\xae\
&\xf5\x9c+HRt\x10\x96\x5c\xd1\x0f8\xd4E\x89\
\x9e\xee\x97\xae\xcc\xaa\xba\x7f\x9b\xfe\x9b#\xe2r\x0f\x00\
\x83\xe3GCY\xd8\xc2\x8d\x9f\xc2\xcds\xc8\xee\x11N\
\x7f\xc0#\x00:\xbfH8\xff\x18\xde\x1e'?\xe0\x09\
\x08i3}\xcb{\xe0z\x9e\x01\xe2\x15X\xeeY\xdd\
\x90\xbb\xf4>\xb7\xce\xcb\xea\x5c\xff<T\xe5\x0e=\x12\
2\xc5\xa0$\xc5\xce\xcarN\xeauR\x0c@\x94\xf3\
\xc9S\xf5\xfb\x9d[p\xac\x0c%\xa9\xe3r\xa8\xff\xfa\
\xef\x8bw\x00\x909a\xb7\x7f\xe6\x88\xb8\xe0\x03\xc0#\
\x03}1\x0a\xe7\x1f#[\xf73l\x85\x89\xa4\x8d\xd1\
\xb8\xc8\xf1N\x0c\x9d\x9cIu\xd1\x00\x0f\x8a\xcd\x96\xae\
\xc0\x17W_J\xbd\x90\xc9:\xd6\xfc\xd1\xba\xe7=\xb2\
\x8f\xf8A\xf9\x8e\x8c\xf0\x8d\xc0\x8f\xd8s\xa1\x93C\xc7\
\xae\xebaK\x0e\xe2\x9e,\x5c\xc4\xbd\xfeF\xf9}\xfe\
g\xe5\xb0\x93?\xec\x97oI\x9fW\xf5\xa7\x0d\xe0z\
\x0f\x00\x18F\xe7f\xe70\x5cWr4o\x22\x09\x0c\
 \xe1\xb9\x8b\x92Yr\xd2\x8c\x13\xc0 tA\x16\xb5\
\x0d\xf7\xa0\xf9\xdc\xe0T\xa1V \x0d\xcd\x02\x95\xe5o\
\xb4\xd6\xb7NLg\xa0\xceC+\x04\x94\x1e\x08\x09V\
M\x0a?\x15C`\xe5OT_\xca\x1c\x11W;4\
\x1f@\xf3{\xd7\x9ex\x0b\xcd4\x81\xacf\xcc\x95\x1d\
\xa0$\xa8c];\x00\x96\xa7\xc2\x12:\xd3\xd4)\x0b\
\x1b8\xd8\xb0\xfa\x95G\xc1\xe0Vy\x92,\xad\xbd/\
\xf6M\xednX\x83#f*\xf9\x05\xe83\xfdI\x1f\
\x00\xb5\xd7\x9e\xe7\x80\xb8\xda\xf1\xdbv\x14\xbf\x9b\x8a\x92\
W\x00B\xae\xda\xc6*\xc4\xb6\xe8C\xaf/\xd1\xf0v\
\xa2\xfe\xad\x97\xaf\xa3\xfa\x95\xfc\x1a\xc2{\xc24\xb1?\
\x80\xd4\xa7\xea\xb7Q\x02\x85W\xd8\xf3dgX~\x5c\
\xc0D%\xac\xc4\xfa\xe8\x0bh\x02\x1al\xd7\xff`{\
\xdfR?\xd7\xee\x9c\xbe\x7f7\x07\xc4\xd5\x8e\xcf\x1c\x1f\
\xfe\x89\xe3\xcb?\x99k\xd7\x5c\xff\x1f\xe5I\xc9\xefK\
\x10\x91\xc7N?\x9d\xcc\x1f\xca5\xfc\xc8\xed?/\x0f\
\xa9\xc8c4r\x80\xb1\xfe\xd7\x7f\xcf\x01q5\x1b\xc0\
g\x8b\x81\x8f\xdf\x17\x7f\x1e\x87q\xebW\xf1\xf7\xa1\xc4\
\xb9/\xe7t\x8a3 S\x0f\xac\xd6'o\xa3\xbd\x96\
\xff\xe0G\xfaW\xf5Z\x82\x96\xc5\xb4\xa2\xf3\xf5\xf79\
\x22\xaev\xfcZPs1\xc1y_\xa0\xd7\xd1\x08\xf6\
\xc5\xa1\xc1\x8f\xbdS`\xcf\x8d\xc7\x98\x19\x06\x15\x81\x08\
\xbb\x19\xac6%,G[A)\xfb\xc2~\x1c\xd2D\
\xb5\xca\x8f\x16\xc6\x18\xb5!\x00\xe0\xf3\x1c\x10W\x9b\x01\
|zf>X\x8aT\x0b\x1a\x15W\xf6\xbe\x15\x03\x85\
\xb7\xde\xe6\x1c\xa1\x97p(\xbcD\x1e\xa5\x1f\xeb\x17T\
\x9a\x17t\x1f\xa8\xc8\xba!\x1d(\xbf\xe8'\xe8\xeeW\
\xba\xff\xb1>\xe8\xf2\xd9\xba\x10\x05\xfd\xa7}#v\xca\
Gb=H}\xbd\xce\xd4\x7ft\xff\xac>yQ\xe1\
w\xc2\xe9%\xd0\x8a0\x80p8\x04\xd1\x07\x012\xd0\
\x86\xef\xf3\x879\x22\xaeg\x05,\xfc\x16\x05\x1aV_\
\xcf\xde\xf2N\xf8b\x0a\x93K\xf0\x95p\x9e \xb6^\
\xbft\xbc\xe6\x0d\x19\xe9\x0b\xc6'&h\xcb'dN\
W\xbez}\xe9\xe4\x82\xef\xb3\xd1/}\xb1\x19\xd6\xf2\
\xd5\xe5\x124F\x86\x9c\x11\xda\x02\x9d-P\xe7\xd7\x97\
O\x8eSV\xbf\xed?+m\xcbw/\xd0\xa7\xf0M\
\xc0\xce\x15\xa6\xc2\x1c\xac\xa9\xd8-\xbd\xb7_G\xfd\xfe\
r\xdc\xa6?~y?\x07\xc4\xd5\x8e\x7f\xc1\x0a\xd6\x1e\
\xe2\x183NX\xf8\x11\x06\xfd\x16\xab>0\xdf&\xa4\
6\x7f\xa4\xa5U\x98\xfd\xec\x06\x84\xfc\x1d\xe3x\xf6-\
v\x1d\xe7\x05'\xb1\xf1)\x18\x8c\x7f\x92\xb7<\x11\x94\
\xf0\xecG\xca\xe3\xb7\xbfi/\x18\x8e\x81\x98`\x8dK\
\x80\xb9\x12\xc0\xf3\xbeI\xc9\xaf\xb4\xa3\xdc\xd7\xf2\xdaN\
\xb9o\xd3)\xb9\xeb\xe5\xd94\x92\xeb\xe4\xe16\xe8?\
Uo\xd8\xe9\xa7i\x02\xb8\xe0\xf1!\xbb\x96B\xf1\x10\
\xcb\xbf\x85E\x9c\x81\xcbI\xf0\xe4\xf4;\x12<\xfc\x08\
\xbfN3o^@xN]\xf5\x91Y\xa8\xc6\xab(\
\xa1kL\xf9\xaa`'\xa6\xb9\xfa\xfe\x16\x01\xac\x95\xef\
j\xfc\x0f\xd7\xf0\x01P\xfdL\xfe\xe2\x1d\xac\xf5\x93\x91\
g\x93$E&$\xc0D\xa9\xf1\x88?\x00\xc8\x11\x12\
y\xc1oB\xd4\x9d\xc9\xbe\x89)\x1c\x19\xbc\x91)<\
1!8\xb1\x80#\xd9\xf7\x8d)\xc4I@\xbc\xe0\x99\
\xe3\xa8&UL\xe1Y\x90g0\xc9\x13\x1fp\x84q\
\xff\xf5\xdf\x9f\xeb\xdb\xcf\x1e\x90s\x05p\xd15\x00\x08\
!\xa6\xc2\xddW\xaah\xa1\x06\x14\xaf\xfd\xba>P8\
zP\xfa\xd1\xea\x8b\x85\xe9\xfe)A]\x22tT\xdb\
>5\xd7\x1c\xcd\xaf\xae'\x8c\x1c\x92k\xea[V\xc8\
\x90\xfa\xf4\x00]y\xaa\xfeQ\xd5_\x1a`\xe4\x91\xe3\
\x10*\xfe\xc1%4\xf9\x15}\xc2\xe5\xd1\xc4\xc1\x17\xa4\
\x1e\xf7_\xc1\xee\x91\xd0\x97\xa8\x1e\x1c\xde\xa8\xc4\xf9 \
a\x91\xbb\xa2\x0fF\x0e]\xf9k\xfdk\xfb#\xf9\xb6\
\xff\xfe\x9a\x83\xe1\x92\x9e\x00 \xa1\xf1*\xd8\xcd\x17\x84\
\x18\xc5\xc5 c\x11\xc6\xa0\x90\xd9\xb3\x0c1_C\xcb\
\xad\xe8\x13\xc7(\xc6\xc8\x88 \xf2b\x89\xd2J[\xfa\
]R\x88|\x13\xca\x94\xbe@\x10\xa3\xd5\x97y\x89\xd6\
\x17\x8be\x05\xfb\x0d\xca\xafq3<\xc7\x06\x96U\x03\
\x062\xce\xe3\xefH\xfd7\x9a\xfa\xad\xf4\x83\xf0\x95\xad\
\xe9\xb3\xb9\xb3\xf6\xdf\xc3\xdc\x04\xbc\xe6>\xc0\xfb\xdf\xf6\
\xf7\xaf\x80\xb7\x8bz\xd0\xc0\xa1\xdd\xc0\xe2H\xff\xc2\xad\
,\xf2\xbb\xd5E;X'\x17]\xd9'l\x5c\x81+\
'\xeez\xc5\xe2\xb2W\xe7\x10~\x86\x00j\xdb_\x8f\
H?~\x9a\xa3\xe1\x92O\x80\xcf8\xbfmbu)\
\x90\xb8k?\xd6I\xa4\xd6\xea\xf5a[\xdf\xb0\xd46\
\xfa4\xd36\xfaB\xe7\x85\xafxq\xdfm\xf5qi\
\xed5\xfe=\xe9\xf2\xab3//Z\xbc\xf0\x07\x0f\xdb\
O\xbc\xa6\x9b\xf5\x87\xc6\x13\xfaD\xffm\xb5\xffm\xf5\
\xd9\x12\xeb|C\xe8n\xf4\xa7\x13\xc0U\x8fO\x7f\x00\
\xed\xd7I\xb4\x08\xef\x0dN\xbf\xfc\x8e\xd4^\xb4,\xcf\
;\x1c\xbf\xd6\xcfx\xf6\x0d}F\x0d[\x5c\xba\xe8\x1b\
\x5c;\x0d^\xcdS\x10@\xa7\xe7\xfd:\x0f\xba|\xa2\
\x12\x00S>B\x9d\xf5F\xb8\xc1\xfd{\xa8\x11\xb3\x5c\
W\xfe\xa0\xfe\xb5>\xa9\xa9\xefI\xfd.\xfd\x8b\xf5a\
\xa8\xaf,\x02\x19b\x0d\xbd>\xf8\x8fs$\x5c\xf5\xf8\
\xc7\xdf\x14\xfc&\xd6\x17\xa6\xc4\x07\xb1\x88\x11?\x8a;\
Q\xe3\xcd8\xa5O/P\xb7\xa9_\x01i\x0a\xd8\xb3\
\x80u\x04\xd8._\x08\xef\x8bY\xab\xa6Q\xaf\xefr\
\xaa\xeb\x00\xdfG\xd1 |\x907N\x83\x07\xda\xaf^\
\xaa~\x9c\xf1\x01\xfdzz\xa5\xbe\xe9\xbf\x02ebK\
\xaco;\xa6\xda{!\xcd\x09\xc0u\x8f\xff\x10\xa1W\
\xac\xef\x0aO\xb1\x81\xca\xbbg\xfd\x0c\xf8\xe2,\xd7\xa2\
\xbf\xab\xb7r\xe6w;\xef\xb7\x0f\xe4\xb0~\x0dp\xb2\
\xbc&}\xa6\xdfbg:^p\x9c\xcb\x8f\x1c\x18\xe1\
U\xed\x7f\xf9\x19\xba\xfe\xcbDcJ\xbe\x90\xcb\x81\xd1\
K\xc5\x14\xfae\x0e\x83\x0b\x9b\x01~\xe3}%o-\
C+qh`\xc5\x96\xa4\xdd\x08+\x85w\xa7\xdc\x05\
\xd5\x89a\xe8\xf7\xa6\xb7\xb8\x0e\xf1\x8e\xb6\xfa\xab\xf5\x07\
\x1b0\xc7\xf8\xfd\xb1q\x10\xd4\xfc\x01\x0e\xd2\x9f\xa2\xff\
\x80\xc67\xf8s\x86\xbb\xa3\xf5_\x07\xf8\xf7\xfa\x0a\x06\
\x10z\xac\x87H\x1f\xe0\xafi\x01\xbc\xf2\xf1\xe1\x19,\
\x8e|\x84\x1b\xe7\xfb>\x8cq\xfd\xcc\x09B\xdb\x82\xe8\
\xde'\xf9Y\xdc9Z\xf4ST\xfa4'\xad\xbb\xf9\
-\xae]]\xf3K\xad-\x1f4OA'\xc7\xa5F\
\xbd.\xac\xa2t\xdf\xeaC\xaf\x1f\x1a\x1e\x04\x1aL\x83\
\xf2\xd8\xb0\x08z\xf1\xf2B\x1e\x80c\xd7\x85\x17\x01\xbd\
\x0a\x98\xfd\x93\x1c\x0f*oA\xac\xdf\x9f\x03\x80Q~\
\x00\x1f\xa7\x0f\xd0\xc5\x9f\x00OP\xf1\xe1\xf7\x91\x5c\xf0\
\xe5\x8f\x88\x1f\xa7k\xc6\x97\x875|:\x0c\xf0\xe9\x8f\
H\xf5\xa7\xf1\xeb\xe1.\x87^?\xa6!\xbe\xfd\xf1\x10\
\xbe\x1f\x92\x91\x03\xd8\xfa\x87\x9b\xd6\xcf\x0f\x80V?\xac\
\xe5\xff\xc8\xed]\xc2Z\xf9\xb7\xd0\xd7/\x04\xe1\x17x\
\xcc|\x03\xb9<\xc8\xd7P\xeb\x07\xc2?\x00\xea\x1a\xa4\
>\x8f\xf4}\x88\xbe\xc8]#\x0f\xd2\x9f\xb6\xfd!\xa8\
\xfa\xc3\xb8\xff\x82\xe6\x07\x98\xe3\xff\xf2\xc7\xaf\x0f^<\
G\xd8UV|E\xbdCWzu\xbdvv\xeb\xf7\
\xc9\xcfm[\x1f\xdc\xb9\xfb\xfa\xcc\x9e\xf2|\x8d\xc1\xc1\
\xf6\xeb\xa5\xce\x0bl\xd7\x1fg\x06\x1e\x19\xb9[y\x08\
}9\xcc\x8a\x9c\xc8*\x9a\x02\xba!\x91+\xaf\xbf\x89\
+ov\x10F\xf9}\xba\x94\xe5 ^\xbf\xd9\x8d\xc7\
QR|\x83\xe74\x0b\xe7\xb1\xa0<\x0bs\xd2\xbc\xac\
G\x8e\x04\xd8\xab\x7f{?\xb3\x0e\x97\xeb9\xfe\xe7\xf1\
\xcb\x87\xbf\xbe>z\xf6\x1b\x97?\xd9D*\xd7\xf5V\
(N\xf6:\xfdX\xdfQ\xd4^\xfa\xf9\x8e\xe5]\xfe\
V\x1e\xe2N\xfen_~\xbbY9\xac\xea\xc3Z\xfe\
\x99ND5a\x09{\xe5\x83\xfak\xdb\x07\xabr\xe8\
\xe5n,?\xd3\xfe\x15\xf9\x93\x9f\xe3\x7f\x1e\xd9!\xf0\
\xd3\x1f'\xc8=x\xb7\x89\x09t\x8dMlH\xcd\xa1\
\x82\xdb4\xcevq\xcc\xb1\xd10x\x06\x9d/S\x13\
\x0fc\x08\x99\xaa\x18NOk\xf1\xab\xe6\xb0\xbe\x06\x90\
`#\xb4\xd0Q\xf7\xc7\x9f\xc3\x15\xf0\x01\xe0\xdd\x1c\xff\
\xf3\xc8O\x80\xf7\x7f>5f\xf7\xd6\x0a\xed[+?\
\xff\xaed\xf3\xb9\xe2\x02\xc6V|\x1b\xbc\x1e={\x8c\
#\xae\x0f\xd1\x10\xf3zg\x9c\x12\xc4\x80E\x9e,l\
\xb8\x8b\x8a\x89\xc7{\xb3\x0fn]y\x15\x91\xa8\xd9\xe5\
P5\xf0vw\x1c\x03\x80\xaf\xd7_\xf7\x0f=*\xfc\
\x8e\x15\xff{\xca\x95{F\xf9N\x0c\x9bA\xbe~\x02\
\x08_&\x07\xc0<\xcaf\x80\xff\xaa0\xe3\x19\xdf\x7f\
*\x0e}\x8b\xadO\xb0\xa9\x97Z\x0e\x00\xf4E\xea\xf3\
\xe91\xfb*\xdfP\xb1\xfe\x14\xc2Da\xf5G\x1c\x03\
\x1d&\x1e\xceq\x0b\xac\x9c\x13\xb87\xc9\xe7\xcd\xce\x96\
\xd3@\xb77\x94~\x8d1\xbe\xfb<I@\xe6Q\x8f\
/\xcf\xf1\xab\xb8\xf6\xfa\xdbR\xe3\xc73c\x00\x85\xf6\
qM\x84\x99BOs_g\xbb\xa1\xbc\xf9\xb0\xa6o\
N\x09N\xeaC\xa1\x15r6\x22N\xd5\xcf\xd6\xb5U\
}\xc4D\xbc\xac\xfe\xc2\xa8\xe0\xde\xb0\xfd/\xd1Oa\
_?\x15\xfc\x7f|7\x01\x80\xf3h\x8e\xff>\xfb\xf8\
\x95\x18\x82\xb3\xe5\x8c\xa2Vah,\x8a\x15v\x7fo\
\x88E\xa9\xfa\xad\xfb\x1b\x9b\xc5\xa2\x97\x1f^\xd1/\xd7\
\x9e\xaf7\xf4\xcb5\xea\xc3I}\xd0\xfaI\xcaO:\
}\xdc\xd2\xc7\xd8d\xc7\xea\x0f\xe3\xfaG\x8e\xaa\xf66\
\xed\x7f\x81>4\xfa\xb1\xd1\x8f\x88\x03F\x06\xe0\xc7\xc7\
\x8f\xbf\xcf\x97\xff<\x06\x0b\x81?\xd3\x12\x9f\xc0?\xde\
\x17\x8b\x0fO\x09r<\xfa\x87\xa7\xfbgsv\x833\
@\xb9\x8e\x1b\xe9\xee?\xc1F/\x8e\xf3\xeb\xcb\xcb/\
\xe9\xf5\xf2\x8d\x1e\xd8\xf3\xb0\x1e\xb6\x5cl\xaf\x5c\x87e\
\xd8.:\xa3{\xcd\xa0\xfd\xe9^\x1e\xda&7\xcb\xfd\
&\xe7ay\xd9?\xa0\xa9\x9f\x83{;\xef-\x7f\xfe\
\xe7\x87\xf7s\xf6?\x8f\x95\xe3\xf3\xff&\xa5&v\xba\
\xc2\x0cm\xfc\xd8\x0c\xdb\x82U3\xd4sg`\xabb\
m0\xc7\xac\xe0\xfaQ\x16\xa4\x9a\x99\x9a\xd9T`W\
if\x8a|\xa8%\xf8D\xc0I6\xc4\xd9\x8fm\xcc\
\x0c\xdd\xfd\x90\x9b\xbdp\xe8GZ4\x07\xbf\x02\xcc\x0c\
\xcbA\xa1\xc8\xfaag\xfb\xc0\x5cJ\xc0~J\xdd\x8f\
\xa2\xdf\x06-P\x91\x16u\xa2\xecY\xb2\xe9?}Z\
M\x8a\x05\xb4\xf2w\xe8f\x7f\x00\xa5#\xa4\xc2c\xe6\
\xf4\x97\x00\x00\x00\x00IEND\xaeB`\x82\
"

qt_resource_name = b"\
\x00\x05\
\x00o\xa6S\
\x00i\
\x00c\x00o\x00n\x00s\
\x00\x08\
\x0aaB\x7f\
\x00i\
\x00c\x00o\x00n\x00.\x00i\x00c\x00o\
\x00\x0e\
\x09\x1a\x00\x07\
\x00e\
\x00x\x00c\x00e\x00l\x00_\x00l\x00o\x00g\x00o\x00.\x00p\x00n\x00g\
"

qt_resource_struct = b"\
\x00\x00\x00\x00\x00\x02\x00\x00\x00\x01\x00\x00\x00\x01\
\x00\x00\x00\x00\x00\x00\x00\x00\
\x00\x00\x00\x00\x00\x02\x00\x00\x00\x02\x00\x00\x00\x02\
\x00\x00\x00\x00\x00\x00\x00\x00\
\x00\x00\x00&\x00\x00\x00\x00\x00\x01\x00\x01[\xe5\
\x00\x00\x01\x8e\xb6\x90\x89\x98\
\x00\x00\x00\x10\x00\x01\x00\x00\x00\x01\x00\x00\x00\x00\
\x00\x00\x01\x8e\xb6\x90\x89\x99\
"

def qInitResources():
    QtCore.qRegisterResourceData(0x03, qt_resource_struct, qt_resource_name, qt_resource_data)

def qCleanupResources():
    QtCore.qUnregisterResourceData(0x03, qt_resource_struct, qt_resource_name, qt_resource_data)

qInitResources()
